<?xml version="1.0" encoding="UTF-8"?>
<analyseAlto>
<metad><titre>Le Gaulois</titre><dateEdition>06.07.1869</dateEdition><nbPage>4</nbPage><suppl>FALSE</suppl></metad><contenus><nbArticle>58</nbArticle><largeur>446</largeur><hauteur>628</hauteur><page><nbMot>5035</nbMot><blocTexte>35</blocTexte><blocTab>0</blocTab><blocPub>3</blocPub><blocIllustration>0</blocIllustration></page><page><nbMot>5862</nbMot><blocTexte>27</blocTexte><blocTab>0</blocTab><blocPub>0</blocPub><blocIllustration>0</blocIllustration></page><page><nbMot>6074</nbMot><blocTexte>42</blocTexte><blocTab>0</blocTab><blocPub>2</blocPub><blocIllustration>0</blocIllustration></page><page><nbMot>4172</nbMot><blocTexte>65</blocTexte><blocTab>0</blocTab><blocPub>12</blocPub><blocIllustration>0</blocIllustration></page></contenus></analyseAlto>
