<?xml version="1.0" encoding="UTF-8"?>
<analyseAlto>
<metad><titre>Le Gaulois</titre><dateEdition>04.01.1870</dateEdition><nbPage>4</nbPage><suppl>FALSE</suppl></metad><contenus><nbArticle>60</nbArticle><largeur>454</largeur><hauteur>617</hauteur><page><nbMot>4853</nbMot><blocTexte>58</blocTexte><blocTab>0</blocTab><blocPub>2</blocPub><blocIllustration>0</blocIllustration></page><page><nbMot>5884</nbMot><blocTexte>47</blocTexte><blocTab>0</blocTab><blocPub>0</blocPub><blocIllustration>0</blocIllustration></page><page><nbMot>6454</nbMot><blocTexte>38</blocTexte><blocTab>0</blocTab><blocPub>0</blocPub><blocIllustration>0</blocIllustration></page><page><nbMot>4850</nbMot><blocTexte>58</blocTexte><blocTab>0</blocTab><blocPub>12</blocPub><blocIllustration>0</blocIllustration></page></contenus></analyseAlto>
