<?xml version="1.0" encoding="UTF-8"?>
<analyseAlto>
<metad><titre>Le Gaulois</titre><dateEdition>31.05.1871</dateEdition><nbPage>2</nbPage><suppl>FALSE</suppl></metad><contenus><nbArticle>50</nbArticle><largeur>448</largeur><hauteur>621</hauteur><page><nbMot>5535</nbMot><blocTexte>57</blocTexte><blocTab>0</blocTab><blocPub>2</blocPub><blocIllustration>0</blocIllustration></page><page><nbMot>5896</nbMot><blocTexte>40</blocTexte><blocTab>0</blocTab><blocPub>1</blocPub><blocIllustration>0</blocIllustration></page></contenus></analyseAlto>
