<?xml version="1.0" encoding="UTF-8"?>
<analyseAlto>
<metad><titre>Le Gaulois</titre><dateEdition>21.03.1881</dateEdition><nbPage>4</nbPage><suppl>FALSE</suppl></metad><contenus><nbArticle>81</nbArticle><largeur>454</largeur><hauteur>619</hauteur><page><nbMot>5312</nbMot><blocTexte>41</blocTexte><blocTab>0</blocTab><blocPub>4</blocPub><blocIllustration>0</blocIllustration></page><page><nbMot>6010</nbMot><blocTexte>33</blocTexte><blocTab>0</blocTab><blocPub>0</blocPub><blocIllustration>0</blocIllustration></page><page><nbMot>6369</nbMot><blocTexte>53</blocTexte><blocTab>0</blocTab><blocPub>5</blocPub><blocIllustration>1</blocIllustration></page><page><nbMot>5013</nbMot><blocTexte>24</blocTexte><blocTab>0</blocTab><blocPub>5</blocPub><blocIllustration>0</blocIllustration></page></contenus></analyseAlto>
