<?xml version="1.0" encoding="UTF-8"?>
<analyseAlto>
<metad><titre>Le Gaulois</titre><dateEdition>04.12.1885</dateEdition><nbPage>4</nbPage><suppl>FALSE</suppl></metad><contenus><nbArticle>90</nbArticle><largeur>433</largeur><hauteur>618</hauteur><page><nbMot>5076</nbMot><blocTexte>54</blocTexte><blocTab>0</blocTab><blocPub>3</blocPub><blocIllustration>0</blocIllustration></page><page><nbMot>6489</nbMot><blocTexte>38</blocTexte><blocTab>0</blocTab><blocPub>0</blocPub><blocIllustration>0</blocIllustration></page><page><nbMot>5594</nbMot><blocTexte>64</blocTexte><blocTab>0</blocTab><blocPub>13</blocPub><blocIllustration>0</blocIllustration></page><page><nbMot>5279</nbMot><blocTexte>34</blocTexte><blocTab>2</blocTab><blocPub>15</blocPub><blocIllustration>0</blocIllustration></page></contenus></analyseAlto>
