<?xml version="1.0" encoding="UTF-8"?>
<analyseAlto>
<metad><titre>Le Gaulois</titre><dateEdition>12.12.1885</dateEdition><nbPage>4</nbPage><suppl>FALSE</suppl></metad><contenus><nbArticle>92</nbArticle><largeur>434</largeur><hauteur>616</hauteur><page><nbMot>5057</nbMot><blocTexte>58</blocTexte><blocTab>0</blocTab><blocPub>3</blocPub><blocIllustration>0</blocIllustration></page><page><nbMot>6248</nbMot><blocTexte>35</blocTexte><blocTab>0</blocTab><blocPub>0</blocPub><blocIllustration>0</blocIllustration></page><page><nbMot>5838</nbMot><blocTexte>64</blocTexte><blocTab>2</blocTab><blocPub>11</blocPub><blocIllustration>0</blocIllustration></page><page><nbMot>6395</nbMot><blocTexte>46</blocTexte><blocTab>3</blocTab><blocPub>23</blocPub><blocIllustration>0</blocIllustration></page></contenus></analyseAlto>
