<?xml version="1.0" encoding="UTF-8"?>
<analyseAlto>
<metad><titre>Le Gaulois</titre><dateEdition>10.12.1885</dateEdition><nbPage>4</nbPage><suppl>FALSE</suppl></metad><contenus><nbArticle>80</nbArticle><largeur>432</largeur><hauteur>616</hauteur><page><nbMot>5268</nbMot><blocTexte>56</blocTexte><blocTab>0</blocTab><blocPub>4</blocPub><blocIllustration>0</blocIllustration></page><page><nbMot>6219</nbMot><blocTexte>28</blocTexte><blocTab>0</blocTab><blocPub>0</blocPub><blocIllustration>0</blocIllustration></page><page><nbMot>5974</nbMot><blocTexte>49</blocTexte><blocTab>0</blocTab><blocPub>8</blocPub><blocIllustration>0</blocIllustration></page><page><nbMot>6163</nbMot><blocTexte>52</blocTexte><blocTab>1</blocTab><blocPub>17</blocPub><blocIllustration>0</blocIllustration></page></contenus></analyseAlto>
