<?xml version="1.0" encoding="UTF-8"?>
<analyseAlto>
<metad><titre>Le Gaulois</titre><dateEdition>15.12.1885</dateEdition><nbPage>4</nbPage><suppl>FALSE</suppl></metad><contenus><nbArticle>77</nbArticle><largeur>436</largeur><hauteur>619</hauteur><page><nbMot>4890</nbMot><blocTexte>70</blocTexte><blocTab>0</blocTab><blocPub>2</blocPub><blocIllustration>0</blocIllustration></page><page><nbMot>6008</nbMot><blocTexte>41</blocTexte><blocTab>0</blocTab><blocPub>1</blocPub><blocIllustration>0</blocIllustration></page><page><nbMot>5768</nbMot><blocTexte>54</blocTexte><blocTab>0</blocTab><blocPub>1</blocPub><blocIllustration>0</blocIllustration></page><page><nbMot>5115</nbMot><blocTexte>38</blocTexte><blocTab>1</blocTab><blocPub>15</blocPub><blocIllustration>1</blocIllustration></page></contenus></analyseAlto>
