<?xml version="1.0" encoding="UTF-8"?>
<analyseAlto>
<metad><titre>Le Gaulois</titre><dateEdition>02.11.1885</dateEdition><nbPage>4</nbPage><suppl>FALSE</suppl></metad><contenus><nbArticle>66</nbArticle><largeur>432</largeur><hauteur>617</hauteur><page><nbMot>5170</nbMot><blocTexte>46</blocTexte><blocTab>0</blocTab><blocPub>5</blocPub><blocIllustration>0</blocIllustration></page><page><nbMot>5856</nbMot><blocTexte>28</blocTexte><blocTab>0</blocTab><blocPub>0</blocPub><blocIllustration>0</blocIllustration></page><page><nbMot>5953</nbMot><blocTexte>46</blocTexte><blocTab>0</blocTab><blocPub>3</blocPub><blocIllustration>0</blocIllustration></page><page><nbMot>5741</nbMot><blocTexte>47</blocTexte><blocTab>6</blocTab><blocPub>20</blocPub><blocIllustration>0</blocIllustration></page></contenus></analyseAlto>
