<?xml version="1.0" encoding="UTF-8"?>
<analyseAlto>
<metad><titre>Le Gaulois</titre><dateEdition>29.12.1885</dateEdition><nbPage>4</nbPage><suppl>FALSE</suppl></metad><contenus><nbArticle>64</nbArticle><largeur>435</largeur><hauteur>616</hauteur><page><nbMot>5609</nbMot><blocTexte>31</blocTexte><blocTab>0</blocTab><blocPub>2</blocPub><blocIllustration>0</blocIllustration></page><page><nbMot>5664</nbMot><blocTexte>48</blocTexte><blocTab>0</blocTab><blocPub>0</blocPub><blocIllustration>0</blocIllustration></page><page><nbMot>4744</nbMot><blocTexte>43</blocTexte><blocTab>1</blocTab><blocPub>11</blocPub><blocIllustration>0</blocIllustration></page><page><nbMot>2556</nbMot><blocTexte>16</blocTexte><blocTab>4</blocTab><blocPub>13</blocPub><blocIllustration>2</blocIllustration></page></contenus></analyseAlto>
