<?xml version="1.0" encoding="UTF-8"?>
<analyseAlto>
<metad><titre>Le Gaulois</titre><dateEdition>01.11.1885</dateEdition><nbPage>4</nbPage><suppl>FALSE</suppl></metad><contenus><nbArticle>76</nbArticle><largeur>437</largeur><hauteur>618</hauteur><page><nbMot>5071</nbMot><blocTexte>64</blocTexte><blocTab>0</blocTab><blocPub>2</blocPub><blocIllustration>0</blocIllustration></page><page><nbMot>6268</nbMot><blocTexte>33</blocTexte><blocTab>0</blocTab><blocPub>0</blocPub><blocIllustration>0</blocIllustration></page><page><nbMot>5818</nbMot><blocTexte>46</blocTexte><blocTab>0</blocTab><blocPub>5</blocPub><blocIllustration>0</blocIllustration></page><page><nbMot>6361</nbMot><blocTexte>43</blocTexte><blocTab>1</blocTab><blocPub>13</blocPub><blocIllustration>0</blocIllustration></page></contenus></analyseAlto>
