<?xml version="1.0" encoding="UTF-8"?>
<analyseAlto>
<metad><titre>Le Gaulois</titre><dateEdition>27.09.1886</dateEdition><nbPage>4</nbPage><suppl>FALSE</suppl></metad><contenus><nbArticle>72</nbArticle><largeur>436</largeur><hauteur>619</hauteur><page><nbMot>5179</nbMot><blocTexte>50</blocTexte><blocTab>0</blocTab><blocPub>2</blocPub><blocIllustration>0</blocIllustration></page><page><nbMot>6251</nbMot><blocTexte>36</blocTexte><blocTab>0</blocTab><blocPub>1</blocPub><blocIllustration>0</blocIllustration></page><page><nbMot>6030</nbMot><blocTexte>37</blocTexte><blocTab>0</blocTab><blocPub>2</blocPub><blocIllustration>0</blocIllustration></page><page><nbMot>5543</nbMot><blocTexte>60</blocTexte><blocTab>4</blocTab><blocPub>14</blocPub><blocIllustration>2</blocIllustration></page></contenus></analyseAlto>
