<?xml version="1.0" encoding="UTF-8"?>
<analyseAlto>
<metad><titre>Le Gaulois</titre><dateEdition>22.02.1886</dateEdition><nbPage>4</nbPage><suppl>FALSE</suppl></metad><contenus><nbArticle>84</nbArticle><largeur>437</largeur><hauteur>617</hauteur><page><nbMot>5648</nbMot><blocTexte>44</blocTexte><blocTab>0</blocTab><blocPub>2</blocPub><blocIllustration>0</blocIllustration></page><page><nbMot>6310</nbMot><blocTexte>41</blocTexte><blocTab>1</blocTab><blocPub>0</blocPub><blocIllustration>0</blocIllustration></page><page><nbMot>6173</nbMot><blocTexte>55</blocTexte><blocTab>0</blocTab><blocPub>9</blocPub><blocIllustration>0</blocIllustration></page><page><nbMot>5489</nbMot><blocTexte>54</blocTexte><blocTab>5</blocTab><blocPub>11</blocPub><blocIllustration>1</blocIllustration></page></contenus></analyseAlto>
