<?xml version="1.0" encoding="UTF-8"?>
<analyseAlto>
<metad><titre>Le Gaulois</titre><dateEdition>09.08.1886</dateEdition><nbPage>4</nbPage><suppl>FALSE</suppl></metad><contenus><nbArticle>61</nbArticle><largeur>441</largeur><hauteur>620</hauteur><page><nbMot>5411</nbMot><blocTexte>52</blocTexte><blocTab>0</blocTab><blocPub>2</blocPub><blocIllustration>0</blocIllustration></page><page><nbMot>5463</nbMot><blocTexte>26</blocTexte><blocTab>0</blocTab><blocPub>0</blocPub><blocIllustration>0</blocIllustration></page><page><nbMot>5978</nbMot><blocTexte>44</blocTexte><blocTab>0</blocTab><blocPub>3</blocPub><blocIllustration>0</blocIllustration></page><page><nbMot>4277</nbMot><blocTexte>44</blocTexte><blocTab>4</blocTab><blocPub>24</blocPub><blocIllustration>3</blocIllustration></page></contenus></analyseAlto>
