<?xml version="1.0" encoding="UTF-8"?>
<analyseAlto>
<metad><titre>Le Gaulois</titre><dateEdition>29.11.1886</dateEdition><nbPage>4</nbPage><suppl>FALSE</suppl></metad><contenus><nbArticle>72</nbArticle><largeur>441</largeur><hauteur>617</hauteur><page><nbMot>5431</nbMot><blocTexte>32</blocTexte><blocTab>0</blocTab><blocPub>2</blocPub><blocIllustration>0</blocIllustration></page><page><nbMot>6065</nbMot><blocTexte>49</blocTexte><blocTab>0</blocTab><blocPub>0</blocPub><blocIllustration>0</blocIllustration></page><page><nbMot>6090</nbMot><blocTexte>50</blocTexte><blocTab>0</blocTab><blocPub>2</blocPub><blocIllustration>0</blocIllustration></page><page><nbMot>4745</nbMot><blocTexte>41</blocTexte><blocTab>5</blocTab><blocPub>13</blocPub><blocIllustration>2</blocIllustration></page></contenus></analyseAlto>
