<?xml version="1.0" encoding="UTF-8"?>
<analyseAlto>
<metad><titre>Le Gaulois</titre><dateEdition>11.04.1886</dateEdition><nbPage>4</nbPage><suppl>FALSE</suppl></metad><contenus><nbArticle>63</nbArticle><largeur>436</largeur><hauteur>617</hauteur><page><nbMot>5487</nbMot><blocTexte>52</blocTexte><blocTab>0</blocTab><blocPub>2</blocPub><blocIllustration>0</blocIllustration></page><page><nbMot>6592</nbMot><blocTexte>36</blocTexte><blocTab>0</blocTab><blocPub>0</blocPub><blocIllustration>0</blocIllustration></page><page><nbMot>5792</nbMot><blocTexte>60</blocTexte><blocTab>0</blocTab><blocPub>6</blocPub><blocIllustration>0</blocIllustration></page><page><nbMot>3862</nbMot><blocTexte>11</blocTexte><blocTab>1</blocTab><blocPub>9</blocPub><blocIllustration>0</blocIllustration></page></contenus></analyseAlto>
