<?xml version="1.0" encoding="UTF-8"?>
<analyseAlto>
<metad><titre>Le Gaulois</titre><dateEdition>21.08.1887</dateEdition><nbPage>4</nbPage><suppl>FALSE</suppl></metad><contenus><nbArticle>82</nbArticle><largeur>450</largeur><hauteur>628</hauteur><page><nbMot>5900</nbMot><blocTexte>65</blocTexte><blocTab>0</blocTab><blocPub>2</blocPub><blocIllustration>0</blocIllustration></page><page><nbMot>7064</nbMot><blocTexte>39</blocTexte><blocTab>0</blocTab><blocPub>0</blocPub><blocIllustration>0</blocIllustration></page><page><nbMot>6720</nbMot><blocTexte>39</blocTexte><blocTab>0</blocTab><blocPub>1</blocPub><blocIllustration>0</blocIllustration></page><page><nbMot>6333</nbMot><blocTexte>47</blocTexte><blocTab>2</blocTab><blocPub>7</blocPub><blocIllustration>1</blocIllustration></page></contenus></analyseAlto>
