<?xml version="1.0" encoding="UTF-8"?>
<analyseAlto>
<metad><titre>Le Gaulois</titre><dateEdition>17.04.1887</dateEdition><nbPage>4</nbPage><suppl>FALSE</suppl></metad><contenus><nbArticle>64</nbArticle><largeur>450</largeur><hauteur>630</hauteur><page><nbMot>5592</nbMot><blocTexte>65</blocTexte><blocTab>0</blocTab><blocPub>3</blocPub><blocIllustration>0</blocIllustration></page><page><nbMot>6784</nbMot><blocTexte>42</blocTexte><blocTab>0</blocTab><blocPub>1</blocPub><blocIllustration>0</blocIllustration></page><page><nbMot>6414</nbMot><blocTexte>56</blocTexte><blocTab>0</blocTab><blocPub>7</blocPub><blocIllustration>0</blocIllustration></page><page><nbMot>6521</nbMot><blocTexte>42</blocTexte><blocTab>1</blocTab><blocPub>17</blocPub><blocIllustration>0</blocIllustration></page></contenus></analyseAlto>
