<?xml version="1.0" encoding="UTF-8"?>
<analyseAlto>
<metad><titre>Le Gaulois</titre><dateEdition>04.02.1887</dateEdition><nbPage>4</nbPage><suppl>FALSE</suppl></metad><contenus><nbArticle>81</nbArticle><largeur>447</largeur><hauteur>625</hauteur><page><nbMot>5347</nbMot><blocTexte>35</blocTexte><blocTab>0</blocTab><blocPub>2</blocPub><blocIllustration>0</blocIllustration></page><page><nbMot>5986</nbMot><blocTexte>51</blocTexte><blocTab>0</blocTab><blocPub>0</blocPub><blocIllustration>0</blocIllustration></page><page><nbMot>5788</nbMot><blocTexte>49</blocTexte><blocTab>0</blocTab><blocPub>3</blocPub><blocIllustration>0</blocIllustration></page><page><nbMot>6523</nbMot><blocTexte>44</blocTexte><blocTab>2</blocTab><blocPub>18</blocPub><blocIllustration>0</blocIllustration></page></contenus></analyseAlto>
