<?xml version="1.0" encoding="UTF-8"?>
<analyseAlto>
<metad><titre>Le Gaulois</titre><dateEdition>27.08.1887</dateEdition><nbPage>4</nbPage><suppl>FALSE</suppl></metad><contenus><nbArticle>92</nbArticle><largeur>447</largeur><hauteur>630</hauteur><page><nbMot>3468</nbMot><blocTexte>25</blocTexte><blocTab>0</blocTab><blocPub>2</blocPub><blocIllustration>2</blocIllustration></page><page><nbMot>5899</nbMot><blocTexte>44</blocTexte><blocTab>0</blocTab><blocPub>0</blocPub><blocIllustration>0</blocIllustration></page><page><nbMot>6149</nbMot><blocTexte>42</blocTexte><blocTab>0</blocTab><blocPub>3</blocPub><blocIllustration>0</blocIllustration></page><page><nbMot>5183</nbMot><blocTexte>47</blocTexte><blocTab>1</blocTab><blocPub>6</blocPub><blocIllustration>0</blocIllustration></page></contenus></analyseAlto>
