<?xml version="1.0" encoding="UTF-8"?>
<analyseAlto>
<metad><titre>Le Gaulois</titre><dateEdition>30.01.1888</dateEdition><nbPage>4</nbPage><suppl>FALSE</suppl></metad><contenus><nbArticle>108</nbArticle><largeur>446</largeur><hauteur>649</hauteur><page><nbMot>5737</nbMot><blocTexte>68</blocTexte><blocTab>0</blocTab><blocPub>2</blocPub><blocIllustration>0</blocIllustration></page><page><nbMot>6973</nbMot><blocTexte>63</blocTexte><blocTab>0</blocTab><blocPub>0</blocPub><blocIllustration>0</blocIllustration></page><page><nbMot>6345</nbMot><blocTexte>70</blocTexte><blocTab>0</blocTab><blocPub>3</blocPub><blocIllustration>0</blocIllustration></page><page><nbMot>5261</nbMot><blocTexte>52</blocTexte><blocTab>1</blocTab><blocPub>11</blocPub><blocIllustration>3</blocIllustration></page></contenus></analyseAlto>
