<?xml version="1.0" encoding="UTF-8"?>
<analyseAlto>
<metad><titre>Le Gaulois</titre><dateEdition>20.01.1888</dateEdition><nbPage>4</nbPage><suppl>FALSE</suppl></metad><contenus><nbArticle>113</nbArticle><largeur>441</largeur><hauteur>645</hauteur><page><nbMot>5535</nbMot><blocTexte>67</blocTexte><blocTab>0</blocTab><blocPub>2</blocPub><blocIllustration>2</blocIllustration></page><page><nbMot>6972</nbMot><blocTexte>46</blocTexte><blocTab>0</blocTab><blocPub>0</blocPub><blocIllustration>0</blocIllustration></page><page><nbMot>6528</nbMot><blocTexte>49</blocTexte><blocTab>0</blocTab><blocPub>3</blocPub><blocIllustration>0</blocIllustration></page><page><nbMot>6675</nbMot><blocTexte>44</blocTexte><blocTab>3</blocTab><blocPub>4</blocPub><blocIllustration>0</blocIllustration></page></contenus></analyseAlto>
