<?xml version="1.0" encoding="UTF-8"?>
<analyseAlto>
<metad><titre>Le Gaulois</titre><dateEdition>16.08.1890</dateEdition><nbPage>4</nbPage><suppl>FALSE</suppl></metad><contenus><nbArticle>73</nbArticle><largeur>443</largeur><hauteur>640</hauteur><page><nbMot>6035</nbMot><blocTexte>47</blocTexte><blocTab>0</blocTab><blocPub>2</blocPub><blocIllustration>0</blocIllustration></page><page><nbMot>6593</nbMot><blocTexte>33</blocTexte><blocTab>0</blocTab><blocPub>0</blocPub><blocIllustration>0</blocIllustration></page><page><nbMot>6496</nbMot><blocTexte>40</blocTexte><blocTab>0</blocTab><blocPub>3</blocPub><blocIllustration>0</blocIllustration></page><page><nbMot>5099</nbMot><blocTexte>43</blocTexte><blocTab>0</blocTab><blocPub>8</blocPub><blocIllustration>2</blocIllustration></page></contenus></analyseAlto>
