<?xml version="1.0" encoding="UTF-8"?>
<analyseAlto>
<metad><titre>Le Gaulois</titre><dateEdition>17.12.1890</dateEdition><nbPage>4</nbPage><suppl>FALSE</suppl></metad><contenus><nbArticle>56</nbArticle><largeur>445</largeur><hauteur>639</hauteur><page><nbMot>6232</nbMot><blocTexte>47</blocTexte><blocTab>0</blocTab><blocPub>2</blocPub><blocIllustration>0</blocIllustration></page><page><nbMot>7169</nbMot><blocTexte>17</blocTexte><blocTab>0</blocTab><blocPub>0</blocPub><blocIllustration>0</blocIllustration></page><page><nbMot>6638</nbMot><blocTexte>56</blocTexte><blocTab>0</blocTab><blocPub>8</blocPub><blocIllustration>0</blocIllustration></page><page><nbMot>5289</nbMot><blocTexte>16</blocTexte><blocTab>1</blocTab><blocPub>13</blocPub><blocIllustration>2</blocIllustration></page></contenus></analyseAlto>
