<?xml version="1.0" encoding="UTF-8"?>
<analyseAlto>
<metad><titre>Le Gaulois</titre><dateEdition>16.09.1891</dateEdition><nbPage>4</nbPage><suppl>FALSE</suppl></metad><contenus><nbArticle>73</nbArticle><largeur>440</largeur><hauteur>642</hauteur><page><nbMot>5344</nbMot><blocTexte>69</blocTexte><blocTab>0</blocTab><blocPub>2</blocPub><blocIllustration>0</blocIllustration></page><page><nbMot>6978</nbMot><blocTexte>47</blocTexte><blocTab>0</blocTab><blocPub>0</blocPub><blocIllustration>0</blocIllustration></page><page><nbMot>6732</nbMot><blocTexte>52</blocTexte><blocTab>0</blocTab><blocPub>4</blocPub><blocIllustration>0</blocIllustration></page><page><nbMot>6334</nbMot><blocTexte>23</blocTexte><blocTab>1</blocTab><blocPub>3</blocPub><blocIllustration>1</blocIllustration></page></contenus></analyseAlto>
