<?xml version="1.0" encoding="UTF-8"?>
<analyseAlto>
<metad><titre>Le Gaulois</titre><dateEdition>20.10.1891</dateEdition><nbPage>4</nbPage><suppl>FALSE</suppl></metad><contenus><nbArticle>89</nbArticle><largeur>440</largeur><hauteur>636</hauteur><page><nbMot>6022</nbMot><blocTexte>51</blocTexte><blocTab>0</blocTab><blocPub>2</blocPub><blocIllustration>0</blocIllustration></page><page><nbMot>6604</nbMot><blocTexte>38</blocTexte><blocTab>0</blocTab><blocPub>1</blocPub><blocIllustration>0</blocIllustration></page><page><nbMot>6734</nbMot><blocTexte>47</blocTexte><blocTab>0</blocTab><blocPub>1</blocPub><blocIllustration>0</blocIllustration></page><page><nbMot>6524</nbMot><blocTexte>44</blocTexte><blocTab>4</blocTab><blocPub>10</blocPub><blocIllustration>0</blocIllustration></page></contenus></analyseAlto>
