<?xml version="1.0" encoding="UTF-8"?>
<analyseAlto>
<metad><titre>Le Gaulois</titre><dateEdition>21.07.1891</dateEdition><nbPage>4</nbPage><suppl>FALSE</suppl></metad><contenus><nbArticle>81</nbArticle><largeur>439</largeur><hauteur>642</hauteur><page><nbMot>5997</nbMot><blocTexte>51</blocTexte><blocTab>0</blocTab><blocPub>2</blocPub><blocIllustration>0</blocIllustration></page><page><nbMot>6627</nbMot><blocTexte>33</blocTexte><blocTab>0</blocTab><blocPub>0</blocPub><blocIllustration>0</blocIllustration></page><page><nbMot>6492</nbMot><blocTexte>42</blocTexte><blocTab>0</blocTab><blocPub>2</blocPub><blocIllustration>0</blocIllustration></page><page><nbMot>7046</nbMot><blocTexte>45</blocTexte><blocTab>1</blocTab><blocPub>8</blocPub><blocIllustration>0</blocIllustration></page></contenus></analyseAlto>
