<?xml version="1.0" encoding="UTF-8"?>
<analyseAlto>
<metad><titre>Le Gaulois</titre><dateEdition>13.09.1891</dateEdition><nbPage>4</nbPage><suppl>FALSE</suppl></metad><contenus><nbArticle>59</nbArticle><largeur>440</largeur><hauteur>637</hauteur><page><nbMot>6144</nbMot><blocTexte>48</blocTexte><blocTab>0</blocTab><blocPub>2</blocPub><blocIllustration>0</blocIllustration></page><page><nbMot>6952</nbMot><blocTexte>35</blocTexte><blocTab>0</blocTab><blocPub>0</blocPub><blocIllustration>0</blocIllustration></page><page><nbMot>6440</nbMot><blocTexte>50</blocTexte><blocTab>1</blocTab><blocPub>4</blocPub><blocIllustration>0</blocIllustration></page><page><nbMot>6163</nbMot><blocTexte>23</blocTexte><blocTab>2</blocTab><blocPub>9</blocPub><blocIllustration>0</blocIllustration></page></contenus></analyseAlto>
