<?xml version="1.0" encoding="UTF-8"?>
<analyseAlto>
<metad><titre>Le Gaulois</titre><dateEdition>28.07.1891</dateEdition><nbPage>4</nbPage><suppl>FALSE</suppl></metad><contenus><nbArticle>68</nbArticle><largeur>438</largeur><hauteur>643</hauteur><page><nbMot>5983</nbMot><blocTexte>48</blocTexte><blocTab>0</blocTab><blocPub>2</blocPub><blocIllustration>0</blocIllustration></page><page><nbMot>7070</nbMot><blocTexte>27</blocTexte><blocTab>0</blocTab><blocPub>0</blocPub><blocIllustration>0</blocIllustration></page><page><nbMot>6755</nbMot><blocTexte>35</blocTexte><blocTab>0</blocTab><blocPub>2</blocPub><blocIllustration>0</blocIllustration></page><page><nbMot>6933</nbMot><blocTexte>43</blocTexte><blocTab>1</blocTab><blocPub>6</blocPub><blocIllustration>0</blocIllustration></page></contenus></analyseAlto>
