<?xml version="1.0" encoding="UTF-8"?>
<analyseAlto>
<metad><titre>Le Gaulois</titre><dateEdition>08.11.1891</dateEdition><nbPage>4</nbPage><suppl>FALSE</suppl></metad><contenus><nbArticle>69</nbArticle><largeur>439</largeur><hauteur>636</hauteur><page><nbMot>5728</nbMot><blocTexte>53</blocTexte><blocTab>0</blocTab><blocPub>2</blocPub><blocIllustration>0</blocIllustration></page><page><nbMot>6858</nbMot><blocTexte>45</blocTexte><blocTab>0</blocTab><blocPub>0</blocPub><blocIllustration>0</blocIllustration></page><page><nbMot>6949</nbMot><blocTexte>44</blocTexte><blocTab>2</blocTab><blocPub>3</blocPub><blocIllustration>0</blocIllustration></page><page><nbMot>2878</nbMot><blocTexte>20</blocTexte><blocTab>0</blocTab><blocPub>8</blocPub><blocIllustration>0</blocIllustration></page></contenus></analyseAlto>
