<?xml version="1.0" encoding="UTF-8"?>
<analyseAlto>
<metad><titre>Le Gaulois</titre><dateEdition>08.08.1891</dateEdition><nbPage>4</nbPage><suppl>FALSE</suppl></metad><contenus><nbArticle>90</nbArticle><largeur>440</largeur><hauteur>637</hauteur><page><nbMot>5610</nbMot><blocTexte>52</blocTexte><blocTab>0</blocTab><blocPub>2</blocPub><blocIllustration>0</blocIllustration></page><page><nbMot>7084</nbMot><blocTexte>29</blocTexte><blocTab>0</blocTab><blocPub>0</blocPub><blocIllustration>0</blocIllustration></page><page><nbMot>6693</nbMot><blocTexte>50</blocTexte><blocTab>0</blocTab><blocPub>4</blocPub><blocIllustration>0</blocIllustration></page><page><nbMot>6484</nbMot><blocTexte>37</blocTexte><blocTab>1</blocTab><blocPub>7</blocPub><blocIllustration>0</blocIllustration></page></contenus></analyseAlto>
