<?xml version="1.0" encoding="UTF-8"?>
<analyseAlto>
<metad><titre>Le Gaulois</titre><dateEdition>06.10.1891</dateEdition><nbPage>4</nbPage><suppl>FALSE</suppl></metad><contenus><nbArticle>81</nbArticle><largeur>442</largeur><hauteur>637</hauteur><page><nbMot>5863</nbMot><blocTexte>48</blocTexte><blocTab>0</blocTab><blocPub>2</blocPub><blocIllustration>0</blocIllustration></page><page><nbMot>6811</nbMot><blocTexte>46</blocTexte><blocTab>0</blocTab><blocPub>0</blocPub><blocIllustration>0</blocIllustration></page><page><nbMot>6668</nbMot><blocTexte>44</blocTexte><blocTab>0</blocTab><blocPub>6</blocPub><blocIllustration>0</blocIllustration></page><page><nbMot>7307</nbMot><blocTexte>42</blocTexte><blocTab>4</blocTab><blocPub>9</blocPub><blocIllustration>0</blocIllustration></page></contenus></analyseAlto>
