<?xml version="1.0" encoding="UTF-8"?>
<analyseAlto>
<metad><titre>Le Gaulois</titre><dateEdition>09.09.1891</dateEdition><nbPage>4</nbPage><suppl>FALSE</suppl></metad><contenus><nbArticle>94</nbArticle><largeur>441</largeur><hauteur>637</hauteur><page><nbMot>5827</nbMot><blocTexte>48</blocTexte><blocTab>0</blocTab><blocPub>2</blocPub><blocIllustration>0</blocIllustration></page><page><nbMot>6774</nbMot><blocTexte>30</blocTexte><blocTab>0</blocTab><blocPub>0</blocPub><blocIllustration>0</blocIllustration></page><page><nbMot>6388</nbMot><blocTexte>46</blocTexte><blocTab>0</blocTab><blocPub>4</blocPub><blocIllustration>0</blocIllustration></page><page><nbMot>6545</nbMot><blocTexte>39</blocTexte><blocTab>1</blocTab><blocPub>4</blocPub><blocIllustration>1</blocIllustration></page></contenus></analyseAlto>
