<?xml version="1.0" encoding="UTF-8"?>
<analyseAlto>
<metad><titre>Le Gaulois</titre><dateEdition>26.09.1891</dateEdition><nbPage>4</nbPage><suppl>FALSE</suppl></metad><contenus><nbArticle>77</nbArticle><largeur>441</largeur><hauteur>638</hauteur><page><nbMot>6049</nbMot><blocTexte>50</blocTexte><blocTab>0</blocTab><blocPub>3</blocPub><blocIllustration>2</blocIllustration></page><page><nbMot>6794</nbMot><blocTexte>35</blocTexte><blocTab>0</blocTab><blocPub>0</blocPub><blocIllustration>0</blocIllustration></page><page><nbMot>6467</nbMot><blocTexte>43</blocTexte><blocTab>0</blocTab><blocPub>4</blocPub><blocIllustration>0</blocIllustration></page><page><nbMot>7040</nbMot><blocTexte>51</blocTexte><blocTab>4</blocTab><blocPub>11</blocPub><blocIllustration>0</blocIllustration></page></contenus></analyseAlto>
