<?xml version="1.0" encoding="UTF-8"?>
<analyseAlto>
<metad><titre>Le Gaulois</titre><dateEdition>28.10.1891</dateEdition><nbPage>4</nbPage><suppl>FALSE</suppl></metad><contenus><nbArticle>66</nbArticle><largeur>441</largeur><hauteur>638</hauteur><page><nbMot>6060</nbMot><blocTexte>60</blocTexte><blocTab>0</blocTab><blocPub>2</blocPub><blocIllustration>0</blocIllustration></page><page><nbMot>6855</nbMot><blocTexte>38</blocTexte><blocTab>0</blocTab><blocPub>1</blocPub><blocIllustration>0</blocIllustration></page><page><nbMot>6740</nbMot><blocTexte>45</blocTexte><blocTab>0</blocTab><blocPub>6</blocPub><blocIllustration>0</blocIllustration></page><page><nbMot>7629</nbMot><blocTexte>42</blocTexte><blocTab>1</blocTab><blocPub>8</blocPub><blocIllustration>0</blocIllustration></page></contenus></analyseAlto>
