<?xml version="1.0" encoding="UTF-8"?>
<analyseAlto>
<metad><titre>Le Gaulois</titre><dateEdition>05.10.1891</dateEdition><nbPage>4</nbPage><suppl>FALSE</suppl></metad><contenus><nbArticle>68</nbArticle><largeur>441</largeur><hauteur>636</hauteur><page><nbMot>6037</nbMot><blocTexte>50</blocTexte><blocTab>0</blocTab><blocPub>2</blocPub><blocIllustration>0</blocIllustration></page><page><nbMot>6491</nbMot><blocTexte>36</blocTexte><blocTab>0</blocTab><blocPub>0</blocPub><blocIllustration>0</blocIllustration></page><page><nbMot>6739</nbMot><blocTexte>48</blocTexte><blocTab>0</blocTab><blocPub>5</blocPub><blocIllustration>0</blocIllustration></page><page><nbMot>5406</nbMot><blocTexte>27</blocTexte><blocTab>0</blocTab><blocPub>7</blocPub><blocIllustration>0</blocIllustration></page></contenus></analyseAlto>
