<?xml version="1.0" encoding="UTF-8"?>
<analyseAlto>
<metad><titre>Le Gaulois</titre><dateEdition>16.07.1891</dateEdition><nbPage>4</nbPage><suppl>FALSE</suppl></metad><contenus><nbArticle>79</nbArticle><largeur>445</largeur><hauteur>640</hauteur><page><nbMot>5778</nbMot><blocTexte>55</blocTexte><blocTab>0</blocTab><blocPub>2</blocPub><blocIllustration>0</blocIllustration></page><page><nbMot>7001</nbMot><blocTexte>30</blocTexte><blocTab>0</blocTab><blocPub>1</blocPub><blocIllustration>0</blocIllustration></page><page><nbMot>6224</nbMot><blocTexte>41</blocTexte><blocTab>0</blocTab><blocPub>3</blocPub><blocIllustration>0</blocIllustration></page><page><nbMot>7284</nbMot><blocTexte>38</blocTexte><blocTab>1</blocTab><blocPub>8</blocPub><blocIllustration>0</blocIllustration></page></contenus></analyseAlto>
