<?xml version="1.0" encoding="UTF-8"?>
<analyseAlto>
<metad><titre>Le Gaulois</titre><dateEdition>17.12.1891</dateEdition><nbPage>4</nbPage><suppl>FALSE</suppl></metad><contenus><nbArticle>70</nbArticle><largeur>443</largeur><hauteur>639</hauteur><page><nbMot>5927</nbMot><blocTexte>53</blocTexte><blocTab>0</blocTab><blocPub>2</blocPub><blocIllustration>0</blocIllustration></page><page><nbMot>6626</nbMot><blocTexte>44</blocTexte><blocTab>0</blocTab><blocPub>1</blocPub><blocIllustration>0</blocIllustration></page><page><nbMot>8161</nbMot><blocTexte>41</blocTexte><blocTab>1</blocTab><blocPub>7</blocPub><blocIllustration>0</blocIllustration></page><page><nbMot>5493</nbMot><blocTexte>33</blocTexte><blocTab>2</blocTab><blocPub>7</blocPub><blocIllustration>2</blocIllustration></page></contenus></analyseAlto>
