<?xml version="1.0" encoding="UTF-8"?>
<analyseAlto>
<metad><titre>Le Gaulois</titre><dateEdition>09.12.1891</dateEdition><nbPage>4</nbPage><suppl>FALSE</suppl></metad><contenus><nbArticle>81</nbArticle><largeur>434</largeur><hauteur>638</hauteur><page><nbMot>5872</nbMot><blocTexte>44</blocTexte><blocTab>0</blocTab><blocPub>2</blocPub><blocIllustration>0</blocIllustration></page><page><nbMot>6902</nbMot><blocTexte>38</blocTexte><blocTab>0</blocTab><blocPub>0</blocPub><blocIllustration>0</blocIllustration></page><page><nbMot>6790</nbMot><blocTexte>50</blocTexte><blocTab>0</blocTab><blocPub>4</blocPub><blocIllustration>0</blocIllustration></page><page><nbMot>6899</nbMot><blocTexte>42</blocTexte><blocTab>1</blocTab><blocPub>11</blocPub><blocIllustration>1</blocIllustration></page></contenus></analyseAlto>
