<?xml version="1.0" encoding="UTF-8"?>
<analyseAlto>
<metad><titre>Le Gaulois</titre><dateEdition>20.03.1892</dateEdition><nbPage>4</nbPage><suppl>FALSE</suppl></metad><contenus><nbArticle>60</nbArticle><largeur>439</largeur><hauteur>639</hauteur><page><nbMot>5676</nbMot><blocTexte>48</blocTexte><blocTab>0</blocTab><blocPub>2</blocPub><blocIllustration>0</blocIllustration></page><page><nbMot>6656</nbMot><blocTexte>36</blocTexte><blocTab>0</blocTab><blocPub>1</blocPub><blocIllustration>0</blocIllustration></page><page><nbMot>6401</nbMot><blocTexte>54</blocTexte><blocTab>0</blocTab><blocPub>7</blocPub><blocIllustration>0</blocIllustration></page><page><nbMot>7505</nbMot><blocTexte>23</blocTexte><blocTab>2</blocTab><blocPub>14</blocPub><blocIllustration>0</blocIllustration></page></contenus></analyseAlto>
