<?xml version="1.0" encoding="UTF-8"?>
<analyseAlto>
<metad><titre>Le Gaulois</titre><dateEdition>24.01.1892</dateEdition><nbPage>4</nbPage><suppl>FALSE</suppl></metad><contenus><nbArticle>50</nbArticle><largeur>434</largeur><hauteur>643</hauteur><page><nbMot>5634</nbMot><blocTexte>55</blocTexte><blocTab>0</blocTab><blocPub>3</blocPub><blocIllustration>0</blocIllustration></page><page><nbMot>6604</nbMot><blocTexte>44</blocTexte><blocTab>0</blocTab><blocPub>0</blocPub><blocIllustration>0</blocIllustration></page><page><nbMot>7483</nbMot><blocTexte>43</blocTexte><blocTab>1</blocTab><blocPub>4</blocPub><blocIllustration>0</blocIllustration></page><page><nbMot>4774</nbMot><blocTexte>15</blocTexte><blocTab>1</blocTab><blocPub>13</blocPub><blocIllustration>0</blocIllustration></page></contenus></analyseAlto>
