<?xml version="1.0" encoding="UTF-8"?>
<analyseAlto>
<metad><titre>Le Gaulois</titre><dateEdition>07.01.1892</dateEdition><nbPage>4</nbPage><suppl>FALSE</suppl></metad><contenus><nbArticle>66</nbArticle><largeur>441</largeur><hauteur>639</hauteur><page><nbMot>5913</nbMot><blocTexte>53</blocTexte><blocTab>0</blocTab><blocPub>2</blocPub><blocIllustration>0</blocIllustration></page><page><nbMot>6928</nbMot><blocTexte>43</blocTexte><blocTab>0</blocTab><blocPub>0</blocPub><blocIllustration>0</blocIllustration></page><page><nbMot>7042</nbMot><blocTexte>41</blocTexte><blocTab>1</blocTab><blocPub>3</blocPub><blocIllustration>0</blocIllustration></page><page><nbMot>6563</nbMot><blocTexte>41</blocTexte><blocTab>0</blocTab><blocPub>2</blocPub><blocIllustration>0</blocIllustration></page></contenus></analyseAlto>
