<?xml version="1.0" encoding="UTF-8"?>
<analyseAlto>
<metad><titre>Le Gaulois</titre><dateEdition>04.03.1892</dateEdition><nbPage>4</nbPage><suppl>FALSE</suppl></metad><contenus><nbArticle>70</nbArticle><largeur>433</largeur><hauteur>640</hauteur><page><nbMot>6013</nbMot><blocTexte>56</blocTexte><blocTab>0</blocTab><blocPub>2</blocPub><blocIllustration>0</blocIllustration></page><page><nbMot>7131</nbMot><blocTexte>32</blocTexte><blocTab>0</blocTab><blocPub>0</blocPub><blocIllustration>0</blocIllustration></page><page><nbMot>6152</nbMot><blocTexte>47</blocTexte><blocTab>0</blocTab><blocPub>2</blocPub><blocIllustration>0</blocIllustration></page><page><nbMot>7518</nbMot><blocTexte>37</blocTexte><blocTab>1</blocTab><blocPub>6</blocPub><blocIllustration>0</blocIllustration></page></contenus></analyseAlto>
