<?xml version="1.0" encoding="UTF-8"?>
<analyseAlto>
<metad><titre>Le Gaulois</titre><dateEdition>02.02.1892</dateEdition><nbPage>4</nbPage><suppl>FALSE</suppl></metad><contenus><nbArticle>78</nbArticle><largeur>435</largeur><hauteur>640</hauteur><page><nbMot>6166</nbMot><blocTexte>51</blocTexte><blocTab>1</blocTab><blocPub>2</blocPub><blocIllustration>0</blocIllustration></page><page><nbMot>6633</nbMot><blocTexte>37</blocTexte><blocTab>0</blocTab><blocPub>1</blocPub><blocIllustration>0</blocIllustration></page><page><nbMot>6645</nbMot><blocTexte>52</blocTexte><blocTab>0</blocTab><blocPub>4</blocPub><blocIllustration>0</blocIllustration></page><page><nbMot>7213</nbMot><blocTexte>48</blocTexte><blocTab>1</blocTab><blocPub>11</blocPub><blocIllustration>0</blocIllustration></page></contenus></analyseAlto>
