<?xml version="1.0" encoding="UTF-8"?>
<analyseAlto>
<metad><titre>Le Gaulois</titre><dateEdition>04.02.1892</dateEdition><nbPage>4</nbPage><suppl>FALSE</suppl></metad><contenus><nbArticle>76</nbArticle><largeur>438</largeur><hauteur>638</hauteur><page><nbMot>6031</nbMot><blocTexte>56</blocTexte><blocTab>0</blocTab><blocPub>2</blocPub><blocIllustration>0</blocIllustration></page><page><nbMot>6954</nbMot><blocTexte>36</blocTexte><blocTab>0</blocTab><blocPub>0</blocPub><blocIllustration>0</blocIllustration></page><page><nbMot>6581</nbMot><blocTexte>48</blocTexte><blocTab>0</blocTab><blocPub>5</blocPub><blocIllustration>0</blocIllustration></page><page><nbMot>7176</nbMot><blocTexte>40</blocTexte><blocTab>4</blocTab><blocPub>15</blocPub><blocIllustration>0</blocIllustration></page></contenus></analyseAlto>
