<?xml version="1.0" encoding="UTF-8"?>
<analyseAlto>
<metad><titre>Le Gaulois</titre><dateEdition>03.05.1892</dateEdition><nbPage>4</nbPage><suppl>FALSE</suppl></metad><contenus><nbArticle>84</nbArticle><largeur>436</largeur><hauteur>642</hauteur><page><nbMot>5805</nbMot><blocTexte>47</blocTexte><blocTab>0</blocTab><blocPub>2</blocPub><blocIllustration>0</blocIllustration></page><page><nbMot>6526</nbMot><blocTexte>38</blocTexte><blocTab>0</blocTab><blocPub>0</blocPub><blocIllustration>0</blocIllustration></page><page><nbMot>6557</nbMot><blocTexte>47</blocTexte><blocTab>0</blocTab><blocPub>3</blocPub><blocIllustration>0</blocIllustration></page><page><nbMot>7794</nbMot><blocTexte>44</blocTexte><blocTab>3</blocTab><blocPub>6</blocPub><blocIllustration>0</blocIllustration></page></contenus></analyseAlto>
