<?xml version="1.0" encoding="UTF-8"?>
<analyseAlto>
<metad><titre>Le Gaulois</titre><dateEdition>23.05.1892</dateEdition><nbPage>4</nbPage><suppl>FALSE</suppl></metad><contenus><nbArticle>85</nbArticle><largeur>435</largeur><hauteur>639</hauteur><page><nbMot>5625</nbMot><blocTexte>127</blocTexte><blocTab>0</blocTab><blocPub>2</blocPub><blocIllustration>0</blocIllustration></page><page><nbMot>6442</nbMot><blocTexte>120</blocTexte><blocTab>0</blocTab><blocPub>0</blocPub><blocIllustration>0</blocIllustration></page><page><nbMot>6556</nbMot><blocTexte>125</blocTexte><blocTab>1</blocTab><blocPub>1</blocPub><blocIllustration>0</blocIllustration></page><page><nbMot>6162</nbMot><blocTexte>48</blocTexte><blocTab>1</blocTab><blocPub>6</blocPub><blocIllustration>0</blocIllustration></page></contenus></analyseAlto>
