<?xml version="1.0" encoding="UTF-8"?>
<analyseAlto>
<metad><titre>Le Gaulois</titre><dateEdition>11.02.1892</dateEdition><nbPage>4</nbPage><suppl>FALSE</suppl></metad><contenus><nbArticle>73</nbArticle><largeur>435</largeur><hauteur>639</hauteur><page><nbMot>5787</nbMot><blocTexte>58</blocTexte><blocTab>0</blocTab><blocPub>2</blocPub><blocIllustration>0</blocIllustration></page><page><nbMot>6820</nbMot><blocTexte>41</blocTexte><blocTab>4</blocTab><blocPub>0</blocPub><blocIllustration>0</blocIllustration></page><page><nbMot>6660</nbMot><blocTexte>47</blocTexte><blocTab>0</blocTab><blocPub>4</blocPub><blocIllustration>0</blocIllustration></page><page><nbMot>7317</nbMot><blocTexte>45</blocTexte><blocTab>4</blocTab><blocPub>8</blocPub><blocIllustration>0</blocIllustration></page></contenus></analyseAlto>
