<?xml version="1.0" encoding="UTF-8"?>
<analyseAlto>
<metad><titre>Le Gaulois</titre><dateEdition>06.04.1892</dateEdition><nbPage>4</nbPage><suppl>FALSE</suppl></metad><contenus><nbArticle>65</nbArticle><largeur>436</largeur><hauteur>639</hauteur><page><nbMot>5862</nbMot><blocTexte>46</blocTexte><blocTab>0</blocTab><blocPub>2</blocPub><blocIllustration>0</blocIllustration></page><page><nbMot>6813</nbMot><blocTexte>32</blocTexte><blocTab>0</blocTab><blocPub>0</blocPub><blocIllustration>0</blocIllustration></page><page><nbMot>6709</nbMot><blocTexte>43</blocTexte><blocTab>0</blocTab><blocPub>2</blocPub><blocIllustration>0</blocIllustration></page><page><nbMot>7167</nbMot><blocTexte>32</blocTexte><blocTab>3</blocTab><blocPub>4</blocPub><blocIllustration>0</blocIllustration></page></contenus></analyseAlto>
