<?xml version="1.0" encoding="UTF-8"?>
<analyseAlto>
<metad><titre>Le Gaulois</titre><dateEdition>15.05.1892</dateEdition><nbPage>4</nbPage><suppl>FALSE</suppl></metad><contenus><nbArticle>68</nbArticle><largeur>441</largeur><hauteur>639</hauteur><page><nbMot>5616</nbMot><blocTexte>60</blocTexte><blocTab>0</blocTab><blocPub>2</blocPub><blocIllustration>0</blocIllustration></page><page><nbMot>7158</nbMot><blocTexte>33</blocTexte><blocTab>0</blocTab><blocPub>1</blocPub><blocIllustration>0</blocIllustration></page><page><nbMot>6636</nbMot><blocTexte>43</blocTexte><blocTab>0</blocTab><blocPub>2</blocPub><blocIllustration>0</blocIllustration></page><page><nbMot>7657</nbMot><blocTexte>34</blocTexte><blocTab>3</blocTab><blocPub>3</blocPub><blocIllustration>0</blocIllustration></page></contenus></analyseAlto>
