<?xml version="1.0" encoding="UTF-8"?>
<analyseAlto>
<metad><titre>Ouest Eclair (Éd. de Nantes)</titre><dateEdition>29.12.1915</dateEdition><nbPage>4</nbPage></metad><contenus><nbArticle>170</nbArticle><largeur>349</largeur><hauteur>491</hauteur><page><nbMot>4005</nbMot><blocTexte>72</blocTexte><blocTab>0</blocTab><blocPub>0</blocPub><blocIllustration>0</blocIllustration></page><page><nbMot>4947</nbMot><blocTexte>67</blocTexte><blocTab>0</blocTab><blocPub>0</blocPub><blocIllustration>0</blocIllustration></page><page><nbMot>5640</nbMot><blocTexte>83</blocTexte><blocTab>0</blocTab><blocPub>6</blocPub><blocIllustration>0</blocIllustration></page><page><nbMot>4469</nbMot><blocTexte>70</blocTexte><blocTab>0</blocTab><blocPub>2</blocPub><blocIllustration>0</blocIllustration></page></contenus></analyseAlto>
