<?xml version="1.0" encoding="UTF-8"?>
<analyseAlto>
<metad><titre>Ouest Eclair (Éd. de Nantes)</titre><dateEdition>13.12.1915</dateEdition><nbPage>4</nbPage></metad><contenus><nbArticle>144</nbArticle><largeur>349</largeur><hauteur>491</hauteur><page><nbMot>3746</nbMot><blocTexte>33</blocTexte><blocTab>0</blocTab><blocPub>0</blocPub><blocIllustration>1</blocIllustration></page><page><nbMot>5046</nbMot><blocTexte>39</blocTexte><blocTab>0</blocTab><blocPub>0</blocPub><blocIllustration>0</blocIllustration></page><page><nbMot>5836</nbMot><blocTexte>45</blocTexte><blocTab>0</blocTab><blocPub>7</blocPub><blocIllustration>1</blocIllustration></page><page><nbMot>4147</nbMot><blocTexte>60</blocTexte><blocTab>0</blocTab><blocPub>1</blocPub><blocIllustration>0</blocIllustration></page></contenus></analyseAlto>
