<?xml version="1.0" encoding="UTF-8"?>
<analyseAlto>
<metad><titre>Ouest Eclair (Éd. de Nantes)</titre><dateEdition>12.10.1915</dateEdition><nbPage>4</nbPage></metad><contenus><nbArticle>119</nbArticle><largeur>349</largeur><hauteur>491</hauteur><page><nbMot>3969</nbMot><blocTexte>81</blocTexte><blocTab>0</blocTab><blocPub>0</blocPub><blocIllustration>1</blocIllustration></page><page><nbMot>4505</nbMot><blocTexte>85</blocTexte><blocTab>0</blocTab><blocPub>0</blocPub><blocIllustration>0</blocIllustration></page><page><nbMot>5720</nbMot><blocTexte>88</blocTexte><blocTab>0</blocTab><blocPub>2</blocPub><blocIllustration>0</blocIllustration></page><page><nbMot>4807</nbMot><blocTexte>65</blocTexte><blocTab>0</blocTab><blocPub>1</blocPub><blocIllustration>0</blocIllustration></page></contenus></analyseAlto>
