<?xml version="1.0" encoding="UTF-8"?>
<analyseAlto>
<metad><titre>Ouest Eclair (Éd. de Nantes)</titre><dateEdition>10.12.1915</dateEdition><nbPage>4</nbPage></metad><contenus><nbArticle>144</nbArticle><largeur>349</largeur><hauteur>491</hauteur><page><nbMot>3924</nbMot><blocTexte>56</blocTexte><blocTab>0</blocTab><blocPub>0</blocPub><blocIllustration>0</blocIllustration></page><page><nbMot>4881</nbMot><blocTexte>61</blocTexte><blocTab>0</blocTab><blocPub>0</blocPub><blocIllustration>0</blocIllustration></page><page><nbMot>5241</nbMot><blocTexte>89</blocTexte><blocTab>0</blocTab><blocPub>7</blocPub><blocIllustration>0</blocIllustration></page><page><nbMot>4718</nbMot><blocTexte>71</blocTexte><blocTab>0</blocTab><blocPub>2</blocPub><blocIllustration>0</blocIllustration></page></contenus></analyseAlto>
