<?xml version="1.0" encoding="UTF-8"?>
<analyseAlto>
<metad><titre>Ouest Eclair (Éd. de Nantes)</titre><dateEdition>08.12.1915</dateEdition><nbPage>4</nbPage></metad><contenus><nbArticle>175</nbArticle><largeur>349</largeur><hauteur>491</hauteur><page><nbMot>3847</nbMot><blocTexte>45</blocTexte><blocTab>0</blocTab><blocPub>0</blocPub><blocIllustration>1</blocIllustration></page><page><nbMot>4482</nbMot><blocTexte>62</blocTexte><blocTab>0</blocTab><blocPub>0</blocPub><blocIllustration>0</blocIllustration></page><page><nbMot>5610</nbMot><blocTexte>48</blocTexte><blocTab>0</blocTab><blocPub>5</blocPub><blocIllustration>1</blocIllustration></page><page><nbMot>4938</nbMot><blocTexte>56</blocTexte><blocTab>0</blocTab><blocPub>2</blocPub><blocIllustration>0</blocIllustration></page></contenus></analyseAlto>
