<?xml version="1.0" encoding="UTF-8"?>
<analyseAlto>
<metad><titre>Ouest Eclair (Éd. de Nantes)</titre><dateEdition>28.10.1915</dateEdition><nbPage>4</nbPage></metad><contenus><nbArticle>141</nbArticle><largeur>349</largeur><hauteur>491</hauteur><page><nbMot>4306</nbMot><blocTexte>90</blocTexte><blocTab>0</blocTab><blocPub>0</blocPub><blocIllustration>0</blocIllustration></page><page><nbMot>4748</nbMot><blocTexte>85</blocTexte><blocTab>0</blocTab><blocPub>0</blocPub><blocIllustration>0</blocIllustration></page><page><nbMot>5062</nbMot><blocTexte>75</blocTexte><blocTab>0</blocTab><blocPub>2</blocPub><blocIllustration>0</blocIllustration></page><page><nbMot>4872</nbMot><blocTexte>67</blocTexte><blocTab>0</blocTab><blocPub>2</blocPub><blocIllustration>0</blocIllustration></page></contenus></analyseAlto>
