<?xml version="1.0" encoding="UTF-8"?>
<analyseAlto>
<metad><titre>Ouest Eclair (Éd. de Nantes)</titre><dateEdition>05.11.1915</dateEdition><nbPage>4</nbPage></metad><contenus><nbArticle>144</nbArticle><largeur>349</largeur><hauteur>491</hauteur><page><nbMot>4016</nbMot><blocTexte>60</blocTexte><blocTab>0</blocTab><blocPub>0</blocPub><blocIllustration>1</blocIllustration></page><page><nbMot>4889</nbMot><blocTexte>91</blocTexte><blocTab>0</blocTab><blocPub>0</blocPub><blocIllustration>0</blocIllustration></page><page><nbMot>5446</nbMot><blocTexte>79</blocTexte><blocTab>0</blocTab><blocPub>7</blocPub><blocIllustration>0</blocIllustration></page><page><nbMot>4637</nbMot><blocTexte>82</blocTexte><blocTab>0</blocTab><blocPub>1</blocPub><blocIllustration>0</blocIllustration></page></contenus></analyseAlto>
