<?xml version="1.0" encoding="UTF-8"?>
<analyseAlto>
<metad><titre>Ouest Eclair (Éd. de Nantes)</titre><dateEdition>23.11.1915</dateEdition><nbPage>4</nbPage></metad><contenus><nbArticle>155</nbArticle><largeur>349</largeur><hauteur>491</hauteur><page><nbMot>4170</nbMot><blocTexte>79</blocTexte><blocTab>0</blocTab><blocPub>0</blocPub><blocIllustration>0</blocIllustration></page><page><nbMot>4369</nbMot><blocTexte>65</blocTexte><blocTab>0</blocTab><blocPub>1</blocPub><blocIllustration>0</blocIllustration></page><page><nbMot>5455</nbMot><blocTexte>75</blocTexte><blocTab>0</blocTab><blocPub>6</blocPub><blocIllustration>0</blocIllustration></page><page><nbMot>4645</nbMot><blocTexte>62</blocTexte><blocTab>0</blocTab><blocPub>4</blocPub><blocIllustration>0</blocIllustration></page></contenus></analyseAlto>
