<?xml version="1.0" encoding="UTF-8"?>
<analyseAlto>
<metad><titre>Ouest Eclair (Éd. de Nantes)</titre><dateEdition>19.12.1915</dateEdition><nbPage>6</nbPage></metad><contenus><nbArticle>225</nbArticle><largeur>349</largeur><hauteur>491</hauteur><page><nbMot>3396</nbMot><blocTexte>40</blocTexte><blocTab>0</blocTab><blocPub>0</blocPub><blocIllustration>2</blocIllustration></page><page><nbMot>4799</nbMot><blocTexte>32</blocTexte><blocTab>0</blocTab><blocPub>0</blocPub><blocIllustration>0</blocIllustration></page><page><nbMot>4792</nbMot><blocTexte>62</blocTexte><blocTab>0</blocTab><blocPub>0</blocPub><blocIllustration>0</blocIllustration></page><page><nbMot>5755</nbMot><blocTexte>39</blocTexte><blocTab>0</blocTab><blocPub>4</blocPub><blocIllustration>0</blocIllustration></page><page><nbMot>5339</nbMot><blocTexte>52</blocTexte><blocTab>0</blocTab><blocPub>3</blocPub><blocIllustration>0</blocIllustration></page><page><nbMot>3932</nbMot><blocTexte>41</blocTexte><blocTab>0</blocTab><blocPub>6</blocPub><blocIllustration>1</blocIllustration></page></contenus></analyseAlto>
