<?xml version="1.0" encoding="UTF-8"?>
<analyseAlto>
<metad><titre>Ouest Eclair (Éd. de Nantes)</titre><dateEdition>15.12.1915</dateEdition><nbPage>4</nbPage></metad><contenus><nbArticle>142</nbArticle><largeur>349</largeur><hauteur>491</hauteur><page><nbMot>3689</nbMot><blocTexte>59</blocTexte><blocTab>0</blocTab><blocPub>0</blocPub><blocIllustration>1</blocIllustration></page><page><nbMot>4852</nbMot><blocTexte>74</blocTexte><blocTab>0</blocTab><blocPub>0</blocPub><blocIllustration>0</blocIllustration></page><page><nbMot>5521</nbMot><blocTexte>74</blocTexte><blocTab>0</blocTab><blocPub>7</blocPub><blocIllustration>0</blocIllustration></page><page><nbMot>4768</nbMot><blocTexte>60</blocTexte><blocTab>0</blocTab><blocPub>1</blocPub><blocIllustration>0</blocIllustration></page></contenus></analyseAlto>
