<?xml version="1.0" encoding="UTF-8"?>
<analyseAlto>
<metad><titre>Ouest Eclair (Éd. de Nantes)</titre><dateEdition>26.12.1915</dateEdition><nbPage>4</nbPage></metad><contenus><nbArticle>141</nbArticle><largeur>349</largeur><hauteur>491</hauteur><page><nbMot>4107</nbMot><blocTexte>98</blocTexte><blocTab>0</blocTab><blocPub>0</blocPub><blocIllustration>2</blocIllustration></page><page><nbMot>5160</nbMot><blocTexte>98</blocTexte><blocTab>0</blocTab><blocPub>0</blocPub><blocIllustration>0</blocIllustration></page><page><nbMot>5593</nbMot><blocTexte>104</blocTexte><blocTab>0</blocTab><blocPub>6</blocPub><blocIllustration>0</blocIllustration></page><page><nbMot>4607</nbMot><blocTexte>71</blocTexte><blocTab>0</blocTab><blocPub>3</blocPub><blocIllustration>0</blocIllustration></page></contenus></analyseAlto>
