<?xml version="1.0" encoding="UTF-8"?>
<analyseAlto>
<metad><titre>Ouest Eclair (Éd. de Nantes)</titre><dateEdition>24.10.1916</dateEdition><nbPage>4</nbPage></metad><contenus><nbArticle>129</nbArticle><largeur>349</largeur><hauteur>470</hauteur><page><nbMot>4919</nbMot><blocTexte>70</blocTexte><blocTab>0</blocTab><blocPub>0</blocPub><blocIllustration>0</blocIllustration></page><page><nbMot>4121</nbMot><blocTexte>68</blocTexte><blocTab>0</blocTab><blocPub>0</blocPub><blocIllustration>0</blocIllustration></page><page><nbMot>5732</nbMot><blocTexte>94</blocTexte><blocTab>0</blocTab><blocPub>3</blocPub><blocIllustration>0</blocIllustration></page><page><nbMot>4850</nbMot><blocTexte>66</blocTexte><blocTab>0</blocTab><blocPub>5</blocPub><blocIllustration>0</blocIllustration></page></contenus></analyseAlto>
