<?xml version="1.0" encoding="UTF-8"?>
<analyseAlto>
<metad><titre>Ouest Eclair (Éd. de Nantes)</titre><dateEdition>06.10.1916</dateEdition><nbPage>4</nbPage></metad><contenus><nbArticle>125</nbArticle><largeur>349</largeur><hauteur>470</hauteur><page><nbMot>3895</nbMot><blocTexte>41</blocTexte><blocTab>0</blocTab><blocPub>0</blocPub><blocIllustration>1</blocIllustration></page><page><nbMot>4922</nbMot><blocTexte>41</blocTexte><blocTab>0</blocTab><blocPub>1</blocPub><blocIllustration>0</blocIllustration></page><page><nbMot>5075</nbMot><blocTexte>62</blocTexte><blocTab>0</blocTab><blocPub>5</blocPub><blocIllustration>0</blocIllustration></page><page><nbMot>5135</nbMot><blocTexte>42</blocTexte><blocTab>1</blocTab><blocPub>2</blocPub><blocIllustration>0</blocIllustration></page></contenus></analyseAlto>
