<?xml version="1.0" encoding="UTF-8"?>
<analyseAlto>
<metad><titre>Ouest Eclair (Éd. de Nantes)</titre><dateEdition>09.09.1916</dateEdition><nbPage>4</nbPage></metad><contenus><nbArticle>179</nbArticle><largeur>349</largeur><hauteur>470</hauteur><page><nbMot>4019</nbMot><blocTexte>79</blocTexte><blocTab>0</blocTab><blocPub>0</blocPub><blocIllustration>0</blocIllustration></page><page><nbMot>5030</nbMot><blocTexte>69</blocTexte><blocTab>0</blocTab><blocPub>0</blocPub><blocIllustration>0</blocIllustration></page><page><nbMot>4945</nbMot><blocTexte>100</blocTexte><blocTab>0</blocTab><blocPub>2</blocPub><blocIllustration>1</blocIllustration></page><page><nbMot>4469</nbMot><blocTexte>76</blocTexte><blocTab>0</blocTab><blocPub>3</blocPub><blocIllustration>0</blocIllustration></page></contenus></analyseAlto>
