<?xml version="1.0" encoding="UTF-8"?>
<analyseAlto>
<metad><titre>Ouest Eclair (Éd. de Nantes)</titre><dateEdition>02.08.1916</dateEdition><nbPage>4</nbPage></metad><contenus><nbArticle>150</nbArticle><largeur>348</largeur><hauteur>476</hauteur><page><nbMot>4303</nbMot><blocTexte>83</blocTexte><blocTab>0</blocTab><blocPub>0</blocPub><blocIllustration>0</blocIllustration></page><page><nbMot>4891</nbMot><blocTexte>111</blocTexte><blocTab>0</blocTab><blocPub>0</blocPub><blocIllustration>0</blocIllustration></page><page><nbMot>5602</nbMot><blocTexte>106</blocTexte><blocTab>0</blocTab><blocPub>3</blocPub><blocIllustration>0</blocIllustration></page><page><nbMot>4911</nbMot><blocTexte>98</blocTexte><blocTab>0</blocTab><blocPub>1</blocPub><blocIllustration>0</blocIllustration></page></contenus></analyseAlto>
