<?xml version="1.0" encoding="UTF-8"?>
<analyseAlto>
<metad><titre>Ouest Eclair (Éd. de Nantes)</titre><dateEdition>26.08.1916</dateEdition><nbPage>4</nbPage></metad><contenus><nbArticle>146</nbArticle><largeur>348</largeur><hauteur>476</hauteur><page><nbMot>4081</nbMot><blocTexte>76</blocTexte><blocTab>0</blocTab><blocPub>0</blocPub><blocIllustration>0</blocIllustration></page><page><nbMot>4533</nbMot><blocTexte>99</blocTexte><blocTab>0</blocTab><blocPub>1</blocPub><blocIllustration>0</blocIllustration></page><page><nbMot>5209</nbMot><blocTexte>116</blocTexte><blocTab>0</blocTab><blocPub>1</blocPub><blocIllustration>0</blocIllustration></page><page><nbMot>5119</nbMot><blocTexte>91</blocTexte><blocTab>0</blocTab><blocPub>1</blocPub><blocIllustration>0</blocIllustration></page></contenus></analyseAlto>
