<?xml version="1.0" encoding="UTF-8"?>
<analyseAlto>
<metad><titre>Ouest Eclair (Éd. de Nantes)</titre><dateEdition>14.05.1916</dateEdition><nbPage>6</nbPage></metad><contenus><nbArticle>171</nbArticle><largeur>348</largeur><hauteur>476</hauteur><page><nbMot>4150</nbMot><blocTexte>63</blocTexte><blocTab>0</blocTab><blocPub>0</blocPub><blocIllustration>0</blocIllustration></page><page><nbMot>4979</nbMot><blocTexte>65</blocTexte><blocTab>0</blocTab><blocPub>0</blocPub><blocIllustration>0</blocIllustration></page><page><nbMot>5356</nbMot><blocTexte>53</blocTexte><blocTab>0</blocTab><blocPub>0</blocPub><blocIllustration>0</blocIllustration></page><page><nbMot>5441</nbMot><blocTexte>83</blocTexte><blocTab>0</blocTab><blocPub>4</blocPub><blocIllustration>0</blocIllustration></page><page><nbMot>4936</nbMot><blocTexte>49</blocTexte><blocTab>0</blocTab><blocPub>13</blocPub><blocIllustration>0</blocIllustration></page><page><nbMot>3579</nbMot><blocTexte>17</blocTexte><blocTab>0</blocTab><blocPub>13</blocPub><blocIllustration>0</blocIllustration></page></contenus></analyseAlto>
