<?xml version="1.0" encoding="UTF-8"?>
<analyseAlto>
<metad><titre>Ouest Eclair (Éd. de Nantes)</titre><dateEdition>03.11.1916</dateEdition><nbPage>4</nbPage></metad><contenus><nbArticle>168</nbArticle><largeur>349</largeur><hauteur>470</hauteur><page><nbMot>3721</nbMot><blocTexte>51</blocTexte><blocTab>0</blocTab><blocPub>0</blocPub><blocIllustration>0</blocIllustration></page><page><nbMot>4971</nbMot><blocTexte>71</blocTexte><blocTab>0</blocTab><blocPub>0</blocPub><blocIllustration>0</blocIllustration></page><page><nbMot>5586</nbMot><blocTexte>108</blocTexte><blocTab>0</blocTab><blocPub>3</blocPub><blocIllustration>0</blocIllustration></page><page><nbMot>4632</nbMot><blocTexte>65</blocTexte><blocTab>0</blocTab><blocPub>3</blocPub><blocIllustration>0</blocIllustration></page></contenus></analyseAlto>
