<?xml version="1.0" encoding="UTF-8"?>
<analyseAlto>
<metad><titre>Ouest Eclair (Éd. de Nantes)</titre><dateEdition>19.07.1916</dateEdition><nbPage>4</nbPage></metad><contenus><nbArticle>165</nbArticle><largeur>348</largeur><hauteur>476</hauteur><page><nbMot>3806</nbMot><blocTexte>29</blocTexte><blocTab>0</blocTab><blocPub>0</blocPub><blocIllustration>1</blocIllustration></page><page><nbMot>5269</nbMot><blocTexte>22</blocTexte><blocTab>0</blocTab><blocPub>0</blocPub><blocIllustration>0</blocIllustration></page><page><nbMot>5368</nbMot><blocTexte>62</blocTexte><blocTab>0</blocTab><blocPub>3</blocPub><blocIllustration>0</blocIllustration></page><page><nbMot>4661</nbMot><blocTexte>53</blocTexte><blocTab>0</blocTab><blocPub>1</blocPub><blocIllustration>0</blocIllustration></page></contenus></analyseAlto>
