<?xml version="1.0" encoding="UTF-8"?>
<analyseAlto>
<metad><titre>Ouest Eclair (Éd. de Nantes)</titre><dateEdition>12.08.1916</dateEdition><nbPage>4</nbPage></metad><contenus><nbArticle>147</nbArticle><largeur>348</largeur><hauteur>476</hauteur><page><nbMot>3458</nbMot><blocTexte>77</blocTexte><blocTab>0</blocTab><blocPub>0</blocPub><blocIllustration>1</blocIllustration></page><page><nbMot>4944</nbMot><blocTexte>89</blocTexte><blocTab>0</blocTab><blocPub>0</blocPub><blocIllustration>0</blocIllustration></page><page><nbMot>5787</nbMot><blocTexte>83</blocTexte><blocTab>0</blocTab><blocPub>1</blocPub><blocIllustration>0</blocIllustration></page><page><nbMot>5240</nbMot><blocTexte>63</blocTexte><blocTab>0</blocTab><blocPub>5</blocPub><blocIllustration>0</blocIllustration></page></contenus></analyseAlto>
