<?xml version="1.0" encoding="UTF-8"?>
<analyseAlto>
<metad><titre>Ouest Eclair (Éd. de Nantes)</titre><dateEdition>28.02.1916</dateEdition><nbPage>4</nbPage></metad><contenus><nbArticle>150</nbArticle><largeur>345</largeur><hauteur>481</hauteur><page><nbMot>3317</nbMot><blocTexte>68</blocTexte><blocTab>0</blocTab><blocPub>0</blocPub><blocIllustration>1</blocIllustration></page><page><nbMot>5078</nbMot><blocTexte>74</blocTexte><blocTab>0</blocTab><blocPub>0</blocPub><blocIllustration>0</blocIllustration></page><page><nbMot>6033</nbMot><blocTexte>99</blocTexte><blocTab>0</blocTab><blocPub>1</blocPub><blocIllustration>0</blocIllustration></page><page><nbMot>4743</nbMot><blocTexte>49</blocTexte><blocTab>0</blocTab><blocPub>1</blocPub><blocIllustration>0</blocIllustration></page></contenus></analyseAlto>
