<?xml version="1.0" encoding="UTF-8"?>
<analyseAlto>
<metad><titre>Ouest Eclair (Éd. de Nantes)</titre><dateEdition>12.02.1916</dateEdition><nbPage>4</nbPage></metad><contenus><nbArticle>169</nbArticle><largeur>345</largeur><hauteur>481</hauteur><page><nbMot>3617</nbMot><blocTexte>43</blocTexte><blocTab>0</blocTab><blocPub>0</blocPub><blocIllustration>3</blocIllustration></page><page><nbMot>5014</nbMot><blocTexte>35</blocTexte><blocTab>0</blocTab><blocPub>0</blocPub><blocIllustration>0</blocIllustration></page><page><nbMot>5760</nbMot><blocTexte>59</blocTexte><blocTab>0</blocTab><blocPub>3</blocPub><blocIllustration>0</blocIllustration></page><page><nbMot>4242</nbMot><blocTexte>76</blocTexte><blocTab>1</blocTab><blocPub>1</blocPub><blocIllustration>0</blocIllustration></page></contenus></analyseAlto>
