<?xml version="1.0" encoding="UTF-8"?>
<analyseAlto>
<metad><titre>Ouest Eclair (Éd. de Nantes)</titre><dateEdition>11.12.1916</dateEdition><nbPage>4</nbPage></metad><contenus><nbArticle>115</nbArticle><largeur>349</largeur><hauteur>470</hauteur><page><nbMot>4375</nbMot><blocTexte>51</blocTexte><blocTab>0</blocTab><blocPub>0</blocPub><blocIllustration>0</blocIllustration></page><page><nbMot>5082</nbMot><blocTexte>60</blocTexte><blocTab>0</blocTab><blocPub>0</blocPub><blocIllustration>0</blocIllustration></page><page><nbMot>6109</nbMot><blocTexte>82</blocTexte><blocTab>0</blocTab><blocPub>0</blocPub><blocIllustration>0</blocIllustration></page><page><nbMot>4270</nbMot><blocTexte>72</blocTexte><blocTab>0</blocTab><blocPub>4</blocPub><blocIllustration>0</blocIllustration></page></contenus></analyseAlto>
