<?xml version="1.0" encoding="UTF-8"?>
<analyseAlto>
<metad><titre>Ouest Eclair (Éd. de Nantes)</titre><dateEdition>06.12.1916</dateEdition><nbPage>4</nbPage></metad><contenus><nbArticle>135</nbArticle><largeur>349</largeur><hauteur>470</hauteur><page><nbMot>4251</nbMot><blocTexte>77</blocTexte><blocTab>0</blocTab><blocPub>0</blocPub><blocIllustration>0</blocIllustration></page><page><nbMot>4878</nbMot><blocTexte>77</blocTexte><blocTab>0</blocTab><blocPub>0</blocPub><blocIllustration>0</blocIllustration></page><page><nbMot>5512</nbMot><blocTexte>96</blocTexte><blocTab>0</blocTab><blocPub>4</blocPub><blocIllustration>0</blocIllustration></page><page><nbMot>4199</nbMot><blocTexte>79</blocTexte><blocTab>0</blocTab><blocPub>3</blocPub><blocIllustration>0</blocIllustration></page></contenus></analyseAlto>
