<?xml version="1.0" encoding="UTF-8"?>
<analyseAlto>
<metad><titre>Ouest Eclair (Éd. de Nantes)</titre><dateEdition>13.12.1916</dateEdition><nbPage>4</nbPage></metad><contenus><nbArticle>128</nbArticle><largeur>349</largeur><hauteur>470</hauteur><page><nbMot>3783</nbMot><blocTexte>71</blocTexte><blocTab>0</blocTab><blocPub>0</blocPub><blocIllustration>0</blocIllustration></page><page><nbMot>5007</nbMot><blocTexte>79</blocTexte><blocTab>0</blocTab><blocPub>0</blocPub><blocIllustration>0</blocIllustration></page><page><nbMot>5868</nbMot><blocTexte>71</blocTexte><blocTab>0</blocTab><blocPub>5</blocPub><blocIllustration>0</blocIllustration></page><page><nbMot>4373</nbMot><blocTexte>86</blocTexte><blocTab>1</blocTab><blocPub>3</blocPub><blocIllustration>0</blocIllustration></page></contenus></analyseAlto>
