<?xml version="1.0" encoding="UTF-8"?>
<analyseAlto>
<metad><titre>Ouest Eclair (Éd. de Nantes)</titre><dateEdition>22.12.1916</dateEdition><nbPage>4</nbPage></metad><contenus><nbArticle>163</nbArticle><largeur>349</largeur><hauteur>470</hauteur><page><nbMot>4213</nbMot><blocTexte>79</blocTexte><blocTab>0</blocTab><blocPub>0</blocPub><blocIllustration>0</blocIllustration></page><page><nbMot>4893</nbMot><blocTexte>87</blocTexte><blocTab>0</blocTab><blocPub>3</blocPub><blocIllustration>0</blocIllustration></page><page><nbMot>4877</nbMot><blocTexte>97</blocTexte><blocTab>0</blocTab><blocPub>3</blocPub><blocIllustration>0</blocIllustration></page><page><nbMot>4763</nbMot><blocTexte>81</blocTexte><blocTab>0</blocTab><blocPub>4</blocPub><blocIllustration>0</blocIllustration></page></contenus></analyseAlto>
