<?xml version="1.0" encoding="UTF-8"?>
<analyseAlto>
<metad><titre>Ouest Eclair (Éd. de Nantes)</titre><dateEdition>17.06.1916</dateEdition><nbPage>4</nbPage></metad><contenus><nbArticle>134</nbArticle><largeur>348</largeur><hauteur>476</hauteur><page><nbMot>4922</nbMot><blocTexte>29</blocTexte><blocTab>0</blocTab><blocPub>0</blocPub><blocIllustration>0</blocIllustration></page><page><nbMot>4471</nbMot><blocTexte>27</blocTexte><blocTab>0</blocTab><blocPub>0</blocPub><blocIllustration>0</blocIllustration></page><page><nbMot>5564</nbMot><blocTexte>36</blocTexte><blocTab>0</blocTab><blocPub>2</blocPub><blocIllustration>0</blocIllustration></page><page><nbMot>4765</nbMot><blocTexte>45</blocTexte><blocTab>0</blocTab><blocPub>2</blocPub><blocIllustration>0</blocIllustration></page></contenus></analyseAlto>
