<?xml version="1.0" encoding="UTF-8"?>
<analyseAlto>
<metad><titre>Ouest Eclair (Éd. de Nantes)</titre><dateEdition>16.08.1916</dateEdition><nbPage>4</nbPage></metad><contenus><nbArticle>191</nbArticle><largeur>348</largeur><hauteur>476</hauteur><page><nbMot>3843</nbMot><blocTexte>94</blocTexte><blocTab>0</blocTab><blocPub>0</blocPub><blocIllustration>1</blocIllustration></page><page><nbMot>4675</nbMot><blocTexte>104</blocTexte><blocTab>0</blocTab><blocPub>0</blocPub><blocIllustration>0</blocIllustration></page><page><nbMot>5824</nbMot><blocTexte>99</blocTexte><blocTab>0</blocTab><blocPub>2</blocPub><blocIllustration>0</blocIllustration></page><page><nbMot>4930</nbMot><blocTexte>65</blocTexte><blocTab>0</blocTab><blocPub>2</blocPub><blocIllustration>0</blocIllustration></page></contenus></analyseAlto>
