<?xml version="1.0" encoding="UTF-8"?>
<analyseAlto>
<metad><titre>Ouest Eclair (Éd. de Nantes)</titre><dateEdition>27.12.1916</dateEdition><nbPage>4</nbPage></metad><contenus><nbArticle>167</nbArticle><largeur>349</largeur><hauteur>470</hauteur><page><nbMot>4254</nbMot><blocTexte>75</blocTexte><blocTab>0</blocTab><blocPub>0</blocPub><blocIllustration>0</blocIllustration></page><page><nbMot>4605</nbMot><blocTexte>83</blocTexte><blocTab>0</blocTab><blocPub>0</blocPub><blocIllustration>0</blocIllustration></page><page><nbMot>5275</nbMot><blocTexte>73</blocTexte><blocTab>0</blocTab><blocPub>7</blocPub><blocIllustration>0</blocIllustration></page><page><nbMot>4693</nbMot><blocTexte>60</blocTexte><blocTab>0</blocTab><blocPub>5</blocPub><blocIllustration>0</blocIllustration></page></contenus></analyseAlto>
