<?xml version="1.0" encoding="UTF-8"?>
<analyseAlto>
<metad><titre>Ouest Eclair (Éd. de Nantes)</titre><dateEdition>22.07.1916</dateEdition><nbPage>4</nbPage></metad><contenus><nbArticle>138</nbArticle><largeur>348</largeur><hauteur>476</hauteur><page><nbMot>4495</nbMot><blocTexte>68</blocTexte><blocTab>0</blocTab><blocPub>0</blocPub><blocIllustration>0</blocIllustration></page><page><nbMot>5316</nbMot><blocTexte>64</blocTexte><blocTab>0</blocTab><blocPub>0</blocPub><blocIllustration>0</blocIllustration></page><page><nbMot>5108</nbMot><blocTexte>101</blocTexte><blocTab>0</blocTab><blocPub>3</blocPub><blocIllustration>0</blocIllustration></page><page><nbMot>4820</nbMot><blocTexte>59</blocTexte><blocTab>0</blocTab><blocPub>2</blocPub><blocIllustration>0</blocIllustration></page></contenus></analyseAlto>
