<?xml version="1.0" encoding="UTF-8"?>
<analyseAlto>
<metad><titre>Ouest Eclair (Éd. de Nantes)</titre><dateEdition>04.02.1916</dateEdition><nbPage>4</nbPage></metad><contenus><nbArticle>156</nbArticle><largeur>345</largeur><hauteur>481</hauteur><page><nbMot>4340</nbMot><blocTexte>38</blocTexte><blocTab>0</blocTab><blocPub>0</blocPub><blocIllustration>0</blocIllustration></page><page><nbMot>4674</nbMot><blocTexte>33</blocTexte><blocTab>0</blocTab><blocPub>0</blocPub><blocIllustration>0</blocIllustration></page><page><nbMot>5402</nbMot><blocTexte>56</blocTexte><blocTab>0</blocTab><blocPub>4</blocPub><blocIllustration>0</blocIllustration></page><page><nbMot>4573</nbMot><blocTexte>50</blocTexte><blocTab>0</blocTab><blocPub>1</blocPub><blocIllustration>0</blocIllustration></page></contenus></analyseAlto>
