<?xml version="1.0" encoding="UTF-8"?>
<analyseAlto>
<metad><titre>Ouest Eclair (Éd. de Nantes)</titre><dateEdition>29.10.1916</dateEdition><nbPage>6</nbPage></metad><contenus><nbArticle>162</nbArticle><largeur>349</largeur><hauteur>470</hauteur><page><nbMot>4003</nbMot><blocTexte>58</blocTexte><blocTab>0</blocTab><blocPub>0</blocPub><blocIllustration>0</blocIllustration></page><page><nbMot>5074</nbMot><blocTexte>76</blocTexte><blocTab>0</blocTab><blocPub>0</blocPub><blocIllustration>0</blocIllustration></page><page><nbMot>5662</nbMot><blocTexte>88</blocTexte><blocTab>0</blocTab><blocPub>0</blocPub><blocIllustration>0</blocIllustration></page><page><nbMot>4806</nbMot><blocTexte>78</blocTexte><blocTab>0</blocTab><blocPub>14</blocPub><blocIllustration>0</blocIllustration></page><page><nbMot>5444</nbMot><blocTexte>21</blocTexte><blocTab>0</blocTab><blocPub>8</blocPub><blocIllustration>0</blocIllustration></page><page><nbMot>2272</nbMot><blocTexte>15</blocTexte><blocTab>0</blocTab><blocPub>12</blocPub><blocIllustration>0</blocIllustration></page></contenus></analyseAlto>
