<?xml version="1.0" encoding="UTF-8"?>
<analyseAlto>
<metad><titre>Ouest Eclair (Éd. de Nantes)</titre><dateEdition>04.10.1916</dateEdition><nbPage>4</nbPage></metad><contenus><nbArticle>137</nbArticle><largeur>349</largeur><hauteur>470</hauteur><page><nbMot>4092</nbMot><blocTexte>80</blocTexte><blocTab>0</blocTab><blocPub>0</blocPub><blocIllustration>1</blocIllustration></page><page><nbMot>4930</nbMot><blocTexte>67</blocTexte><blocTab>0</blocTab><blocPub>1</blocPub><blocIllustration>0</blocIllustration></page><page><nbMot>5947</nbMot><blocTexte>106</blocTexte><blocTab>0</blocTab><blocPub>3</blocPub><blocIllustration>0</blocIllustration></page><page><nbMot>4735</nbMot><blocTexte>104</blocTexte><blocTab>0</blocTab><blocPub>3</blocPub><blocIllustration>0</blocIllustration></page></contenus></analyseAlto>
