<?xml version="1.0" encoding="UTF-8"?>
<analyseAlto>
<metad><titre>Ouest Eclair (Éd. de Nantes)</titre><dateEdition>24.09.1916</dateEdition><nbPage>6</nbPage></metad><contenus><nbArticle>177</nbArticle><largeur>349</largeur><hauteur>470</hauteur><page><nbMot>3864</nbMot><blocTexte>70</blocTexte><blocTab>0</blocTab><blocPub>0</blocPub><blocIllustration>0</blocIllustration></page><page><nbMot>5222</nbMot><blocTexte>69</blocTexte><blocTab>0</blocTab><blocPub>0</blocPub><blocIllustration>0</blocIllustration></page><page><nbMot>5237</nbMot><blocTexte>111</blocTexte><blocTab>0</blocTab><blocPub>0</blocPub><blocIllustration>0</blocIllustration></page><page><nbMot>5237</nbMot><blocTexte>70</blocTexte><blocTab>0</blocTab><blocPub>2</blocPub><blocIllustration>0</blocIllustration></page><page><nbMot>4845</nbMot><blocTexte>52</blocTexte><blocTab>1</blocTab><blocPub>13</blocPub><blocIllustration>0</blocIllustration></page><page><nbMot>4027</nbMot><blocTexte>13</blocTexte><blocTab>0</blocTab><blocPub>10</blocPub><blocIllustration>0</blocIllustration></page></contenus></analyseAlto>
