<?xml version="1.0" encoding="UTF-8"?>
<analyseAlto>
<metad><titre>Ouest Eclair (Éd. de Nantes)</titre><dateEdition>21.08.1916</dateEdition><nbPage>4</nbPage></metad><contenus><nbArticle>138</nbArticle><largeur>348</largeur><hauteur>476</hauteur><page><nbMot>3492</nbMot><blocTexte>45</blocTexte><blocTab>0</blocTab><blocPub>0</blocPub><blocIllustration>2</blocIllustration></page><page><nbMot>5243</nbMot><blocTexte>55</blocTexte><blocTab>0</blocTab><blocPub>0</blocPub><blocIllustration>0</blocIllustration></page><page><nbMot>5912</nbMot><blocTexte>90</blocTexte><blocTab>1</blocTab><blocPub>2</blocPub><blocIllustration>0</blocIllustration></page><page><nbMot>4452</nbMot><blocTexte>51</blocTexte><blocTab>0</blocTab><blocPub>2</blocPub><blocIllustration>0</blocIllustration></page></contenus></analyseAlto>
