<?xml version="1.0" encoding="UTF-8"?>
<analyseAlto>
<metad><titre>Ouest Eclair (Éd. de Nantes)</titre><dateEdition>12.11.1916</dateEdition><nbPage>6</nbPage></metad><contenus><nbArticle>138</nbArticle><largeur>349</largeur><hauteur>470</hauteur><page><nbMot>4251</nbMot><blocTexte>54</blocTexte><blocTab>0</blocTab><blocPub>0</blocPub><blocIllustration>0</blocIllustration></page><page><nbMot>5313</nbMot><blocTexte>64</blocTexte><blocTab>0</blocTab><blocPub>1</blocPub><blocIllustration>0</blocIllustration></page><page><nbMot>5464</nbMot><blocTexte>91</blocTexte><blocTab>0</blocTab><blocPub>0</blocPub><blocIllustration>0</blocIllustration></page><page><nbMot>4175</nbMot><blocTexte>62</blocTexte><blocTab>0</blocTab><blocPub>8</blocPub><blocIllustration>0</blocIllustration></page><page><nbMot>5279</nbMot><blocTexte>40</blocTexte><blocTab>0</blocTab><blocPub>16</blocPub><blocIllustration>0</blocIllustration></page><page><nbMot>1820</nbMot><blocTexte>13</blocTexte><blocTab>0</blocTab><blocPub>9</blocPub><blocIllustration>0</blocIllustration></page></contenus></analyseAlto>
