<?xml version="1.0" encoding="UTF-8"?>
<analyseAlto>
<metad><titre>Ouest Eclair (Éd. de Nantes)</titre><dateEdition>24.04.1916</dateEdition><nbPage>4</nbPage></metad><contenus><nbArticle>158</nbArticle><largeur>345</largeur><hauteur>481</hauteur><page><nbMot>4384</nbMot><blocTexte>61</blocTexte><blocTab>0</blocTab><blocPub>0</blocPub><blocIllustration>0</blocIllustration></page><page><nbMot>4826</nbMot><blocTexte>47</blocTexte><blocTab>1</blocTab><blocPub>0</blocPub><blocIllustration>0</blocIllustration></page><page><nbMot>5976</nbMot><blocTexte>79</blocTexte><blocTab>0</blocTab><blocPub>2</blocPub><blocIllustration>0</blocIllustration></page><page><nbMot>4792</nbMot><blocTexte>86</blocTexte><blocTab>0</blocTab><blocPub>1</blocPub><blocIllustration>0</blocIllustration></page></contenus></analyseAlto>
