<?xml version="1.0" encoding="UTF-8"?>
<analyseAlto>
<metad><titre>Ouest Eclair (Éd. de Nantes)</titre><dateEdition>01.08.1916</dateEdition><nbPage>4</nbPage></metad><contenus><nbArticle>146</nbArticle><largeur>348</largeur><hauteur>476</hauteur><page><nbMot>4276</nbMot><blocTexte>78</blocTexte><blocTab>0</blocTab><blocPub>0</blocPub><blocIllustration>0</blocIllustration></page><page><nbMot>4841</nbMot><blocTexte>97</blocTexte><blocTab>0</blocTab><blocPub>0</blocPub><blocIllustration>0</blocIllustration></page><page><nbMot>5698</nbMot><blocTexte>76</blocTexte><blocTab>0</blocTab><blocPub>3</blocPub><blocIllustration>0</blocIllustration></page><page><nbMot>5459</nbMot><blocTexte>61</blocTexte><blocTab>0</blocTab><blocPub>1</blocPub><blocIllustration>0</blocIllustration></page></contenus></analyseAlto>
