<?xml version="1.0" encoding="UTF-8"?>
<analyseAlto>
<metad><titre>Ouest Eclair (Éd. de Nantes)</titre><dateEdition>05.08.1916</dateEdition><nbPage>4</nbPage></metad><contenus><nbArticle>155</nbArticle><largeur>348</largeur><hauteur>476</hauteur><page><nbMot>4384</nbMot><blocTexte>82</blocTexte><blocTab>0</blocTab><blocPub>0</blocPub><blocIllustration>0</blocIllustration></page><page><nbMot>4686</nbMot><blocTexte>83</blocTexte><blocTab>0</blocTab><blocPub>0</blocPub><blocIllustration>1</blocIllustration></page><page><nbMot>5415</nbMot><blocTexte>122</blocTexte><blocTab>0</blocTab><blocPub>3</blocPub><blocIllustration>0</blocIllustration></page><page><nbMot>4864</nbMot><blocTexte>88</blocTexte><blocTab>0</blocTab><blocPub>2</blocPub><blocIllustration>0</blocIllustration></page></contenus></analyseAlto>
