<?xml version="1.0" encoding="UTF-8"?>
<analyseAlto>
<metad><titre>Ouest Eclair (Éd. de Nantes)</titre><dateEdition>28.03.1916</dateEdition><nbPage>4</nbPage></metad><contenus><nbArticle>149</nbArticle><largeur>345</largeur><hauteur>481</hauteur><page><nbMot>3268</nbMot><blocTexte>55</blocTexte><blocTab>0</blocTab><blocPub>0</blocPub><blocIllustration>4</blocIllustration></page><page><nbMot>4647</nbMot><blocTexte>54</blocTexte><blocTab>0</blocTab><blocPub>0</blocPub><blocIllustration>0</blocIllustration></page><page><nbMot>5579</nbMot><blocTexte>85</blocTexte><blocTab>0</blocTab><blocPub>2</blocPub><blocIllustration>0</blocIllustration></page><page><nbMot>4552</nbMot><blocTexte>66</blocTexte><blocTab>0</blocTab><blocPub>1</blocPub><blocIllustration>0</blocIllustration></page></contenus></analyseAlto>
