<?xml version="1.0" encoding="UTF-8"?>
<analyseAlto>
<metad><titre>Ouest Eclair (Éd. de Nantes)</titre><dateEdition>25.05.1916</dateEdition><nbPage>6</nbPage></metad><contenus><nbArticle>207</nbArticle><largeur>348</largeur><hauteur>476</hauteur><page><nbMot>4049</nbMot><blocTexte>39</blocTexte><blocTab>0</blocTab><blocPub>0</blocPub><blocIllustration>1</blocIllustration></page><page><nbMot>5374</nbMot><blocTexte>66</blocTexte><blocTab>0</blocTab><blocPub>0</blocPub><blocIllustration>0</blocIllustration></page><page><nbMot>5374</nbMot><blocTexte>65</blocTexte><blocTab>0</blocTab><blocPub>0</blocPub><blocIllustration>0</blocIllustration></page><page><nbMot>5321</nbMot><blocTexte>71</blocTexte><blocTab>0</blocTab><blocPub>3</blocPub><blocIllustration>0</blocIllustration></page><page><nbMot>5040</nbMot><blocTexte>80</blocTexte><blocTab>0</blocTab><blocPub>6</blocPub><blocIllustration>0</blocIllustration></page><page><nbMot>4860</nbMot><blocTexte>26</blocTexte><blocTab>0</blocTab><blocPub>10</blocPub><blocIllustration>1</blocIllustration></page></contenus></analyseAlto>
