<?xml version="1.0" encoding="UTF-8"?>
<analyseAlto>
<metad><titre>Ouest Eclair (Éd. de Nantes)</titre><dateEdition>17.04.1916</dateEdition><nbPage>4</nbPage></metad><contenus><nbArticle>123</nbArticle><largeur>345</largeur><hauteur>481</hauteur><page><nbMot>4367</nbMot><blocTexte>59</blocTexte><blocTab>0</blocTab><blocPub>0</blocPub><blocIllustration>0</blocIllustration></page><page><nbMot>4991</nbMot><blocTexte>39</blocTexte><blocTab>0</blocTab><blocPub>0</blocPub><blocIllustration>0</blocIllustration></page><page><nbMot>6013</nbMot><blocTexte>57</blocTexte><blocTab>0</blocTab><blocPub>3</blocPub><blocIllustration>0</blocIllustration></page><page><nbMot>4561</nbMot><blocTexte>61</blocTexte><blocTab>0</blocTab><blocPub>3</blocPub><blocIllustration>0</blocIllustration></page></contenus></analyseAlto>
