<?xml version="1.0" encoding="UTF-8"?>
<analyseAlto>
<metad><titre>Ouest Eclair (Éd. de Nantes)</titre><dateEdition>28.04.1916</dateEdition><nbPage>4</nbPage></metad><contenus><nbArticle>143</nbArticle><largeur>345</largeur><hauteur>481</hauteur><page><nbMot>4379</nbMot><blocTexte>65</blocTexte><blocTab>0</blocTab><blocPub>0</blocPub><blocIllustration>0</blocIllustration></page><page><nbMot>5542</nbMot><blocTexte>87</blocTexte><blocTab>0</blocTab><blocPub>3</blocPub><blocIllustration>0</blocIllustration></page><page><nbMot>4860</nbMot><blocTexte>79</blocTexte><blocTab>0</blocTab><blocPub>0</blocPub><blocIllustration>0</blocIllustration></page><page><nbMot>4997</nbMot><blocTexte>73</blocTexte><blocTab>0</blocTab><blocPub>1</blocPub><blocIllustration>0</blocIllustration></page></contenus></analyseAlto>
