<?xml version="1.0" encoding="UTF-8"?>
<analyseAlto>
<metad><titre>Ouest Eclair (Éd. de Nantes)</titre><dateEdition>16.07.1916</dateEdition><nbPage>6</nbPage></metad><contenus><nbArticle>153</nbArticle><largeur>348</largeur><hauteur>476</hauteur><page><nbMot>3180</nbMot><blocTexte>56</blocTexte><blocTab>0</blocTab><blocPub>0</blocPub><blocIllustration>2</blocIllustration></page><page><nbMot>5072</nbMot><blocTexte>60</blocTexte><blocTab>0</blocTab><blocPub>0</blocPub><blocIllustration>0</blocIllustration></page><page><nbMot>5306</nbMot><blocTexte>57</blocTexte><blocTab>0</blocTab><blocPub>0</blocPub><blocIllustration>0</blocIllustration></page><page><nbMot>5202</nbMot><blocTexte>69</blocTexte><blocTab>0</blocTab><blocPub>5</blocPub><blocIllustration>0</blocIllustration></page><page><nbMot>4584</nbMot><blocTexte>44</blocTexte><blocTab>0</blocTab><blocPub>13</blocPub><blocIllustration>0</blocIllustration></page><page><nbMot>2759</nbMot><blocTexte>17</blocTexte><blocTab>0</blocTab><blocPub>13</blocPub><blocIllustration>0</blocIllustration></page></contenus></analyseAlto>
