<?xml version="1.0" encoding="UTF-8"?>
<analyseAlto>
<metad><titre>Ouest Eclair (Éd. de Nantes)</titre><dateEdition>25.08.1916</dateEdition><nbPage>4</nbPage></metad><contenus><nbArticle>182</nbArticle><largeur>348</largeur><hauteur>476</hauteur><page><nbMot>3618</nbMot><blocTexte>88</blocTexte><blocTab>0</blocTab><blocPub>0</blocPub><blocIllustration>7</blocIllustration></page><page><nbMot>4766</nbMot><blocTexte>83</blocTexte><blocTab>0</blocTab><blocPub>2</blocPub><blocIllustration>0</blocIllustration></page><page><nbMot>5450</nbMot><blocTexte>73</blocTexte><blocTab>0</blocTab><blocPub>3</blocPub><blocIllustration>0</blocIllustration></page><page><nbMot>5117</nbMot><blocTexte>77</blocTexte><blocTab>0</blocTab><blocPub>2</blocPub><blocIllustration>0</blocIllustration></page></contenus></analyseAlto>
