<?xml version="1.0" encoding="UTF-8"?>
<analyseAlto>
<metad><titre>Ouest Eclair (Éd. de Nantes)</titre><dateEdition>08.05.1916</dateEdition><nbPage>4</nbPage></metad><contenus><nbArticle>147</nbArticle><largeur>348</largeur><hauteur>476</hauteur><page><nbMot>3992</nbMot><blocTexte>53</blocTexte><blocTab>0</blocTab><blocPub>0</blocPub><blocIllustration>0</blocIllustration></page><page><nbMot>4939</nbMot><blocTexte>64</blocTexte><blocTab>0</blocTab><blocPub>0</blocPub><blocIllustration>0</blocIllustration></page><page><nbMot>5942</nbMot><blocTexte>69</blocTexte><blocTab>0</blocTab><blocPub>2</blocPub><blocIllustration>0</blocIllustration></page><page><nbMot>4481</nbMot><blocTexte>59</blocTexte><blocTab>0</blocTab><blocPub>2</blocPub><blocIllustration>0</blocIllustration></page></contenus></analyseAlto>
