<?xml version="1.0" encoding="UTF-8"?>
<analyseAlto>
<metad><titre>Ouest Eclair (Éd. de Nantes)</titre><dateEdition>30.01.1916</dateEdition><nbPage>4</nbPage></metad><contenus><nbArticle>149</nbArticle><largeur>345</largeur><hauteur>481</hauteur><page><nbMot>4228</nbMot><blocTexte>67</blocTexte><blocTab>0</blocTab><blocPub>0</blocPub><blocIllustration>1</blocIllustration></page><page><nbMot>4535</nbMot><blocTexte>66</blocTexte><blocTab>0</blocTab><blocPub>1</blocPub><blocIllustration>0</blocIllustration></page><page><nbMot>4978</nbMot><blocTexte>78</blocTexte><blocTab>0</blocTab><blocPub>4</blocPub><blocIllustration>0</blocIllustration></page><page><nbMot>4864</nbMot><blocTexte>47</blocTexte><blocTab>1</blocTab><blocPub>6</blocPub><blocIllustration>0</blocIllustration></page></contenus></analyseAlto>
