<?xml version="1.0" encoding="UTF-8"?>
<analyseAlto>
<metad><titre>Ouest Eclair (Éd. de Nantes)</titre><dateEdition>11.05.1916</dateEdition><nbPage>6</nbPage></metad><contenus><nbArticle>231</nbArticle><largeur>348</largeur><hauteur>476</hauteur><page><nbMot>4116</nbMot><blocTexte>70</blocTexte><blocTab>0</blocTab><blocPub>0</blocPub><blocIllustration>0</blocIllustration></page><page><nbMot>4935</nbMot><blocTexte>67</blocTexte><blocTab>0</blocTab><blocPub>0</blocPub><blocIllustration>0</blocIllustration></page><page><nbMot>5345</nbMot><blocTexte>62</blocTexte><blocTab>0</blocTab><blocPub>0</blocPub><blocIllustration>0</blocIllustration></page><page><nbMot>5174</nbMot><blocTexte>95</blocTexte><blocTab>0</blocTab><blocPub>4</blocPub><blocIllustration>0</blocIllustration></page><page><nbMot>4408</nbMot><blocTexte>74</blocTexte><blocTab>0</blocTab><blocPub>5</blocPub><blocIllustration>1</blocIllustration></page><page><nbMot>3324</nbMot><blocTexte>16</blocTexte><blocTab>0</blocTab><blocPub>8</blocPub><blocIllustration>0</blocIllustration></page></contenus></analyseAlto>
