<?xml version="1.0" encoding="UTF-8"?>
<analyseAlto>
<metad><titre>Ouest Eclair (Éd. de Nantes)</titre><dateEdition>21.03.1916</dateEdition><nbPage>4</nbPage></metad><contenus><nbArticle>167</nbArticle><largeur>345</largeur><hauteur>481</hauteur><page><nbMot>4070</nbMot><blocTexte>90</blocTexte><blocTab>0</blocTab><blocPub>0</blocPub><blocIllustration>1</blocIllustration></page><page><nbMot>4717</nbMot><blocTexte>70</blocTexte><blocTab>0</blocTab><blocPub>0</blocPub><blocIllustration>0</blocIllustration></page><page><nbMot>5372</nbMot><blocTexte>83</blocTexte><blocTab>0</blocTab><blocPub>5</blocPub><blocIllustration>0</blocIllustration></page><page><nbMot>4393</nbMot><blocTexte>66</blocTexte><blocTab>0</blocTab><blocPub>4</blocPub><blocIllustration>0</blocIllustration></page></contenus></analyseAlto>
