<?xml version="1.0" encoding="UTF-8"?>
<analyseAlto>
<metad><titre>Ouest Eclair (Éd. de Nantes)</titre><dateEdition>13.08.1916</dateEdition><nbPage>6</nbPage></metad><contenus><nbArticle>198</nbArticle><largeur>348</largeur><hauteur>476</hauteur><page><nbMot>3713</nbMot><blocTexte>71</blocTexte><blocTab>0</blocTab><blocPub>0</blocPub><blocIllustration>1</blocIllustration></page><page><nbMot>5270</nbMot><blocTexte>61</blocTexte><blocTab>0</blocTab><blocPub>0</blocPub><blocIllustration>0</blocIllustration></page><page><nbMot>5184</nbMot><blocTexte>88</blocTexte><blocTab>0</blocTab><blocPub>0</blocPub><blocIllustration>0</blocIllustration></page><page><nbMot>5304</nbMot><blocTexte>105</blocTexte><blocTab>0</blocTab><blocPub>5</blocPub><blocIllustration>0</blocIllustration></page><page><nbMot>2982</nbMot><blocTexte>16</blocTexte><blocTab>0</blocTab><blocPub>13</blocPub><blocIllustration>0</blocIllustration></page><page><nbMot>4611</nbMot><blocTexte>62</blocTexte><blocTab>0</blocTab><blocPub>11</blocPub><blocIllustration>0</blocIllustration></page></contenus></analyseAlto>
