<?xml version="1.0" encoding="UTF-8"?>
<analyseAlto>
<metad><titre>Ouest Eclair (Éd. de Nantes)</titre><dateEdition>03.12.1916</dateEdition><nbPage>6</nbPage></metad><contenus><nbArticle>185</nbArticle><largeur>349</largeur><hauteur>470</hauteur><page><nbMot>3821</nbMot><blocTexte>48</blocTexte><blocTab>0</blocTab><blocPub>0</blocPub><blocIllustration>0</blocIllustration></page><page><nbMot>4698</nbMot><blocTexte>67</blocTexte><blocTab>0</blocTab><blocPub>0</blocPub><blocIllustration>0</blocIllustration></page><page><nbMot>5034</nbMot><blocTexte>63</blocTexte><blocTab>0</blocTab><blocPub>0</blocPub><blocIllustration>0</blocIllustration></page><page><nbMot>4787</nbMot><blocTexte>69</blocTexte><blocTab>0</blocTab><blocPub>10</blocPub><blocIllustration>0</blocIllustration></page><page><nbMot>5605</nbMot><blocTexte>44</blocTexte><blocTab>1</blocTab><blocPub>12</blocPub><blocIllustration>0</blocIllustration></page><page><nbMot>2074</nbMot><blocTexte>13</blocTexte><blocTab>1</blocTab><blocPub>10</blocPub><blocIllustration>0</blocIllustration></page></contenus></analyseAlto>
