<?xml version="1.0" encoding="UTF-8"?>
<analyseAlto>
<metad><titre>Ouest Eclair (Éd. de Nantes)</titre><dateEdition>22.10.1916</dateEdition><nbPage>6</nbPage></metad><contenus><nbArticle>172</nbArticle><largeur>349</largeur><hauteur>470</hauteur><page><nbMot>4279</nbMot><blocTexte>71</blocTexte><blocTab>0</blocTab><blocPub>0</blocPub><blocIllustration>0</blocIllustration></page><page><nbMot>4835</nbMot><blocTexte>63</blocTexte><blocTab>0</blocTab><blocPub>0</blocPub><blocIllustration>0</blocIllustration></page><page><nbMot>5285</nbMot><blocTexte>65</blocTexte><blocTab>0</blocTab><blocPub>0</blocPub><blocIllustration>0</blocIllustration></page><page><nbMot>4615</nbMot><blocTexte>77</blocTexte><blocTab>0</blocTab><blocPub>14</blocPub><blocIllustration>0</blocIllustration></page><page><nbMot>5278</nbMot><blocTexte>18</blocTexte><blocTab>0</blocTab><blocPub>6</blocPub><blocIllustration>0</blocIllustration></page><page><nbMot>1880</nbMot><blocTexte>13</blocTexte><blocTab>1</blocTab><blocPub>9</blocPub><blocIllustration>0</blocIllustration></page></contenus></analyseAlto>
