<?xml version="1.0" encoding="UTF-8"?>
<analyseAlto>
<metad><titre>Ouest Eclair (Éd. de Nantes)</titre><dateEdition>10.09.1916</dateEdition><nbPage>6</nbPage></metad><contenus><nbArticle>148</nbArticle><largeur>349</largeur><hauteur>470</hauteur><page><nbMot>3973</nbMot><blocTexte>80</blocTexte><blocTab>0</blocTab><blocPub>0</blocPub><blocIllustration>0</blocIllustration></page><page><nbMot>5040</nbMot><blocTexte>51</blocTexte><blocTab>0</blocTab><blocPub>0</blocPub><blocIllustration>0</blocIllustration></page><page><nbMot>5017</nbMot><blocTexte>104</blocTexte><blocTab>0</blocTab><blocPub>0</blocPub><blocIllustration>0</blocIllustration></page><page><nbMot>5058</nbMot><blocTexte>105</blocTexte><blocTab>0</blocTab><blocPub>7</blocPub><blocIllustration>0</blocIllustration></page><page><nbMot>4773</nbMot><blocTexte>18</blocTexte><blocTab>0</blocTab><blocPub>8</blocPub><blocIllustration>0</blocIllustration></page><page><nbMot>3824</nbMot><blocTexte>13</blocTexte><blocTab>0</blocTab><blocPub>10</blocPub><blocIllustration>0</blocIllustration></page></contenus></analyseAlto>
