<?xml version="1.0" encoding="UTF-8"?>
<analyseAlto>
<metad><titre>Ouest Eclair (Éd. de Nantes)</titre><dateEdition>03.07.1916</dateEdition><nbPage>4</nbPage></metad><contenus><nbArticle>119</nbArticle><largeur>348</largeur><hauteur>476</hauteur><page><nbMot>3950</nbMot><blocTexte>64</blocTexte><blocTab>0</blocTab><blocPub>0</blocPub><blocIllustration>1</blocIllustration></page><page><nbMot>5204</nbMot><blocTexte>49</blocTexte><blocTab>0</blocTab><blocPub>0</blocPub><blocIllustration>0</blocIllustration></page><page><nbMot>5880</nbMot><blocTexte>87</blocTexte><blocTab>0</blocTab><blocPub>2</blocPub><blocIllustration>0</blocIllustration></page><page><nbMot>4624</nbMot><blocTexte>83</blocTexte><blocTab>0</blocTab><blocPub>1</blocPub><blocIllustration>0</blocIllustration></page></contenus></analyseAlto>
