<?xml version="1.0" encoding="UTF-8"?>
<analyseAlto>
<metad><titre>Ouest Eclair (Éd. de Nantes)</titre><dateEdition>01.10.1916</dateEdition><nbPage>6</nbPage></metad><contenus><nbArticle>150</nbArticle><largeur>349</largeur><hauteur>470</hauteur><page><nbMot>3922</nbMot><blocTexte>44</blocTexte><blocTab>0</blocTab><blocPub>0</blocPub><blocIllustration>0</blocIllustration></page><page><nbMot>5631</nbMot><blocTexte>39</blocTexte><blocTab>0</blocTab><blocPub>0</blocPub><blocIllustration>0</blocIllustration></page><page><nbMot>5522</nbMot><blocTexte>64</blocTexte><blocTab>0</blocTab><blocPub>0</blocPub><blocIllustration>0</blocIllustration></page><page><nbMot>5106</nbMot><blocTexte>60</blocTexte><blocTab>0</blocTab><blocPub>8</blocPub><blocIllustration>0</blocIllustration></page><page><nbMot>4819</nbMot><blocTexte>36</blocTexte><blocTab>0</blocTab><blocPub>10</blocPub><blocIllustration>0</blocIllustration></page><page><nbMot>3413</nbMot><blocTexte>11</blocTexte><blocTab>0</blocTab><blocPub>7</blocPub><blocIllustration>0</blocIllustration></page></contenus></analyseAlto>
