<?xml version="1.0" encoding="UTF-8"?>
<analyseAlto>
<metad><titre>Ouest Eclair (Éd. de Nantes)</titre><dateEdition>25.07.1916</dateEdition><nbPage>4</nbPage></metad><contenus><nbArticle>149</nbArticle><largeur>348</largeur><hauteur>476</hauteur><page><nbMot>4235</nbMot><blocTexte>41</blocTexte><blocTab>0</blocTab><blocPub>0</blocPub><blocIllustration>1</blocIllustration></page><page><nbMot>5168</nbMot><blocTexte>47</blocTexte><blocTab>0</blocTab><blocPub>0</blocPub><blocIllustration>0</blocIllustration></page><page><nbMot>5875</nbMot><blocTexte>48</blocTexte><blocTab>0</blocTab><blocPub>3</blocPub><blocIllustration>0</blocIllustration></page><page><nbMot>5083</nbMot><blocTexte>48</blocTexte><blocTab>0</blocTab><blocPub>2</blocPub><blocIllustration>0</blocIllustration></page></contenus></analyseAlto>
