<?xml version="1.0" encoding="UTF-8"?>
<analyseAlto>
<metad><titre>Ouest Eclair (Éd. de Nantes)</titre><dateEdition>12.09.1916</dateEdition><nbPage>4</nbPage></metad><contenus><nbArticle>146</nbArticle><largeur>349</largeur><hauteur>470</hauteur><page><nbMot>3686</nbMot><blocTexte>69</blocTexte><blocTab>0</blocTab><blocPub>0</blocPub><blocIllustration>1</blocIllustration></page><page><nbMot>5258</nbMot><blocTexte>57</blocTexte><blocTab>0</blocTab><blocPub>0</blocPub><blocIllustration>0</blocIllustration></page><page><nbMot>5609</nbMot><blocTexte>97</blocTexte><blocTab>0</blocTab><blocPub>3</blocPub><blocIllustration>0</blocIllustration></page><page><nbMot>4593</nbMot><blocTexte>66</blocTexte><blocTab>0</blocTab><blocPub>6</blocPub><blocIllustration>0</blocIllustration></page></contenus></analyseAlto>
