<?xml version="1.0" encoding="UTF-8"?>
<analyseAlto>
<metad><titre>Ouest Eclair (Éd. de Nantes)</titre><dateEdition>03.04.1916</dateEdition><nbPage>4</nbPage></metad><contenus><nbArticle>147</nbArticle><largeur>345</largeur><hauteur>481</hauteur><page><nbMot>4294</nbMot><blocTexte>63</blocTexte><blocTab>0</blocTab><blocPub>0</blocPub><blocIllustration>0</blocIllustration></page><page><nbMot>4813</nbMot><blocTexte>77</blocTexte><blocTab>0</blocTab><blocPub>0</blocPub><blocIllustration>0</blocIllustration></page><page><nbMot>5222</nbMot><blocTexte>83</blocTexte><blocTab>0</blocTab><blocPub>3</blocPub><blocIllustration>0</blocIllustration></page><page><nbMot>4498</nbMot><blocTexte>80</blocTexte><blocTab>0</blocTab><blocPub>1</blocPub><blocIllustration>0</blocIllustration></page></contenus></analyseAlto>
