<?xml version="1.0" encoding="UTF-8"?>
<analyseAlto>
<metad><titre>Ouest Eclair (Éd. de Nantes)</titre><dateEdition>11.10.1916</dateEdition><nbPage>4</nbPage></metad><contenus><nbArticle>120</nbArticle><largeur>349</largeur><hauteur>470</hauteur><page><nbMot>4198</nbMot><blocTexte>59</blocTexte><blocTab>0</blocTab><blocPub>0</blocPub><blocIllustration>0</blocIllustration></page><page><nbMot>5239</nbMot><blocTexte>48</blocTexte><blocTab>0</blocTab><blocPub>1</blocPub><blocIllustration>0</blocIllustration></page><page><nbMot>6072</nbMot><blocTexte>72</blocTexte><blocTab>0</blocTab><blocPub>3</blocPub><blocIllustration>0</blocIllustration></page><page><nbMot>4723</nbMot><blocTexte>53</blocTexte><blocTab>0</blocTab><blocPub>3</blocPub><blocIllustration>0</blocIllustration></page></contenus></analyseAlto>
