<?xml version="1.0" encoding="UTF-8"?>
<analyseAlto>
<metad><titre>Ouest Eclair (Éd. de Nantes)</titre><dateEdition>10.01.1916</dateEdition><nbPage>4</nbPage></metad><contenus><nbArticle>137</nbArticle><largeur>345</largeur><hauteur>481</hauteur><page><nbMot>3937</nbMot><blocTexte>58</blocTexte><blocTab>0</blocTab><blocPub>1</blocPub><blocIllustration>0</blocIllustration></page><page><nbMot>5265</nbMot><blocTexte>78</blocTexte><blocTab>0</blocTab><blocPub>0</blocPub><blocIllustration>0</blocIllustration></page><page><nbMot>6031</nbMot><blocTexte>71</blocTexte><blocTab>0</blocTab><blocPub>6</blocPub><blocIllustration>0</blocIllustration></page><page><nbMot>4977</nbMot><blocTexte>79</blocTexte><blocTab>0</blocTab><blocPub>1</blocPub><blocIllustration>0</blocIllustration></page></contenus></analyseAlto>
