<?xml version="1.0" encoding="UTF-8"?>
<analyseAlto>
<metad><titre>Ouest Eclair (Éd. de Nantes)</titre><dateEdition>28.08.1916</dateEdition><nbPage>4</nbPage></metad><contenus><nbArticle>158</nbArticle><largeur>348</largeur><hauteur>476</hauteur><page><nbMot>4343</nbMot><blocTexte>81</blocTexte><blocTab>0</blocTab><blocPub>0</blocPub><blocIllustration>0</blocIllustration></page><page><nbMot>5362</nbMot><blocTexte>64</blocTexte><blocTab>0</blocTab><blocPub>0</blocPub><blocIllustration>0</blocIllustration></page><page><nbMot>6027</nbMot><blocTexte>98</blocTexte><blocTab>0</blocTab><blocPub>1</blocPub><blocIllustration>0</blocIllustration></page><page><nbMot>4192</nbMot><blocTexte>94</blocTexte><blocTab>0</blocTab><blocPub>1</blocPub><blocIllustration>0</blocIllustration></page></contenus></analyseAlto>
