<?xml version="1.0" encoding="UTF-8"?>
<analyseAlto>
<metad><titre>Ouest Eclair (Éd. de Nantes)</titre><dateEdition>23.12.1916</dateEdition><nbPage>4</nbPage></metad><contenus><nbArticle>135</nbArticle><largeur>349</largeur><hauteur>470</hauteur><page><nbMot>4653</nbMot><blocTexte>41</blocTexte><blocTab>0</blocTab><blocPub>0</blocPub><blocIllustration>0</blocIllustration></page><page><nbMot>4996</nbMot><blocTexte>47</blocTexte><blocTab>0</blocTab><blocPub>0</blocPub><blocIllustration>0</blocIllustration></page><page><nbMot>5239</nbMot><blocTexte>80</blocTexte><blocTab>0</blocTab><blocPub>2</blocPub><blocIllustration>0</blocIllustration></page><page><nbMot>4595</nbMot><blocTexte>59</blocTexte><blocTab>0</blocTab><blocPub>3</blocPub><blocIllustration>0</blocIllustration></page></contenus></analyseAlto>
