<?xml version="1.0" encoding="UTF-8"?>
<analyseAlto>
<metad><titre>Ouest Eclair (Éd. de Nantes)</titre><dateEdition>22.09.1916</dateEdition><nbPage>4</nbPage></metad><contenus><nbArticle>138</nbArticle><largeur>349</largeur><hauteur>470</hauteur><page><nbMot>4031</nbMot><blocTexte>56</blocTexte><blocTab>0</blocTab><blocPub>0</blocPub><blocIllustration>0</blocIllustration></page><page><nbMot>5114</nbMot><blocTexte>63</blocTexte><blocTab>0</blocTab><blocPub>0</blocPub><blocIllustration>0</blocIllustration></page><page><nbMot>5666</nbMot><blocTexte>68</blocTexte><blocTab>0</blocTab><blocPub>3</blocPub><blocIllustration>0</blocIllustration></page><page><nbMot>5103</nbMot><blocTexte>52</blocTexte><blocTab>0</blocTab><blocPub>5</blocPub><blocIllustration>0</blocIllustration></page></contenus></analyseAlto>
