<?xml version="1.0" encoding="UTF-8"?>
<analyseAlto>
<metad><titre>Ouest Eclair (Éd. de Nantes)</titre><dateEdition>26.07.1916</dateEdition><nbPage>4</nbPage></metad><contenus><nbArticle>126</nbArticle><largeur>348</largeur><hauteur>476</hauteur><page><nbMot>4240</nbMot><blocTexte>54</blocTexte><blocTab>0</blocTab><blocPub>0</blocPub><blocIllustration>1</blocIllustration></page><page><nbMot>4389</nbMot><blocTexte>45</blocTexte><blocTab>0</blocTab><blocPub>1</blocPub><blocIllustration>2</blocIllustration></page><page><nbMot>5651</nbMot><blocTexte>90</blocTexte><blocTab>0</blocTab><blocPub>3</blocPub><blocIllustration>0</blocIllustration></page><page><nbMot>5200</nbMot><blocTexte>72</blocTexte><blocTab>0</blocTab><blocPub>1</blocPub><blocIllustration>0</blocIllustration></page></contenus></analyseAlto>
