<?xml version="1.0" encoding="UTF-8"?>
<analyseAlto>
<metad><titre>Ouest Eclair (Éd. de Nantes)</titre><dateEdition>04.12.1916</dateEdition><nbPage>4</nbPage></metad><contenus><nbArticle>113</nbArticle><largeur>349</largeur><hauteur>470</hauteur><page><nbMot>3341</nbMot><blocTexte>46</blocTexte><blocTab>0</blocTab><blocPub>0</blocPub><blocIllustration>2</blocIllustration></page><page><nbMot>4481</nbMot><blocTexte>47</blocTexte><blocTab>0</blocTab><blocPub>0</blocPub><blocIllustration>1</blocIllustration></page><page><nbMot>5730</nbMot><blocTexte>77</blocTexte><blocTab>0</blocTab><blocPub>1</blocPub><blocIllustration>0</blocIllustration></page><page><nbMot>4492</nbMot><blocTexte>52</blocTexte><blocTab>0</blocTab><blocPub>3</blocPub><blocIllustration>0</blocIllustration></page></contenus></analyseAlto>
