<?xml version="1.0" encoding="UTF-8"?>
<analyseAlto>
<metad><titre>Ouest Eclair (Éd. de Nantes)</titre><dateEdition>03.09.1916</dateEdition><nbPage>6</nbPage></metad><contenus><nbArticle>159</nbArticle><largeur>349</largeur><hauteur>470</hauteur><page><nbMot>3800</nbMot><blocTexte>62</blocTexte><blocTab>0</blocTab><blocPub>0</blocPub><blocIllustration>0</blocIllustration></page><page><nbMot>5161</nbMot><blocTexte>63</blocTexte><blocTab>0</blocTab><blocPub>0</blocPub><blocIllustration>0</blocIllustration></page><page><nbMot>5211</nbMot><blocTexte>97</blocTexte><blocTab>0</blocTab><blocPub>0</blocPub><blocIllustration>0</blocIllustration></page><page><nbMot>4756</nbMot><blocTexte>82</blocTexte><blocTab>0</blocTab><blocPub>10</blocPub><blocIllustration>1</blocIllustration></page><page><nbMot>4384</nbMot><blocTexte>28</blocTexte><blocTab>0</blocTab><blocPub>9</blocPub><blocIllustration>0</blocIllustration></page><page><nbMot>2807</nbMot><blocTexte>14</blocTexte><blocTab>0</blocTab><blocPub>11</blocPub><blocIllustration>0</blocIllustration></page></contenus></analyseAlto>
