<?xml version="1.0" encoding="UTF-8"?>
<analyseAlto>
<metad><titre>Ouest Eclair (Éd. de Nantes)</titre><dateEdition>12.12.1916</dateEdition><nbPage>4</nbPage></metad><contenus><nbArticle>116</nbArticle><largeur>349</largeur><hauteur>470</hauteur><page><nbMot>4109</nbMot><blocTexte>36</blocTexte><blocTab>0</blocTab><blocPub>1</blocPub><blocIllustration>0</blocIllustration></page><page><nbMot>4698</nbMot><blocTexte>30</blocTexte><blocTab>0</blocTab><blocPub>0</blocPub><blocIllustration>0</blocIllustration></page><page><nbMot>5675</nbMot><blocTexte>63</blocTexte><blocTab>0</blocTab><blocPub>3</blocPub><blocIllustration>0</blocIllustration></page><page><nbMot>4633</nbMot><blocTexte>55</blocTexte><blocTab>0</blocTab><blocPub>5</blocPub><blocIllustration>0</blocIllustration></page></contenus></analyseAlto>
