<?xml version="1.0" encoding="UTF-8"?>
<analyseAlto>
<metad><titre>Ouest Eclair (Éd. de Nantes)</titre><dateEdition>26.01.1917</dateEdition><nbPage>4</nbPage></metad><contenus><nbArticle>117</nbArticle><largeur>347</largeur><hauteur>482</hauteur><page><nbMot>4484</nbMot><blocTexte>70</blocTexte><blocTab>0</blocTab><blocPub>0</blocPub><blocIllustration>0</blocIllustration></page><page><nbMot>5175</nbMot><blocTexte>52</blocTexte><blocTab>0</blocTab><blocPub>1</blocPub><blocIllustration>1</blocIllustration></page><page><nbMot>5517</nbMot><blocTexte>79</blocTexte><blocTab>0</blocTab><blocPub>5</blocPub><blocIllustration>0</blocIllustration></page><page><nbMot>4714</nbMot><blocTexte>55</blocTexte><blocTab>0</blocTab><blocPub>6</blocPub><blocIllustration>0</blocIllustration></page></contenus></analyseAlto>
