<?xml version="1.0" encoding="UTF-8"?>
<analyseAlto>
<metad><titre>Ouest Eclair (Éd. de Nantes)</titre><dateEdition>31.01.1917</dateEdition><nbPage>4</nbPage></metad><contenus><nbArticle>132</nbArticle><largeur>347</largeur><hauteur>482</hauteur><page><nbMot>4376</nbMot><blocTexte>65</blocTexte><blocTab>0</blocTab><blocPub>0</blocPub><blocIllustration>0</blocIllustration></page><page><nbMot>4970</nbMot><blocTexte>74</blocTexte><blocTab>0</blocTab><blocPub>0</blocPub><blocIllustration>1</blocIllustration></page><page><nbMot>5694</nbMot><blocTexte>87</blocTexte><blocTab>0</blocTab><blocPub>5</blocPub><blocIllustration>0</blocIllustration></page><page><nbMot>4748</nbMot><blocTexte>89</blocTexte><blocTab>0</blocTab><blocPub>4</blocPub><blocIllustration>0</blocIllustration></page></contenus></analyseAlto>
