<?xml version="1.0" encoding="UTF-8"?>
<analyseAlto>
<metad><titre>Ouest Eclair (Éd. de Nantes)</titre><dateEdition>03.02.1917</dateEdition><nbPage>4</nbPage></metad><contenus><nbArticle>131</nbArticle><largeur>347</largeur><hauteur>482</hauteur><page><nbMot>4208</nbMot><blocTexte>44</blocTexte><blocTab>0</blocTab><blocPub>0</blocPub><blocIllustration>0</blocIllustration></page><page><nbMot>4933</nbMot><blocTexte>34</blocTexte><blocTab>0</blocTab><blocPub>0</blocPub><blocIllustration>1</blocIllustration></page><page><nbMot>5527</nbMot><blocTexte>55</blocTexte><blocTab>0</blocTab><blocPub>2</blocPub><blocIllustration>0</blocIllustration></page><page><nbMot>4551</nbMot><blocTexte>49</blocTexte><blocTab>0</blocTab><blocPub>4</blocPub><blocIllustration>0</blocIllustration></page></contenus></analyseAlto>
