<?xml version="1.0" encoding="UTF-8"?>
<analyseAlto>
<metad><titre>Ouest Eclair (Éd. de Nantes)</titre><dateEdition>28.01.1917</dateEdition><nbPage>6</nbPage></metad><contenus><nbArticle>166</nbArticle><largeur>347</largeur><hauteur>482</hauteur><page><nbMot>4072</nbMot><blocTexte>77</blocTexte><blocTab>0</blocTab><blocPub>0</blocPub><blocIllustration>0</blocIllustration></page><page><nbMot>4961</nbMot><blocTexte>65</blocTexte><blocTab>0</blocTab><blocPub>1</blocPub><blocIllustration>1</blocIllustration></page><page><nbMot>5139</nbMot><blocTexte>81</blocTexte><blocTab>0</blocTab><blocPub>0</blocPub><blocIllustration>0</blocIllustration></page><page><nbMot>4875</nbMot><blocTexte>74</blocTexte><blocTab>0</blocTab><blocPub>9</blocPub><blocIllustration>0</blocIllustration></page><page><nbMot>5132</nbMot><blocTexte>47</blocTexte><blocTab>0</blocTab><blocPub>17</blocPub><blocIllustration>0</blocIllustration></page><page><nbMot>2192</nbMot><blocTexte>15</blocTexte><blocTab>0</blocTab><blocPub>11</blocPub><blocIllustration>0</blocIllustration></page></contenus></analyseAlto>
