<?xml version="1.0" encoding="UTF-8"?>
<analyseAlto>
<metad><titre>Ouest Eclair (Éd. de Nantes)</titre><dateEdition>12.01.1917</dateEdition><nbPage>4</nbPage></metad><contenus><nbArticle>114</nbArticle><largeur>347</largeur><hauteur>482</hauteur><page><nbMot>3618</nbMot><blocTexte>62</blocTexte><blocTab>0</blocTab><blocPub>0</blocPub><blocIllustration>1</blocIllustration></page><page><nbMot>5259</nbMot><blocTexte>72</blocTexte><blocTab>0</blocTab><blocPub>5</blocPub><blocIllustration>0</blocIllustration></page><page><nbMot>5098</nbMot><blocTexte>48</blocTexte><blocTab>0</blocTab><blocPub>0</blocPub><blocIllustration>1</blocIllustration></page><page><nbMot>3959</nbMot><blocTexte>61</blocTexte><blocTab>0</blocTab><blocPub>6</blocPub><blocIllustration>0</blocIllustration></page></contenus></analyseAlto>
