<?xml version="1.0" encoding="UTF-8"?>
<analyseAlto>
<metad><titre>Ouest Eclair (Éd. de Nantes)</titre><dateEdition>27.01.1917</dateEdition><nbPage>4</nbPage></metad><contenus><nbArticle>147</nbArticle><largeur>347</largeur><hauteur>482</hauteur><page><nbMot>4326</nbMot><blocTexte>69</blocTexte><blocTab>0</blocTab><blocPub>0</blocPub><blocIllustration>0</blocIllustration></page><page><nbMot>5014</nbMot><blocTexte>58</blocTexte><blocTab>0</blocTab><blocPub>1</blocPub><blocIllustration>1</blocIllustration></page><page><nbMot>5428</nbMot><blocTexte>83</blocTexte><blocTab>0</blocTab><blocPub>2</blocPub><blocIllustration>0</blocIllustration></page><page><nbMot>4240</nbMot><blocTexte>82</blocTexte><blocTab>0</blocTab><blocPub>4</blocPub><blocIllustration>0</blocIllustration></page></contenus></analyseAlto>
