<?xml version="1.0" encoding="UTF-8"?>
<analyseAlto>
<metad><titre>Ouest Eclair (Éd. de Nantes)</titre><dateEdition>16.01.1917</dateEdition><nbPage>4</nbPage></metad><contenus><nbArticle>132</nbArticle><largeur>347</largeur><hauteur>482</hauteur><page><nbMot>4330</nbMot><blocTexte>62</blocTexte><blocTab>0</blocTab><blocPub>0</blocPub><blocIllustration>0</blocIllustration></page><page><nbMot>4742</nbMot><blocTexte>52</blocTexte><blocTab>0</blocTab><blocPub>1</blocPub><blocIllustration>2</blocIllustration></page><page><nbMot>5776</nbMot><blocTexte>93</blocTexte><blocTab>0</blocTab><blocPub>2</blocPub><blocIllustration>0</blocIllustration></page><page><nbMot>4707</nbMot><blocTexte>85</blocTexte><blocTab>0</blocTab><blocPub>4</blocPub><blocIllustration>0</blocIllustration></page></contenus></analyseAlto>
