<?xml version="1.0" encoding="UTF-8"?>
<analyseAlto>
<metad><titre>Le Journal des Débats politiques et littéraires</titre><dateEdition>06.02.1900</dateEdition><nbPage>4</nbPage><suppl>FALSE</suppl></metad><contenus><nbArticle>160</nbArticle><largeur>523</largeur><hauteur>692</hauteur><page><nbMot>6768</nbMot><blocTexte>51</blocTexte><blocTab>1</blocTab><blocPub>2</blocPub><blocIllustration>0</blocIllustration></page><page><nbMot>8837</nbMot><blocTexte>75</blocTexte><blocTab>0</blocTab><blocPub>0</blocPub><blocIllustration>0</blocIllustration></page><page><nbMot>8116</nbMot><blocTexte>54</blocTexte><blocTab>2</blocTab><blocPub>1</blocPub><blocIllustration>0</blocIllustration></page><page><nbMot>21791</nbMot><blocTexte>78</blocTexte><blocTab>9</blocTab><blocPub>8</blocPub><blocIllustration>0</blocIllustration></page></contenus></analyseAlto>
