<?xml version="1.0" encoding="UTF-8"?>
<analyseAlto>
<metad><titre>Le Journal des Débats politiques et littéraires</titre><dateEdition>01.12.1900</dateEdition><nbPage>4</nbPage><suppl>FALSE</suppl></metad><contenus><nbArticle>113</nbArticle><largeur>522</largeur><hauteur>686</hauteur><page><nbMot>6544</nbMot><blocTexte>45</blocTexte><blocTab>0</blocTab><blocPub>2</blocPub><blocIllustration>0</blocIllustration></page><page><nbMot>8548</nbMot><blocTexte>41</blocTexte><blocTab>0</blocTab><blocPub>0</blocPub><blocIllustration>0</blocIllustration></page><page><nbMot>7353</nbMot><blocTexte>50</blocTexte><blocTab>0</blocTab><blocPub>6</blocPub><blocIllustration>1</blocIllustration></page><page><nbMot>8629</nbMot><blocTexte>75</blocTexte><blocTab>9</blocTab><blocPub>7</blocPub><blocIllustration>0</blocIllustration></page></contenus></analyseAlto>
