<?xml version="1.0" encoding="UTF-8"?>
<analyseAlto>
<metad><titre>Le Journal des Débats politiques et littéraires</titre><dateEdition>20.01.1900</dateEdition><nbPage>4</nbPage><suppl>FALSE</suppl></metad><contenus><nbArticle>150</nbArticle><largeur>519</largeur><hauteur>689</hauteur><page><nbMot>6655</nbMot><blocTexte>40</blocTexte><blocTab>0</blocTab><blocPub>2</blocPub><blocIllustration>1</blocIllustration></page><page><nbMot>8973</nbMot><blocTexte>32</blocTexte><blocTab>1</blocTab><blocPub>0</blocPub><blocIllustration>0</blocIllustration></page><page><nbMot>8505</nbMot><blocTexte>66</blocTexte><blocTab>0</blocTab><blocPub>3</blocPub><blocIllustration>1</blocIllustration></page><page><nbMot>8582</nbMot><blocTexte>77</blocTexte><blocTab>11</blocTab><blocPub>9</blocPub><blocIllustration>0</blocIllustration></page></contenus></analyseAlto>
