<?xml version="1.0" encoding="UTF-8"?>
<analyseAlto>
<metad><titre>Le Journal des Débats politiques et littéraires</titre><dateEdition>06.04.1900</dateEdition><nbPage>4</nbPage><suppl>FALSE</suppl></metad><contenus><nbArticle>153</nbArticle><largeur>519</largeur><hauteur>690</hauteur><page><nbMot>6263</nbMot><blocTexte>44</blocTexte><blocTab>0</blocTab><blocPub>2</blocPub><blocIllustration>0</blocIllustration></page><page><nbMot>7758</nbMot><blocTexte>54</blocTexte><blocTab>0</blocTab><blocPub>0</blocPub><blocIllustration>0</blocIllustration></page><page><nbMot>8308</nbMot><blocTexte>58</blocTexte><blocTab>9</blocTab><blocPub>3</blocPub><blocIllustration>0</blocIllustration></page><page><nbMot>8322</nbMot><blocTexte>81</blocTexte><blocTab>8</blocTab><blocPub>7</blocPub><blocIllustration>0</blocIllustration></page></contenus></analyseAlto>
