<?xml version="1.0" encoding="UTF-8"?>
<analyseAlto>
<metad><titre>Le Journal des Débats politiques et littéraires</titre><dateEdition>01.03.1900</dateEdition><nbPage>4</nbPage><suppl>FALSE</suppl></metad><contenus><nbArticle>142</nbArticle><largeur>523</largeur><hauteur>691</hauteur><page><nbMot>6521</nbMot><blocTexte>38</blocTexte><blocTab>0</blocTab><blocPub>2</blocPub><blocIllustration>0</blocIllustration></page><page><nbMot>8138</nbMot><blocTexte>39</blocTexte><blocTab>0</blocTab><blocPub>0</blocPub><blocIllustration>0</blocIllustration></page><page><nbMot>8043</nbMot><blocTexte>65</blocTexte><blocTab>1</blocTab><blocPub>2</blocPub><blocIllustration>1</blocIllustration></page><page><nbMot>6676</nbMot><blocTexte>78</blocTexte><blocTab>8</blocTab><blocPub>7</blocPub><blocIllustration>0</blocIllustration></page></contenus></analyseAlto>
