<?xml version="1.0" encoding="UTF-8"?>
<analyseAlto>
<metad><titre>Le Journal des Débats politiques et littéraires</titre><dateEdition>24.07.1900</dateEdition><nbPage>4</nbPage><suppl>FALSE</suppl></metad><contenus><nbArticle>146</nbArticle><largeur>528</largeur><hauteur>691</hauteur><page><nbMot>6802</nbMot><blocTexte>43</blocTexte><blocTab>0</blocTab><blocPub>6</blocPub><blocIllustration>0</blocIllustration></page><page><nbMot>8775</nbMot><blocTexte>57</blocTexte><blocTab>0</blocTab><blocPub>0</blocPub><blocIllustration>0</blocIllustration></page><page><nbMot>7620</nbMot><blocTexte>41</blocTexte><blocTab>2</blocTab><blocPub>0</blocPub><blocIllustration>0</blocIllustration></page><page><nbMot>9486</nbMot><blocTexte>69</blocTexte><blocTab>12</blocTab><blocPub>2</blocPub><blocIllustration>0</blocIllustration></page></contenus></analyseAlto>
