<?xml version="1.0" encoding="UTF-8"?>
<analyseAlto>
<metad><titre>Le Journal des Débats politiques et littéraires</titre><dateEdition>22.05.1900</dateEdition><nbPage>4</nbPage><suppl>FALSE</suppl></metad><contenus><nbArticle>135</nbArticle><largeur>521</largeur><hauteur>694</hauteur><page><nbMot>6443</nbMot><blocTexte>41</blocTexte><blocTab>0</blocTab><blocPub>2</blocPub><blocIllustration>0</blocIllustration></page><page><nbMot>11847</nbMot><blocTexte>46</blocTexte><blocTab>2</blocTab><blocPub>0</blocPub><blocIllustration>0</blocIllustration></page><page><nbMot>8701</nbMot><blocTexte>40</blocTexte><blocTab>0</blocTab><blocPub>1</blocPub><blocIllustration>0</blocIllustration></page><page><nbMot>14982</nbMot><blocTexte>80</blocTexte><blocTab>12</blocTab><blocPub>7</blocPub><blocIllustration>0</blocIllustration></page></contenus></analyseAlto>
