<?xml version="1.0" encoding="UTF-8"?>
<analyseAlto>
<metad><titre>Le Journal des Débats politiques et littéraires</titre><dateEdition>06.08.1900</dateEdition><nbPage>4</nbPage><suppl>FALSE</suppl></metad><contenus><nbArticle>114</nbArticle><largeur>526</largeur><hauteur>687</hauteur><page><nbMot>6782</nbMot><blocTexte>43</blocTexte><blocTab>0</blocTab><blocPub>2</blocPub><blocIllustration>0</blocIllustration></page><page><nbMot>8182</nbMot><blocTexte>50</blocTexte><blocTab>0</blocTab><blocPub>0</blocPub><blocIllustration>0</blocIllustration></page><page><nbMot>8083</nbMot><blocTexte>53</blocTexte><blocTab>1</blocTab><blocPub>1</blocPub><blocIllustration>0</blocIllustration></page><page><nbMot>7577</nbMot><blocTexte>49</blocTexte><blocTab>7</blocTab><blocPub>9</blocPub><blocIllustration>0</blocIllustration></page></contenus></analyseAlto>
