<?xml version="1.0" encoding="UTF-8"?>
<analyseAlto>
<metad><titre>Le Journal des Débats politiques et littéraires</titre><dateEdition>09.12.1900</dateEdition><nbPage>4</nbPage><suppl>FALSE</suppl></metad><contenus><nbArticle>129</nbArticle><largeur>526</largeur><hauteur>689</hauteur><page><nbMot>6927</nbMot><blocTexte>40</blocTexte><blocTab>0</blocTab><blocPub>3</blocPub><blocIllustration>0</blocIllustration></page><page><nbMot>8527</nbMot><blocTexte>36</blocTexte><blocTab>0</blocTab><blocPub>0</blocPub><blocIllustration>0</blocIllustration></page><page><nbMot>6801</nbMot><blocTexte>64</blocTexte><blocTab>1</blocTab><blocPub>2</blocPub><blocIllustration>0</blocIllustration></page><page><nbMot>7284</nbMot><blocTexte>73</blocTexte><blocTab>10</blocTab><blocPub>8</blocPub><blocIllustration>0</blocIllustration></page></contenus></analyseAlto>
