<?xml version="1.0" encoding="UTF-8"?>
<analyseAlto>
<metad><titre>Le Journal des Débats politiques et littéraires</titre><dateEdition>07.12.1900</dateEdition><nbPage>4</nbPage><suppl>FALSE</suppl></metad><contenus><nbArticle>130</nbArticle><largeur>523</largeur><hauteur>686</hauteur><page><nbMot>6721</nbMot><blocTexte>37</blocTexte><blocTab>0</blocTab><blocPub>2</blocPub><blocIllustration>0</blocIllustration></page><page><nbMot>8053</nbMot><blocTexte>51</blocTexte><blocTab>0</blocTab><blocPub>0</blocPub><blocIllustration>0</blocIllustration></page><page><nbMot>8405</nbMot><blocTexte>64</blocTexte><blocTab>0</blocTab><blocPub>8</blocPub><blocIllustration>0</blocIllustration></page><page><nbMot>9609</nbMot><blocTexte>68</blocTexte><blocTab>11</blocTab><blocPub>7</blocPub><blocIllustration>0</blocIllustration></page></contenus></analyseAlto>
