<?xml version="1.0" encoding="UTF-8"?>
<analyseAlto>
<metad><titre>Le Journal des Débats politiques et littéraires</titre><dateEdition>02.01.1900</dateEdition><nbPage>4</nbPage><suppl>FALSE</suppl></metad><contenus><nbArticle>124</nbArticle><largeur>522</largeur><hauteur>688</hauteur><page><nbMot>6537</nbMot><blocTexte>41</blocTexte><blocTab>0</blocTab><blocPub>2</blocPub><blocIllustration>0</blocIllustration></page><page><nbMot>8616</nbMot><blocTexte>44</blocTexte><blocTab>0</blocTab><blocPub>0</blocPub><blocIllustration>0</blocIllustration></page><page><nbMot>8019</nbMot><blocTexte>62</blocTexte><blocTab>0</blocTab><blocPub>3</blocPub><blocIllustration>1</blocIllustration></page><page><nbMot>8732</nbMot><blocTexte>86</blocTexte><blocTab>7</blocTab><blocPub>9</blocPub><blocIllustration>0</blocIllustration></page></contenus></analyseAlto>
