<?xml version="1.0" encoding="UTF-8"?>
<analyseAlto>
<metad><titre>Le Journal des Débats politiques et littéraires</titre><dateEdition>20.08.1900</dateEdition><nbPage>4</nbPage><suppl>FALSE</suppl></metad><contenus><nbArticle>103</nbArticle><largeur>525</largeur><hauteur>686</hauteur><page><nbMot>6724</nbMot><blocTexte>40</blocTexte><blocTab>0</blocTab><blocPub>2</blocPub><blocIllustration>0</blocIllustration></page><page><nbMot>8055</nbMot><blocTexte>48</blocTexte><blocTab>0</blocTab><blocPub>0</blocPub><blocIllustration>0</blocIllustration></page><page><nbMot>8582</nbMot><blocTexte>53</blocTexte><blocTab>0</blocTab><blocPub>2</blocPub><blocIllustration>0</blocIllustration></page><page><nbMot>7498</nbMot><blocTexte>57</blocTexte><blocTab>8</blocTab><blocPub>14</blocPub><blocIllustration>0</blocIllustration></page></contenus></analyseAlto>
