<?xml version="1.0" encoding="UTF-8"?>
<analyseAlto>
<metad><titre>Le Journal des Débats politiques et littéraires</titre><dateEdition>08.08.1900</dateEdition><nbPage>4</nbPage><suppl>FALSE</suppl></metad><contenus><nbArticle>156</nbArticle><largeur>523</largeur><hauteur>686</hauteur><page><nbMot>6509</nbMot><blocTexte>40</blocTexte><blocTab>0</blocTab><blocPub>6</blocPub><blocIllustration>0</blocIllustration></page><page><nbMot>8217</nbMot><blocTexte>44</blocTexte><blocTab>3</blocTab><blocPub>0</blocPub><blocIllustration>0</blocIllustration></page><page><nbMot>8283</nbMot><blocTexte>54</blocTexte><blocTab>0</blocTab><blocPub>2</blocPub><blocIllustration>0</blocIllustration></page><page><nbMot>28370</nbMot><blocTexte>84</blocTexte><blocTab>13</blocTab><blocPub>7</blocPub><blocIllustration>0</blocIllustration></page></contenus></analyseAlto>
