<?xml version="1.0" encoding="UTF-8"?>
<analyseAlto>
<metad><titre>Le Journal des Débats politiques et littéraires</titre><dateEdition>08.06.1900</dateEdition><nbPage>4</nbPage><suppl>FALSE</suppl></metad><contenus><nbArticle>142</nbArticle><largeur>519</largeur><hauteur>689</hauteur><page><nbMot>6495</nbMot><blocTexte>42</blocTexte><blocTab>0</blocTab><blocPub>2</blocPub><blocIllustration>0</blocIllustration></page><page><nbMot>8085</nbMot><blocTexte>36</blocTexte><blocTab>0</blocTab><blocPub>0</blocPub><blocIllustration>0</blocIllustration></page><page><nbMot>8603</nbMot><blocTexte>55</blocTexte><blocTab>1</blocTab><blocPub>4</blocPub><blocIllustration>2</blocIllustration></page><page><nbMot>8128</nbMot><blocTexte>80</blocTexte><blocTab>11</blocTab><blocPub>6</blocPub><blocIllustration>0</blocIllustration></page></contenus></analyseAlto>
