<?xml version="1.0" encoding="UTF-8"?>
<analyseAlto>
<metad><titre>Le Journal des Débats politiques et littéraires</titre><dateEdition>10.12.1900</dateEdition><nbPage>4</nbPage><suppl>FALSE</suppl></metad><contenus><nbArticle>103</nbArticle><largeur>523</largeur><hauteur>686</hauteur><page><nbMot>6793</nbMot><blocTexte>53</blocTexte><blocTab>0</blocTab><blocPub>2</blocPub><blocIllustration>0</blocIllustration></page><page><nbMot>7898</nbMot><blocTexte>44</blocTexte><blocTab>0</blocTab><blocPub>0</blocPub><blocIllustration>0</blocIllustration></page><page><nbMot>8186</nbMot><blocTexte>54</blocTexte><blocTab>2</blocTab><blocPub>3</blocPub><blocIllustration>0</blocIllustration></page><page><nbMot>7026</nbMot><blocTexte>48</blocTexte><blocTab>7</blocTab><blocPub>11</blocPub><blocIllustration>0</blocIllustration></page></contenus></analyseAlto>
