<?xml version="1.0" encoding="UTF-8"?>
<analyseAlto>
<metad><titre>Le Journal des Débats politiques et littéraires</titre><dateEdition>08.02.1900</dateEdition><nbPage>4</nbPage><suppl>FALSE</suppl></metad><contenus><nbArticle>161</nbArticle><largeur>520</largeur><hauteur>690</hauteur><page><nbMot>6622</nbMot><blocTexte>38</blocTexte><blocTab>0</blocTab><blocPub>2</blocPub><blocIllustration>0</blocIllustration></page><page><nbMot>8146</nbMot><blocTexte>34</blocTexte><blocTab>0</blocTab><blocPub>0</blocPub><blocIllustration>0</blocIllustration></page><page><nbMot>8279</nbMot><blocTexte>60</blocTexte><blocTab>0</blocTab><blocPub>1</blocPub><blocIllustration>1</blocIllustration></page><page><nbMot>8450</nbMot><blocTexte>90</blocTexte><blocTab>8</blocTab><blocPub>9</blocPub><blocIllustration>0</blocIllustration></page></contenus></analyseAlto>
