<?xml version="1.0" encoding="UTF-8"?>
<analyseAlto>
<metad><titre>Le Journal des Débats politiques et littéraires</titre><dateEdition>20.02.1900</dateEdition><nbPage>4</nbPage><suppl>FALSE</suppl></metad><contenus><nbArticle>125</nbArticle><largeur>520</largeur><hauteur>691</hauteur><page><nbMot>6401</nbMot><blocTexte>46</blocTexte><blocTab>3</blocTab><blocPub>2</blocPub><blocIllustration>0</blocIllustration></page><page><nbMot>8320</nbMot><blocTexte>45</blocTexte><blocTab>0</blocTab><blocPub>0</blocPub><blocIllustration>0</blocIllustration></page><page><nbMot>8299</nbMot><blocTexte>55</blocTexte><blocTab>0</blocTab><blocPub>3</blocPub><blocIllustration>1</blocIllustration></page><page><nbMot>9926</nbMot><blocTexte>70</blocTexte><blocTab>9</blocTab><blocPub>8</blocPub><blocIllustration>0</blocIllustration></page></contenus></analyseAlto>
