<?xml version="1.0" encoding="UTF-8"?>
<analyseAlto>
<metad><titre>Le Journal des Débats politiques et littéraires</titre><dateEdition>24.01.1900</dateEdition><nbPage>4</nbPage><suppl>FALSE</suppl></metad><contenus><nbArticle>129</nbArticle><largeur>518</largeur><hauteur>689</hauteur><page><nbMot>6591</nbMot><blocTexte>42</blocTexte><blocTab>0</blocTab><blocPub>2</blocPub><blocIllustration>0</blocIllustration></page><page><nbMot>9182</nbMot><blocTexte>32</blocTexte><blocTab>2</blocTab><blocPub>0</blocPub><blocIllustration>0</blocIllustration></page><page><nbMot>8051</nbMot><blocTexte>48</blocTexte><blocTab>0</blocTab><blocPub>3</blocPub><blocIllustration>1</blocIllustration></page><page><nbMot>9647</nbMot><blocTexte>76</blocTexte><blocTab>9</blocTab><blocPub>8</blocPub><blocIllustration>0</blocIllustration></page></contenus></analyseAlto>
