<?xml version="1.0" encoding="UTF-8"?>
<analyseAlto>
<metad><titre>Le Journal des Débats politiques et littéraires</titre><dateEdition>24.02.1900</dateEdition><nbPage>4</nbPage><suppl>FALSE</suppl></metad><contenus><nbArticle>158</nbArticle><largeur>519</largeur><hauteur>690</hauteur><page><nbMot>6534</nbMot><blocTexte>42</blocTexte><blocTab>0</blocTab><blocPub>2</blocPub><blocIllustration>0</blocIllustration></page><page><nbMot>8862</nbMot><blocTexte>40</blocTexte><blocTab>0</blocTab><blocPub>0</blocPub><blocIllustration>0</blocIllustration></page><page><nbMot>7545</nbMot><blocTexte>69</blocTexte><blocTab>1</blocTab><blocPub>2</blocPub><blocIllustration>1</blocIllustration></page><page><nbMot>8828</nbMot><blocTexte>85</blocTexte><blocTab>9</blocTab><blocPub>8</blocPub><blocIllustration>0</blocIllustration></page></contenus></analyseAlto>
