<?xml version="1.0" encoding="UTF-8"?>
<analyseAlto>
<metad><titre>Le Journal des Débats politiques et littéraires</titre><dateEdition>07.11.1900</dateEdition><nbPage>4</nbPage><suppl>FALSE</suppl></metad><contenus><nbArticle>135</nbArticle><largeur>524</largeur><hauteur>688</hauteur><page><nbMot>6780</nbMot><blocTexte>35</blocTexte><blocTab>0</blocTab><blocPub>2</blocPub><blocIllustration>0</blocIllustration></page><page><nbMot>7989</nbMot><blocTexte>44</blocTexte><blocTab>0</blocTab><blocPub>0</blocPub><blocIllustration>0</blocIllustration></page><page><nbMot>7671</nbMot><blocTexte>74</blocTexte><blocTab>1</blocTab><blocPub>1</blocPub><blocIllustration>2</blocIllustration></page><page><nbMot>9041</nbMot><blocTexte>76</blocTexte><blocTab>12</blocTab><blocPub>11</blocPub><blocIllustration>0</blocIllustration></page></contenus></analyseAlto>
