<?xml version="1.0" encoding="UTF-8"?>
<analyseAlto>
<metad><titre>Le Journal des Débats politiques et littéraires</titre><dateEdition>26.11.1900</dateEdition><nbPage>2</nbPage><suppl>TRUE</suppl></metad><contenus><nbArticle>14</nbArticle><largeur>522</largeur><hauteur>688</hauteur><page><nbMot>7687</nbMot><blocTexte>36</blocTexte><blocTab>0</blocTab><blocPub>0</blocPub><blocIllustration>0</blocIllustration></page><page><nbMot>5374</nbMot><blocTexte>34</blocTexte><blocTab>1</blocTab><blocPub>6</blocPub><blocIllustration>0</blocIllustration></page></contenus></analyseAlto>
