<?xml version="1.0" encoding="UTF-8"?>
<analyseAlto>
<metad><titre>Le Journal des Débats politiques et littéraires</titre><dateEdition>14.01.1900</dateEdition><nbPage>4</nbPage><suppl>FALSE</suppl></metad><contenus><nbArticle>150</nbArticle><largeur>519</largeur><hauteur>690</hauteur><page><nbMot>6508</nbMot><blocTexte>36</blocTexte><blocTab>0</blocTab><blocPub>2</blocPub><blocIllustration>0</blocIllustration></page><page><nbMot>8858</nbMot><blocTexte>44</blocTexte><blocTab>0</blocTab><blocPub>0</blocPub><blocIllustration>0</blocIllustration></page><page><nbMot>8168</nbMot><blocTexte>64</blocTexte><blocTab>0</blocTab><blocPub>1</blocPub><blocIllustration>1</blocIllustration></page><page><nbMot>7863</nbMot><blocTexte>66</blocTexte><blocTab>6</blocTab><blocPub>6</blocPub><blocIllustration>0</blocIllustration></page></contenus></analyseAlto>
