<?xml version="1.0" encoding="UTF-8"?>
<analyseAlto>
<metad><titre>Le Journal des Débats politiques et littéraires</titre><dateEdition>24.04.1900</dateEdition><nbPage>4</nbPage><suppl>FALSE</suppl></metad><contenus><nbArticle>148</nbArticle><largeur>519</largeur><hauteur>689</hauteur><page><nbMot>6881</nbMot><blocTexte>47</blocTexte><blocTab>0</blocTab><blocPub>2</blocPub><blocIllustration>0</blocIllustration></page><page><nbMot>8380</nbMot><blocTexte>56</blocTexte><blocTab>0</blocTab><blocPub>0</blocPub><blocIllustration>0</blocIllustration></page><page><nbMot>8186</nbMot><blocTexte>75</blocTexte><blocTab>1</blocTab><blocPub>1</blocPub><blocIllustration>1</blocIllustration></page><page><nbMot>10021</nbMot><blocTexte>77</blocTexte><blocTab>10</blocTab><blocPub>8</blocPub><blocIllustration>0</blocIllustration></page></contenus></analyseAlto>
