<?xml version="1.0" encoding="UTF-8"?>
<analyseAlto>
<metad><titre>Le Journal des Débats politiques et littéraires</titre><dateEdition>31.03.1900</dateEdition><nbPage>4</nbPage><suppl>FALSE</suppl></metad><contenus><nbArticle>149</nbArticle><largeur>520</largeur><hauteur>690</hauteur><page><nbMot>6595</nbMot><blocTexte>35</blocTexte><blocTab>0</blocTab><blocPub>2</blocPub><blocIllustration>0</blocIllustration></page><page><nbMot>8557</nbMot><blocTexte>53</blocTexte><blocTab>1</blocTab><blocPub>0</blocPub><blocIllustration>0</blocIllustration></page><page><nbMot>7240</nbMot><blocTexte>50</blocTexte><blocTab>0</blocTab><blocPub>2</blocPub><blocIllustration>0</blocIllustration></page><page><nbMot>8397</nbMot><blocTexte>79</blocTexte><blocTab>10</blocTab><blocPub>9</blocPub><blocIllustration>0</blocIllustration></page></contenus></analyseAlto>
