<?xml version="1.0" encoding="UTF-8"?>
<analyseAlto>
<metad><titre>Le Journal des Débats politiques et littéraires</titre><dateEdition>07.08.1900</dateEdition><nbPage>4</nbPage><suppl>FALSE</suppl></metad><contenus><nbArticle>143</nbArticle><largeur>524</largeur><hauteur>686</hauteur><page><nbMot>6471</nbMot><blocTexte>44</blocTexte><blocTab>0</blocTab><blocPub>6</blocPub><blocIllustration>0</blocIllustration></page><page><nbMot>8392</nbMot><blocTexte>53</blocTexte><blocTab>3</blocTab><blocPub>0</blocPub><blocIllustration>0</blocIllustration></page><page><nbMot>8626</nbMot><blocTexte>49</blocTexte><blocTab>0</blocTab><blocPub>2</blocPub><blocIllustration>0</blocIllustration></page><page><nbMot>9362</nbMot><blocTexte>92</blocTexte><blocTab>13</blocTab><blocPub>7</blocPub><blocIllustration>0</blocIllustration></page></contenus></analyseAlto>
