<?xml version="1.0" encoding="UTF-8"?>
<analyseAlto>
<metad><titre>Le Journal des Débats politiques et littéraires</titre><dateEdition>03.07.1900</dateEdition><nbPage>4</nbPage><suppl>FALSE</suppl></metad><contenus><nbArticle>133</nbArticle><largeur>519</largeur><hauteur>685</hauteur><page><nbMot>6600</nbMot><blocTexte>46</blocTexte><blocTab>0</blocTab><blocPub>2</blocPub><blocIllustration>0</blocIllustration></page><page><nbMot>8473</nbMot><blocTexte>47</blocTexte><blocTab>0</blocTab><blocPub>0</blocPub><blocIllustration>0</blocIllustration></page><page><nbMot>8003</nbMot><blocTexte>57</blocTexte><blocTab>3</blocTab><blocPub>1</blocPub><blocIllustration>0</blocIllustration></page><page><nbMot>11386</nbMot><blocTexte>80</blocTexte><blocTab>10</blocTab><blocPub>6</blocPub><blocIllustration>0</blocIllustration></page></contenus></analyseAlto>
