<?xml version="1.0" encoding="UTF-8"?>
<analyseAlto>
<metad><titre>Le Journal des Débats politiques et littéraires</titre><dateEdition>07.07.1900</dateEdition><nbPage>4</nbPage><suppl>FALSE</suppl></metad><contenus><nbArticle>127</nbArticle><largeur>518</largeur><hauteur>686</hauteur><page><nbMot>6763</nbMot><blocTexte>44</blocTexte><blocTab>0</blocTab><blocPub>6</blocPub><blocIllustration>0</blocIllustration></page><page><nbMot>8217</nbMot><blocTexte>40</blocTexte><blocTab>0</blocTab><blocPub>0</blocPub><blocIllustration>0</blocIllustration></page><page><nbMot>7537</nbMot><blocTexte>73</blocTexte><blocTab>3</blocTab><blocPub>4</blocPub><blocIllustration>0</blocIllustration></page><page><nbMot>8496</nbMot><blocTexte>66</blocTexte><blocTab>9</blocTab><blocPub>8</blocPub><blocIllustration>0</blocIllustration></page></contenus></analyseAlto>
