<?xml version="1.0" encoding="UTF-8"?>
<analyseAlto>
<metad><titre>Le Journal des Débats politiques et littéraires</titre><dateEdition>18.06.1900</dateEdition><nbPage>4</nbPage><suppl>FALSE</suppl></metad><contenus><nbArticle>113</nbArticle><largeur>516</largeur><hauteur>689</hauteur><page><nbMot>6811</nbMot><blocTexte>42</blocTexte><blocTab>0</blocTab><blocPub>6</blocPub><blocIllustration>0</blocIllustration></page><page><nbMot>8079</nbMot><blocTexte>47</blocTexte><blocTab>0</blocTab><blocPub>0</blocPub><blocIllustration>0</blocIllustration></page><page><nbMot>8450</nbMot><blocTexte>54</blocTexte><blocTab>5</blocTab><blocPub>1</blocPub><blocIllustration>0</blocIllustration></page><page><nbMot>7888</nbMot><blocTexte>49</blocTexte><blocTab>6</blocTab><blocPub>10</blocPub><blocIllustration>0</blocIllustration></page></contenus></analyseAlto>
