<?xml version="1.0" encoding="UTF-8"?>
<analyseAlto>
<metad><titre>Le Journal des Débats politiques et littéraires</titre><dateEdition>21.10.1900</dateEdition><nbPage>4</nbPage><suppl>FALSE</suppl></metad><contenus><nbArticle>145</nbArticle><largeur>526</largeur><hauteur>685</hauteur><page><nbMot>6827</nbMot><blocTexte>37</blocTexte><blocTab>0</blocTab><blocPub>2</blocPub><blocIllustration>0</blocIllustration></page><page><nbMot>8270</nbMot><blocTexte>44</blocTexte><blocTab>0</blocTab><blocPub>0</blocPub><blocIllustration>0</blocIllustration></page><page><nbMot>6638</nbMot><blocTexte>48</blocTexte><blocTab>1</blocTab><blocPub>3</blocPub><blocIllustration>0</blocIllustration></page><page><nbMot>6896</nbMot><blocTexte>88</blocTexte><blocTab>9</blocTab><blocPub>9</blocPub><blocIllustration>0</blocIllustration></page></contenus></analyseAlto>
