<?xml version="1.0" encoding="UTF-8"?>
<analyseAlto>
<metad><titre>Le Journal des Débats politiques et littéraires</titre><dateEdition>25.09.1900</dateEdition><nbPage>4</nbPage><suppl>FALSE</suppl></metad><contenus><nbArticle>144</nbArticle><largeur>530</largeur><hauteur>687</hauteur><page><nbMot>6361</nbMot><blocTexte>40</blocTexte><blocTab>0</blocTab><blocPub>2</blocPub><blocIllustration>0</blocIllustration></page><page><nbMot>8463</nbMot><blocTexte>52</blocTexte><blocTab>0</blocTab><blocPub>0</blocPub><blocIllustration>0</blocIllustration></page><page><nbMot>8072</nbMot><blocTexte>58</blocTexte><blocTab>0</blocTab><blocPub>1</blocPub><blocIllustration>0</blocIllustration></page><page><nbMot>9113</nbMot><blocTexte>71</blocTexte><blocTab>7</blocTab><blocPub>5</blocPub><blocIllustration>0</blocIllustration></page></contenus></analyseAlto>
