<?xml version="1.0" encoding="UTF-8"?>
<analyseAlto>
<metad><titre>Le Journal des Débats politiques et littéraires</titre><dateEdition>02.02.1900</dateEdition><nbPage>2</nbPage><suppl>TRUE</suppl></metad><contenus><nbArticle>7</nbArticle><largeur>520</largeur><hauteur>690</hauteur><page><nbMot>7585</nbMot><blocTexte>20</blocTexte><blocTab>0</blocTab><blocPub>0</blocPub><blocIllustration>0</blocIllustration></page><page><nbMot>7885</nbMot><blocTexte>22</blocTexte><blocTab>0</blocTab><blocPub>0</blocPub><blocIllustration>0</blocIllustration></page></contenus></analyseAlto>
