<?xml version="1.0" encoding="UTF-8"?>
<analyseAlto>
<metad><titre>Le Journal des Débats politiques et littéraires</titre><dateEdition>29.06.1900</dateEdition><nbPage>4</nbPage><suppl>FALSE</suppl></metad><contenus><nbArticle>121</nbArticle><largeur>519</largeur><hauteur>689</hauteur><page><nbMot>6776</nbMot><blocTexte>45</blocTexte><blocTab>0</blocTab><blocPub>2</blocPub><blocIllustration>0</blocIllustration></page><page><nbMot>8268</nbMot><blocTexte>48</blocTexte><blocTab>0</blocTab><blocPub>0</blocPub><blocIllustration>0</blocIllustration></page><page><nbMot>7574</nbMot><blocTexte>60</blocTexte><blocTab>0</blocTab><blocPub>2</blocPub><blocIllustration>0</blocIllustration></page><page><nbMot>8535</nbMot><blocTexte>66</blocTexte><blocTab>8</blocTab><blocPub>8</blocPub><blocIllustration>0</blocIllustration></page></contenus></analyseAlto>
