<?xml version="1.0" encoding="UTF-8"?>
<analyseAlto>
<metad><titre>Le Journal des Débats politiques et littéraires</titre><dateEdition>16.01.1900</dateEdition><nbPage>4</nbPage><suppl>FALSE</suppl></metad><contenus><nbArticle>140</nbArticle><largeur>518</largeur><hauteur>689</hauteur><page><nbMot>6425</nbMot><blocTexte>43</blocTexte><blocTab>0</blocTab><blocPub>2</blocPub><blocIllustration>0</blocIllustration></page><page><nbMot>8424</nbMot><blocTexte>52</blocTexte><blocTab>0</blocTab><blocPub>0</blocPub><blocIllustration>0</blocIllustration></page><page><nbMot>7670</nbMot><blocTexte>53</blocTexte><blocTab>2</blocTab><blocPub>2</blocPub><blocIllustration>0</blocIllustration></page><page><nbMot>9669</nbMot><blocTexte>68</blocTexte><blocTab>7</blocTab><blocPub>5</blocPub><blocIllustration>0</blocIllustration></page></contenus></analyseAlto>
