<?xml version="1.0" encoding="UTF-8"?>
<analyseAlto>
<metad><titre>Le Journal des Débats politiques et littéraires</titre><dateEdition>19.08.1900</dateEdition><nbPage>4</nbPage><suppl>FALSE</suppl></metad><contenus><nbArticle>120</nbArticle><largeur>529</largeur><hauteur>685</hauteur><page><nbMot>6592</nbMot><blocTexte>41</blocTexte><blocTab>0</blocTab><blocPub>6</blocPub><blocIllustration>0</blocIllustration></page><page><nbMot>8301</nbMot><blocTexte>36</blocTexte><blocTab>0</blocTab><blocPub>0</blocPub><blocIllustration>0</blocIllustration></page><page><nbMot>7244</nbMot><blocTexte>60</blocTexte><blocTab>1</blocTab><blocPub>4</blocPub><blocIllustration>0</blocIllustration></page><page><nbMot>9674</nbMot><blocTexte>60</blocTexte><blocTab>9</blocTab><blocPub>3</blocPub><blocIllustration>0</blocIllustration></page></contenus></analyseAlto>
