<?xml version="1.0" encoding="UTF-8"?>
<analyseAlto>
<metad><titre>Le Journal des Débats politiques et littéraires</titre><dateEdition>22.06.1900</dateEdition><nbPage>2</nbPage><suppl>TRUE</suppl></metad><contenus><nbArticle>8</nbArticle><largeur>520</largeur><hauteur>691</hauteur><page><nbMot>7056</nbMot><blocTexte>16</blocTexte><blocTab>0</blocTab><blocPub>0</blocPub><blocIllustration>0</blocIllustration></page><page><nbMot>7863</nbMot><blocTexte>27</blocTexte><blocTab>0</blocTab><blocPub>0</blocPub><blocIllustration>0</blocIllustration></page></contenus></analyseAlto>
