<?xml version="1.0" encoding="UTF-8"?>
<analyseAlto>
<metad><titre>Le Journal des Débats politiques et littéraires</titre><dateEdition>11.10.1900</dateEdition><nbPage>4</nbPage><suppl>FALSE</suppl></metad><contenus><nbArticle>152</nbArticle><largeur>525</largeur><hauteur>687</hauteur><page><nbMot>6847</nbMot><blocTexte>38</blocTexte><blocTab>0</blocTab><blocPub>3</blocPub><blocIllustration>0</blocIllustration></page><page><nbMot>7970</nbMot><blocTexte>49</blocTexte><blocTab>0</blocTab><blocPub>0</blocPub><blocIllustration>0</blocIllustration></page><page><nbMot>8058</nbMot><blocTexte>75</blocTexte><blocTab>0</blocTab><blocPub>1</blocPub><blocIllustration>0</blocIllustration></page><page><nbMot>6127</nbMot><blocTexte>89</blocTexte><blocTab>9</blocTab><blocPub>10</blocPub><blocIllustration>1</blocIllustration></page></contenus></analyseAlto>
