<?xml version="1.0" encoding="UTF-8"?>
<analyseAlto>
<metad><titre>Le Journal des Débats politiques et littéraires</titre><dateEdition>10.09.1900</dateEdition><nbPage>4</nbPage><suppl>FALSE</suppl></metad><contenus><nbArticle>110</nbArticle><largeur>526</largeur><hauteur>686</hauteur><page><nbMot>6514</nbMot><blocTexte>37</blocTexte><blocTab>0</blocTab><blocPub>2</blocPub><blocIllustration>0</blocIllustration></page><page><nbMot>8081</nbMot><blocTexte>57</blocTexte><blocTab>0</blocTab><blocPub>0</blocPub><blocIllustration>0</blocIllustration></page><page><nbMot>8565</nbMot><blocTexte>63</blocTexte><blocTab>1</blocTab><blocPub>1</blocPub><blocIllustration>0</blocIllustration></page><page><nbMot>7217</nbMot><blocTexte>51</blocTexte><blocTab>5</blocTab><blocPub>8</blocPub><blocIllustration>0</blocIllustration></page></contenus></analyseAlto>
