<?xml version="1.0" encoding="UTF-8"?>
<analyseAlto>
<metad><titre>Le Journal des Débats politiques et littéraires</titre><dateEdition>15.10.1900</dateEdition><nbPage>4</nbPage><suppl>FALSE</suppl></metad><contenus><nbArticle>118</nbArticle><largeur>525</largeur><hauteur>685</hauteur><page><nbMot>6648</nbMot><blocTexte>37</blocTexte><blocTab>0</blocTab><blocPub>2</blocPub><blocIllustration>0</blocIllustration></page><page><nbMot>8091</nbMot><blocTexte>54</blocTexte><blocTab>0</blocTab><blocPub>0</blocPub><blocIllustration>0</blocIllustration></page><page><nbMot>8435</nbMot><blocTexte>68</blocTexte><blocTab>0</blocTab><blocPub>1</blocPub><blocIllustration>2</blocIllustration></page><page><nbMot>7084</nbMot><blocTexte>54</blocTexte><blocTab>7</blocTab><blocPub>9</blocPub><blocIllustration>0</blocIllustration></page></contenus></analyseAlto>
