<?xml version="1.0" encoding="UTF-8"?>
<analyseAlto>
<metad><titre>Le Journal des Débats politiques et littéraires</titre><dateEdition>08.07.1900</dateEdition><nbPage>4</nbPage><suppl>FALSE</suppl></metad><contenus><nbArticle>121</nbArticle><largeur>520</largeur><hauteur>686</hauteur><page><nbMot>6789</nbMot><blocTexte>42</blocTexte><blocTab>0</blocTab><blocPub>6</blocPub><blocIllustration>0</blocIllustration></page><page><nbMot>7910</nbMot><blocTexte>45</blocTexte><blocTab>0</blocTab><blocPub>0</blocPub><blocIllustration>0</blocIllustration></page><page><nbMot>8864</nbMot><blocTexte>55</blocTexte><blocTab>9</blocTab><blocPub>1</blocPub><blocIllustration>0</blocIllustration></page><page><nbMot>8629</nbMot><blocTexte>65</blocTexte><blocTab>10</blocTab><blocPub>4</blocPub><blocIllustration>0</blocIllustration></page></contenus></analyseAlto>
