<?xml version="1.0" encoding="UTF-8"?>
<analyseAlto>
<metad><titre>Le Journal des Débats politiques et littéraires</titre><dateEdition>19.08.1900</dateEdition><nbPage>2</nbPage><suppl>TRUE</suppl></metad><contenus><nbArticle>7</nbArticle><largeur>520</largeur><hauteur>688</hauteur><page><nbMot>8140</nbMot><blocTexte>13</blocTexte><blocTab>0</blocTab><blocPub>0</blocPub><blocIllustration>0</blocIllustration></page><page><nbMot>9197</nbMot><blocTexte>8</blocTexte><blocTab>0</blocTab><blocPub>0</blocPub><blocIllustration>0</blocIllustration></page></contenus></analyseAlto>
