<?xml version="1.0" encoding="UTF-8"?>
<analyseAlto>
<metad><titre>Le Journal des Débats politiques et littéraires</titre><dateEdition>18.05.1900</dateEdition><nbPage>4</nbPage><suppl>FALSE</suppl></metad><contenus><nbArticle>147</nbArticle><largeur>520</largeur><hauteur>692</hauteur><page><nbMot>6397</nbMot><blocTexte>44</blocTexte><blocTab>0</blocTab><blocPub>2</blocPub><blocIllustration>0</blocIllustration></page><page><nbMot>8030</nbMot><blocTexte>41</blocTexte><blocTab>1</blocTab><blocPub>0</blocPub><blocIllustration>0</blocIllustration></page><page><nbMot>7512</nbMot><blocTexte>56</blocTexte><blocTab>1</blocTab><blocPub>1</blocPub><blocIllustration>1</blocIllustration></page><page><nbMot>9501</nbMot><blocTexte>84</blocTexte><blocTab>10</blocTab><blocPub>10</blocPub><blocIllustration>1</blocIllustration></page></contenus></analyseAlto>
