<?xml version="1.0" encoding="UTF-8"?>
<analyseAlto>
<metad><titre>Le Journal des Débats politiques et littéraires</titre><dateEdition>14.07.1900</dateEdition><nbPage>4</nbPage><suppl>FALSE</suppl></metad><contenus><nbArticle>125</nbArticle><largeur>518</largeur><hauteur>684</hauteur><page><nbMot>6758</nbMot><blocTexte>42</blocTexte><blocTab>0</blocTab><blocPub>6</blocPub><blocIllustration>0</blocIllustration></page><page><nbMot>8155</nbMot><blocTexte>54</blocTexte><blocTab>1</blocTab><blocPub>0</blocPub><blocIllustration>0</blocIllustration></page><page><nbMot>7941</nbMot><blocTexte>70</blocTexte><blocTab>3</blocTab><blocPub>10</blocPub><blocIllustration>0</blocIllustration></page><page><nbMot>7855</nbMot><blocTexte>67</blocTexte><blocTab>9</blocTab><blocPub>7</blocPub><blocIllustration>0</blocIllustration></page></contenus></analyseAlto>
