<?xml version="1.0" encoding="UTF-8"?>
<analyseAlto>
<metad><titre>Le Journal des Débats politiques et littéraires</titre><dateEdition>28.05.1900</dateEdition><nbPage>4</nbPage><suppl>FALSE</suppl></metad><contenus><nbArticle>111</nbArticle><largeur>521</largeur><hauteur>693</hauteur><page><nbMot>6664</nbMot><blocTexte>41</blocTexte><blocTab>0</blocTab><blocPub>3</blocPub><blocIllustration>0</blocIllustration></page><page><nbMot>8869</nbMot><blocTexte>35</blocTexte><blocTab>0</blocTab><blocPub>0</blocPub><blocIllustration>0</blocIllustration></page><page><nbMot>8266</nbMot><blocTexte>65</blocTexte><blocTab>0</blocTab><blocPub>2</blocPub><blocIllustration>0</blocIllustration></page><page><nbMot>8059</nbMot><blocTexte>50</blocTexte><blocTab>11</blocTab><blocPub>7</blocPub><blocIllustration>1</blocIllustration></page></contenus></analyseAlto>
