<?xml version="1.0" encoding="UTF-8"?>
<analyseAlto>
<metad><titre>Le Journal des Débats politiques et littéraires</titre><dateEdition>01.10.1900</dateEdition><nbPage>4</nbPage><suppl>FALSE</suppl></metad><contenus><nbArticle>97</nbArticle><largeur>522</largeur><hauteur>685</hauteur><page><nbMot>6740</nbMot><blocTexte>43</blocTexte><blocTab>0</blocTab><blocPub>2</blocPub><blocIllustration>0</blocIllustration></page><page><nbMot>7705</nbMot><blocTexte>53</blocTexte><blocTab>0</blocTab><blocPub>0</blocPub><blocIllustration>0</blocIllustration></page><page><nbMot>8098</nbMot><blocTexte>61</blocTexte><blocTab>0</blocTab><blocPub>1</blocPub><blocIllustration>0</blocIllustration></page><page><nbMot>6545</nbMot><blocTexte>48</blocTexte><blocTab>6</blocTab><blocPub>16</blocPub><blocIllustration>0</blocIllustration></page></contenus></analyseAlto>
