<?xml version="1.0" encoding="UTF-8"?>
<analyseAlto>
<metad><titre>Le Journal des Débats politiques et littéraires</titre><dateEdition>30.08.1900</dateEdition><nbPage>4</nbPage><suppl>FALSE</suppl></metad><contenus><nbArticle>126</nbArticle><largeur>525</largeur><hauteur>686</hauteur><page><nbMot>6742</nbMot><blocTexte>38</blocTexte><blocTab>0</blocTab><blocPub>2</blocPub><blocIllustration>0</blocIllustration></page><page><nbMot>8155</nbMot><blocTexte>31</blocTexte><blocTab>0</blocTab><blocPub>0</blocPub><blocIllustration>0</blocIllustration></page><page><nbMot>8666</nbMot><blocTexte>64</blocTexte><blocTab>3</blocTab><blocPub>1</blocPub><blocIllustration>0</blocIllustration></page><page><nbMot>9298</nbMot><blocTexte>65</blocTexte><blocTab>10</blocTab><blocPub>8</blocPub><blocIllustration>0</blocIllustration></page></contenus></analyseAlto>
