<?xml version="1.0" encoding="UTF-8"?>
<analyseAlto>
<metad><titre>Le Journal des Débats politiques et littéraires</titre><dateEdition>30.04.1901</dateEdition><nbPage>4</nbPage><suppl>FALSE</suppl></metad><contenus><nbArticle>124</nbArticle><largeur>523</largeur><hauteur>691</hauteur><page><nbMot>6352</nbMot><blocTexte>43</blocTexte><blocTab>0</blocTab><blocPub>2</blocPub><blocIllustration>0</blocIllustration></page><page><nbMot>8528</nbMot><blocTexte>91</blocTexte><blocTab>0</blocTab><blocPub>0</blocPub><blocIllustration>0</blocIllustration></page><page><nbMot>7625</nbMot><blocTexte>36</blocTexte><blocTab>1</blocTab><blocPub>1</blocPub><blocIllustration>1</blocIllustration></page><page><nbMot>8621</nbMot><blocTexte>87</blocTexte><blocTab>11</blocTab><blocPub>9</blocPub><blocIllustration>0</blocIllustration></page></contenus></analyseAlto>
