<?xml version="1.0" encoding="UTF-8"?>
<analyseAlto>
<metad><titre>Le Journal des Débats politiques et littéraires</titre><dateEdition>18.04.1901</dateEdition><nbPage>4</nbPage><suppl>FALSE</suppl></metad><contenus><nbArticle>140</nbArticle><largeur>524</largeur><hauteur>689</hauteur><page><nbMot>6513</nbMot><blocTexte>41</blocTexte><blocTab>0</blocTab><blocPub>2</blocPub><blocIllustration>0</blocIllustration></page><page><nbMot>7762</nbMot><blocTexte>69</blocTexte><blocTab>1</blocTab><blocPub>0</blocPub><blocIllustration>0</blocIllustration></page><page><nbMot>7661</nbMot><blocTexte>63</blocTexte><blocTab>1</blocTab><blocPub>4</blocPub><blocIllustration>0</blocIllustration></page><page><nbMot>9734</nbMot><blocTexte>83</blocTexte><blocTab>11</blocTab><blocPub>9</blocPub><blocIllustration>0</blocIllustration></page></contenus></analyseAlto>
