<?xml version="1.0" encoding="UTF-8"?>
<analyseAlto>
<metad><titre>Le Journal des Débats politiques et littéraires</titre><dateEdition>22.04.1901</dateEdition><nbPage>4</nbPage><suppl>FALSE</suppl></metad><contenus><nbArticle>124</nbArticle><largeur>523</largeur><hauteur>688</hauteur><page><nbMot>6725</nbMot><blocTexte>53</blocTexte><blocTab>0</blocTab><blocPub>2</blocPub><blocIllustration>0</blocIllustration></page><page><nbMot>7840</nbMot><blocTexte>54</blocTexte><blocTab>0</blocTab><blocPub>0</blocPub><blocIllustration>0</blocIllustration></page><page><nbMot>9747</nbMot><blocTexte>68</blocTexte><blocTab>0</blocTab><blocPub>3</blocPub><blocIllustration>0</blocIllustration></page><page><nbMot>7388</nbMot><blocTexte>49</blocTexte><blocTab>5</blocTab><blocPub>10</blocPub><blocIllustration>0</blocIllustration></page></contenus></analyseAlto>
