<?xml version="1.0" encoding="UTF-8"?>
<analyseAlto>
<metad><titre>Le Journal des Débats politiques et littéraires</titre><dateEdition>20.01.1901</dateEdition><nbPage>4</nbPage><suppl>FALSE</suppl></metad><contenus><nbArticle>125</nbArticle><largeur>523</largeur><hauteur>689</hauteur><page><nbMot>6633</nbMot><blocTexte>37</blocTexte><blocTab>0</blocTab><blocPub>2</blocPub><blocIllustration>0</blocIllustration></page><page><nbMot>7968</nbMot><blocTexte>38</blocTexte><blocTab>0</blocTab><blocPub>0</blocPub><blocIllustration>0</blocIllustration></page><page><nbMot>7698</nbMot><blocTexte>59</blocTexte><blocTab>1</blocTab><blocPub>4</blocPub><blocIllustration>0</blocIllustration></page><page><nbMot>8433</nbMot><blocTexte>71</blocTexte><blocTab>12</blocTab><blocPub>10</blocPub><blocIllustration>0</blocIllustration></page></contenus></analyseAlto>
