<?xml version="1.0" encoding="UTF-8"?>
<analyseAlto>
<metad><titre>Le Journal des Débats politiques et littéraires</titre><dateEdition>29.03.1901</dateEdition><nbPage>4</nbPage><suppl>FALSE</suppl></metad><contenus><nbArticle>118</nbArticle><largeur>520</largeur><hauteur>687</hauteur><page><nbMot>6501</nbMot><blocTexte>42</blocTexte><blocTab>0</blocTab><blocPub>2</blocPub><blocIllustration>0</blocIllustration></page><page><nbMot>8238</nbMot><blocTexte>38</blocTexte><blocTab>0</blocTab><blocPub>0</blocPub><blocIllustration>0</blocIllustration></page><page><nbMot>7857</nbMot><blocTexte>54</blocTexte><blocTab>1</blocTab><blocPub>12</blocPub><blocIllustration>0</blocIllustration></page><page><nbMot>9540</nbMot><blocTexte>76</blocTexte><blocTab>10</blocTab><blocPub>10</blocPub><blocIllustration>0</blocIllustration></page></contenus></analyseAlto>
