<?xml version="1.0" encoding="UTF-8"?>
<analyseAlto>
<metad><titre>Le Journal des Débats politiques et littéraires</titre><dateEdition>03.04.1901</dateEdition><nbPage>4</nbPage><suppl>FALSE</suppl></metad><contenus><nbArticle>152</nbArticle><largeur>521</largeur><hauteur>688</hauteur><page><nbMot>6666</nbMot><blocTexte>39</blocTexte><blocTab>0</blocTab><blocPub>2</blocPub><blocIllustration>0</blocIllustration></page><page><nbMot>8215</nbMot><blocTexte>65</blocTexte><blocTab>0</blocTab><blocPub>0</blocPub><blocIllustration>0</blocIllustration></page><page><nbMot>7946</nbMot><blocTexte>62</blocTexte><blocTab>0</blocTab><blocPub>4</blocPub><blocIllustration>1</blocIllustration></page><page><nbMot>8927</nbMot><blocTexte>74</blocTexte><blocTab>10</blocTab><blocPub>9</blocPub><blocIllustration>0</blocIllustration></page></contenus></analyseAlto>
