<?xml version="1.0" encoding="UTF-8"?>
<analyseAlto>
<metad><titre>Le Journal des Débats politiques et littéraires</titre><dateEdition>12.01.1901</dateEdition><nbPage>4</nbPage><suppl>FALSE</suppl></metad><contenus><nbArticle>150</nbArticle><largeur>525</largeur><hauteur>688</hauteur><page><nbMot>6771</nbMot><blocTexte>38</blocTexte><blocTab>0</blocTab><blocPub>2</blocPub><blocIllustration>0</blocIllustration></page><page><nbMot>8264</nbMot><blocTexte>48</blocTexte><blocTab>0</blocTab><blocPub>0</blocPub><blocIllustration>0</blocIllustration></page><page><nbMot>7665</nbMot><blocTexte>71</blocTexte><blocTab>2</blocTab><blocPub>2</blocPub><blocIllustration>0</blocIllustration></page><page><nbMot>9755</nbMot><blocTexte>80</blocTexte><blocTab>8</blocTab><blocPub>6</blocPub><blocIllustration>0</blocIllustration></page></contenus></analyseAlto>
