<?xml version="1.0" encoding="UTF-8"?><analyseAlto xmlns:xlink="http://www.w3.org/1999/xlink" xmlns:mods="http://www.loc.gov/mods/v3" xmlns:mets="http://www.loc.gov/METS/" xmlns:alto="http://schema.ccs-gmbh.com/docworks/version20/alto-1-4.xsd"><metad><titre>Le Petit Parisien</titre><genre>PERIODIQUE</genre><dateEdition>16.11.1876</dateEdition><nbpages>4</nbpages></metad><ocr/><contenus><nbArticle>21</nbArticle><blocTab>1</blocTab><blocPub>10</blocPub><blocIllustration>2</blocIllustration><page><fichier>ALTO/18761116_1-0001.xml</fichier><nbString>2591</nbString><nbCar/><blocTexte>32</blocTexte><blocPub>1</blocPub><blocIllustration>0</blocIllustration><sommeWC>1952.0900000000418</sommeWC></page><page><fichier>ALTO/18761116_1-0002.xml</fichier><nbString>3253</nbString><nbCar/><blocTexte>27</blocTexte><blocPub>0</blocPub><blocIllustration>0</blocIllustration><sommeWC>2484.8300000000136</sommeWC></page><page><fichier>ALTO/18761116_1-0003.xml</fichier><nbString>2762</nbString><nbCar/><blocTexte>28</blocTexte><blocPub>0</blocPub><blocIllustration>2</blocIllustration><sommeWC>2124.060000000043</sommeWC></page><page><fichier>ALTO/18761116_1-0004.xml</fichier><nbString>2937</nbString><nbCar/><blocTexte>25</blocTexte><blocPub>9</blocPub><blocIllustration>0</blocIllustration><sommeWC>1817.630000000031</sommeWC></page></contenus></analyseAlto>