<?xml version="1.0" encoding="UTF-8"?><analyseAlto xmlns:xlink="http://www.w3.org/1999/xlink" xmlns:mods="http://www.loc.gov/mods/v3" xmlns:mets="http://www.loc.gov/METS/" xmlns:alto="http://schema.ccs-gmbh.com/docworks/version20/alto-1-4.xsd"><metad><titre>Le Petit Parisien</titre><genre>PERIODIQUE</genre><dateEdition>23.10.1876</dateEdition><nbpages>4</nbpages></metad><ocr/><contenus><nbArticle>21</nbArticle><blocTab>0</blocTab><blocPub>7</blocPub><blocIllustration>0</blocIllustration><page><fichier>ALTO/18761023_1-0001.xml</fichier><nbString>2773</nbString><nbCar/><blocTexte>34</blocTexte><blocPub>1</blocPub><blocIllustration>0</blocIllustration><sommeWC>1969.9300000000344</sommeWC></page><page><fichier>ALTO/18761023_1-0002.xml</fichier><nbString>3785</nbString><nbCar/><blocTexte>30</blocTexte><blocPub>0</blocPub><blocIllustration>0</blocIllustration><sommeWC>2340.5400000000323</sommeWC></page><page><fichier>ALTO/18761023_1-0003.xml</fichier><nbString>4080</nbString><nbCar/><blocTexte>35</blocTexte><blocPub>0</blocPub><blocIllustration>0</blocIllustration><sommeWC>2558.9600000000096</sommeWC></page><page><fichier>ALTO/18761023_1-0004.xml</fichier><nbString>1539</nbString><nbCar/><blocTexte>19</blocTexte><blocPub>6</blocPub><blocIllustration>0</blocIllustration><sommeWC>925.0000000000067</sommeWC></page></contenus></analyseAlto>