<?xml version="1.0" encoding="UTF-8"?><analyseAlto xmlns:xlink="http://www.w3.org/1999/xlink" xmlns:mods="http://www.loc.gov/mods/v3" xmlns:mets="http://www.loc.gov/METS/" xmlns:alto="http://schema.ccs-gmbh.com/docworks/version20/alto-1-4.xsd"><metad><titre>Le Petit Parisien</titre><genre>PERIODIQUE</genre><dateEdition>04.11.1876</dateEdition><nbpages>4</nbpages></metad><ocr/><contenus><nbArticle>19</nbArticle><blocTab>1</blocTab><blocPub>5</blocPub><blocIllustration>0</blocIllustration><page><fichier>ALTO/18761104_1-0001.xml</fichier><nbString>2473</nbString><nbCar/><blocTexte>32</blocTexte><blocPub>1</blocPub><blocIllustration>0</blocIllustration><sommeWC>1933.160000000037</sommeWC></page><page><fichier>ALTO/18761104_1-0002.xml</fichier><nbString>3184</nbString><nbCar/><blocTexte>29</blocTexte><blocPub>0</blocPub><blocIllustration>0</blocIllustration><sommeWC>2549.620000000002</sommeWC></page><page><fichier>ALTO/18761104_1-0003.xml</fichier><nbString>3245</nbString><nbCar/><blocTexte>34</blocTexte><blocPub>0</blocPub><blocIllustration>0</blocIllustration><sommeWC>2645.3600000000074</sommeWC></page><page><fichier>ALTO/18761104_1-0004.xml</fichier><nbString>3097</nbString><nbCar/><blocTexte>25</blocTexte><blocPub>4</blocPub><blocIllustration>0</blocIllustration><sommeWC>2141.0300000000325</sommeWC></page></contenus></analyseAlto>