<?xml version="1.0" encoding="UTF-8"?><analyseAlto xmlns:xlink="http://www.w3.org/1999/xlink" xmlns:mods="http://www.loc.gov/mods/v3" xmlns:mets="http://www.loc.gov/METS/" xmlns:alto="http://schema.ccs-gmbh.com/docworks/version20/alto-1-4.xsd"><metad><titre>Le Petit Parisien</titre><genre>PERIODIQUE</genre><dateEdition>07.11.1876</dateEdition><nbpages>4</nbpages></metad><ocr/><contenus><nbArticle>17</nbArticle><blocTab>0</blocTab><blocPub>4</blocPub><blocIllustration>0</blocIllustration><page><fichier>ALTO/18761107_1-0001.xml</fichier><nbString>2402</nbString><nbCar/><blocTexte>36</blocTexte><blocPub>0</blocPub><blocIllustration>0</blocIllustration><sommeWC>1894.7400000000375</sommeWC></page><page><fichier>ALTO/18761107_1-0002.xml</fichier><nbString>3001</nbString><nbCar/><blocTexte>22</blocTexte><blocPub>0</blocPub><blocIllustration>0</blocIllustration><sommeWC>2284.190000000033</sommeWC></page><page><fichier>ALTO/18761107_1-0003.xml</fichier><nbString>3579</nbString><nbCar/><blocTexte>37</blocTexte><blocPub>0</blocPub><blocIllustration>0</blocIllustration><sommeWC>2724.8400000000056</sommeWC></page><page><fichier>ALTO/18761107_1-0004.xml</fichier><nbString>1623</nbString><nbCar/><blocTexte>6</blocTexte><blocPub>4</blocPub><blocIllustration>0</blocIllustration><sommeWC>1152.6300000000108</sommeWC></page></contenus></analyseAlto>