<?xml version="1.0" encoding="UTF-8"?><analyseAlto xmlns:xlink="http://www.w3.org/1999/xlink" xmlns:mods="http://www.loc.gov/mods/v3" xmlns:mets="http://www.loc.gov/METS/" xmlns:alto="http://schema.ccs-gmbh.com/docworks/version20/alto-1-4.xsd"><metad><titre>Le Petit Parisien</titre><genre>PERIODIQUE</genre><dateEdition>19.10.1876</dateEdition><nbpages>4</nbpages></metad><ocr/><contenus><nbArticle>21</nbArticle><blocTab>1</blocTab><blocPub>5</blocPub><blocIllustration>0</blocIllustration><page><fichier>ALTO/18761019_1-0001.xml</fichier><nbString>2999</nbString><nbCar/><blocTexte>32</blocTexte><blocPub>1</blocPub><blocIllustration>0</blocIllustration><sommeWC>2514.66000000001</sommeWC></page><page><fichier>ALTO/18761019_1-0002.xml</fichier><nbString>3526</nbString><nbCar/><blocTexte>29</blocTexte><blocPub>0</blocPub><blocIllustration>0</blocIllustration><sommeWC>2798.939999999991</sommeWC></page><page><fichier>ALTO/18761019_1-0003.xml</fichier><nbString>3982</nbString><nbCar/><blocTexte>31</blocTexte><blocPub>0</blocPub><blocIllustration>0</blocIllustration><sommeWC>3053.1499999999814</sommeWC></page><page><fichier>ALTO/18761019_1-0004.xml</fichier><nbString>1394</nbString><nbCar/><blocTexte>27</blocTexte><blocPub>4</blocPub><blocIllustration>0</blocIllustration><sommeWC>1062.5800000000104</sommeWC></page></contenus></analyseAlto>