<?xml version="1.0" encoding="UTF-8"?><analyseAlto xmlns:xlink="http://www.w3.org/1999/xlink" xmlns:mods="http://www.loc.gov/mods/v3" xmlns:mets="http://www.loc.gov/METS/" xmlns:alto="http://schema.ccs-gmbh.com/docworks/version20/alto-1-4.xsd"><metad><titre>Le Petit Parisien</titre><genre>PERIODIQUE</genre><dateEdition>24.12.1876</dateEdition><nbpages>4</nbpages></metad><ocr/><contenus><nbArticle>26</nbArticle><blocTab>1</blocTab><blocPub>6</blocPub><blocIllustration>0</blocIllustration><page><fichier>ALTO/18761224_1-0001.xml</fichier><nbString>3451</nbString><nbCar/><blocTexte>49</blocTexte><blocPub>2</blocPub><blocIllustration>0</blocIllustration><sommeWC>2718.1599999999976</sommeWC></page><page><fichier>ALTO/18761224_1-0002.xml</fichier><nbString>4252</nbString><nbCar/><blocTexte>46</blocTexte><blocPub>0</blocPub><blocIllustration>0</blocIllustration><sommeWC>3471.6899999999528</sommeWC></page><page><fichier>ALTO/18761224_1-0003.xml</fichier><nbString>4810</nbString><nbCar/><blocTexte>40</blocTexte><blocPub>1</blocPub><blocIllustration>0</blocIllustration><sommeWC>3921.0699999999238</sommeWC></page><page><fichier>ALTO/18761224_1-0004.xml</fichier><nbString>4177</nbString><nbCar/><blocTexte>44</blocTexte><blocPub>3</blocPub><blocIllustration>0</blocIllustration><sommeWC>2901.4600000000123</sommeWC></page></contenus></analyseAlto>