<?xml version="1.0" encoding="UTF-8"?><analyseAlto xmlns:xlink="http://www.w3.org/1999/xlink" xmlns:mods="http://www.loc.gov/mods/v3" xmlns:mets="http://www.loc.gov/METS/" xmlns:alto="http://schema.ccs-gmbh.com/docworks/version20/alto-1-4.xsd"><metad><titre>Le Petit Parisien</titre><genre>PERIODIQUE</genre><dateEdition>10.11.1876</dateEdition><nbpages>4</nbpages></metad><ocr/><contenus><nbArticle>24</nbArticle><blocTab>1</blocTab><blocPub>7</blocPub><blocIllustration>0</blocIllustration><page><fichier>ALTO/18761110_1-0001.xml</fichier><nbString>2022</nbString><nbCar/><blocTexte>34</blocTexte><blocPub>2</blocPub><blocIllustration>0</blocIllustration><sommeWC>1627.0600000000284</sommeWC></page><page><fichier>ALTO/18761110_1-0002.xml</fichier><nbString>3062</nbString><nbCar/><blocTexte>36</blocTexte><blocPub>0</blocPub><blocIllustration>0</blocIllustration><sommeWC>2388.710000000023</sommeWC></page><page><fichier>ALTO/18761110_1-0003.xml</fichier><nbString>3509</nbString><nbCar/><blocTexte>35</blocTexte><blocPub>0</blocPub><blocIllustration>0</blocIllustration><sommeWC>2786.5499999999934</sommeWC></page><page><fichier>ALTO/18761110_1-0004.xml</fichier><nbString>2760</nbString><nbCar/><blocTexte>22</blocTexte><blocPub>5</blocPub><blocIllustration>0</blocIllustration><sommeWC>1894.9000000000315</sommeWC></page></contenus></analyseAlto>