<?xml version="1.0" encoding="UTF-8"?><analyseAlto xmlns:xlink="http://www.w3.org/1999/xlink" xmlns:mods="http://www.loc.gov/mods/v3" xmlns:mets="http://www.loc.gov/METS/" xmlns:alto="http://schema.ccs-gmbh.com/docworks/version20/alto-1-4.xsd"><metad><titre>Le Petit Parisien</titre><genre>PERIODIQUE</genre><dateEdition>13.11.1876</dateEdition><nbpages>4</nbpages></metad><ocr/><contenus><nbArticle>23</nbArticle><blocTab>1</blocTab><blocPub>6</blocPub><blocIllustration>1</blocIllustration><page><fichier>ALTO/18761113_1-0001.xml</fichier><nbString>2415</nbString><nbCar/><blocTexte>34</blocTexte><blocPub>1</blocPub><blocIllustration>0</blocIllustration><sommeWC>1884.660000000034</sommeWC></page><page><fichier>ALTO/18761113_1-0002.xml</fichier><nbString>3359</nbString><nbCar/><blocTexte>32</blocTexte><blocPub>0</blocPub><blocIllustration>1</blocIllustration><sommeWC>2612.3700000000067</sommeWC></page><page><fichier>ALTO/18761113_1-0003.xml</fichier><nbString>3338</nbString><nbCar/><blocTexte>34</blocTexte><blocPub>0</blocPub><blocIllustration>0</blocIllustration><sommeWC>2640.0800000000104</sommeWC></page><page><fichier>ALTO/18761113_1-0004.xml</fichier><nbString>3355</nbString><nbCar/><blocTexte>29</blocTexte><blocPub>5</blocPub><blocIllustration>0</blocIllustration><sommeWC>2231.4700000000184</sommeWC></page></contenus></analyseAlto>