<?xml version="1.0" encoding="UTF-8"?><analyseAlto xmlns:xlink="http://www.w3.org/1999/xlink" xmlns:mods="http://www.loc.gov/mods/v3" xmlns:mets="http://www.loc.gov/METS/" xmlns:alto="http://schema.ccs-gmbh.com/docworks/version20/alto-1-4.xsd"><metad><titre>Le Petit Parisien</titre><genre>PERIODIQUE</genre><dateEdition>12.11.1876</dateEdition><nbpages>4</nbpages></metad><ocr/><contenus><nbArticle>23</nbArticle><blocTab>1</blocTab><blocPub>6</blocPub><blocIllustration>1</blocIllustration><page><fichier>ALTO/18761112_1-0001.xml</fichier><nbString>2545</nbString><nbCar/><blocTexte>38</blocTexte><blocPub>1</blocPub><blocIllustration>0</blocIllustration><sommeWC>2017.8700000000404</sommeWC></page><page><fichier>ALTO/18761112_1-0002.xml</fichier><nbString>3105</nbString><nbCar/><blocTexte>28</blocTexte><blocPub>0</blocPub><blocIllustration>1</blocIllustration><sommeWC>2396.990000000022</sommeWC></page><page><fichier>ALTO/18761112_1-0003.xml</fichier><nbString>3443</nbString><nbCar/><blocTexte>45</blocTexte><blocPub>0</blocPub><blocIllustration>0</blocIllustration><sommeWC>2649.680000000005</sommeWC></page><page><fichier>ALTO/18761112_1-0004.xml</fichier><nbString>2624</nbString><nbCar/><blocTexte>17</blocTexte><blocPub>5</blocPub><blocIllustration>0</blocIllustration><sommeWC>1803.6700000000262</sommeWC></page></contenus></analyseAlto>