<?xml version="1.0" encoding="UTF-8"?><analyseAlto xmlns:xlink="http://www.w3.org/1999/xlink" xmlns:mods="http://www.loc.gov/mods/v3" xmlns:mets="http://www.loc.gov/METS/" xmlns:alto="http://schema.ccs-gmbh.com/docworks/version20/alto-1-4.xsd"><metad><titre>Le Petit Parisien</titre><genre>PERIODIQUE</genre><dateEdition>10.12.1876</dateEdition><nbpages>4</nbpages></metad><ocr/><contenus><nbArticle>30</nbArticle><blocTab>1</blocTab><blocPub>8</blocPub><blocIllustration>0</blocIllustration><page><fichier>ALTO/18761210_1-0001.xml</fichier><nbString>3583</nbString><nbCar/><blocTexte>41</blocTexte><blocPub>1</blocPub><blocIllustration>0</blocIllustration><sommeWC>2899.1499999999855</sommeWC></page><page><fichier>ALTO/18761210_1-0002.xml</fichier><nbString>4486</nbString><nbCar/><blocTexte>40</blocTexte><blocPub>0</blocPub><blocIllustration>0</blocIllustration><sommeWC>3476.8799999999646</sommeWC></page><page><fichier>ALTO/18761210_1-0003.xml</fichier><nbString>4679</nbString><nbCar/><blocTexte>42</blocTexte><blocPub>2</blocPub><blocIllustration>0</blocIllustration><sommeWC>3754.8799999999396</sommeWC></page><page><fichier>ALTO/18761210_1-0004.xml</fichier><nbString>4661</nbString><nbCar/><blocTexte>48</blocTexte><blocPub>5</blocPub><blocIllustration>0</blocIllustration><sommeWC>3255.939999999992</sommeWC></page></contenus></analyseAlto>