<?xml version="1.0" encoding="UTF-8"?><analyseAlto xmlns:xlink="http://www.w3.org/1999/xlink" xmlns:mods="http://www.loc.gov/mods/v3" xmlns:mets="http://www.loc.gov/METS/" xmlns:alto="http://schema.ccs-gmbh.com/docworks/version20/alto-1-4.xsd"><metad><titre>Le Petit Parisien</titre><genre>PERIODIQUE</genre><dateEdition>30.10.1876</dateEdition><nbpages>4</nbpages></metad><ocr/><contenus><nbArticle>19</nbArticle><blocTab>0</blocTab><blocPub>6</blocPub><blocIllustration>0</blocIllustration><page><fichier>ALTO/18761030_1-0001.xml</fichier><nbString>2247</nbString><nbCar/><blocTexte>37</blocTexte><blocPub>1</blocPub><blocIllustration>0</blocIllustration><sommeWC>1718.710000000029</sommeWC></page><page><fichier>ALTO/18761030_1-0002.xml</fichier><nbString>4149</nbString><nbCar/><blocTexte>16</blocTexte><blocPub>0</blocPub><blocIllustration>0</blocIllustration><sommeWC>3252.7699999999763</sommeWC></page><page><fichier>ALTO/18761030_1-0003.xml</fichier><nbString>3512</nbString><nbCar/><blocTexte>32</blocTexte><blocPub>0</blocPub><blocIllustration>0</blocIllustration><sommeWC>2750.5800000000036</sommeWC></page><page><fichier>ALTO/18761030_1-0004.xml</fichier><nbString>2445</nbString><nbCar/><blocTexte>21</blocTexte><blocPub>5</blocPub><blocIllustration>0</blocIllustration><sommeWC>1768.4300000000285</sommeWC></page></contenus></analyseAlto>