<?xml version="1.0" encoding="UTF-8"?><analyseAlto xmlns:xlink="http://www.w3.org/1999/xlink" xmlns:mods="http://www.loc.gov/mods/v3" xmlns:mets="http://www.loc.gov/METS/" xmlns:alto="http://schema.ccs-gmbh.com/docworks/version20/alto-1-4.xsd"><metad><titre>Le Petit Parisien</titre><genre>PERIODIQUE</genre><dateEdition>01.12.1876</dateEdition><nbpages>4</nbpages></metad><ocr/><contenus><nbArticle>25</nbArticle><blocTab>1</blocTab><blocPub>7</blocPub><blocIllustration>1</blocIllustration><page><fichier>ALTO/18761201_1-0001.xml</fichier><nbString>3752</nbString><nbCar/><blocTexte>50</blocTexte><blocPub>1</blocPub><blocIllustration>0</blocIllustration><sommeWC>2958.209999999981</sommeWC></page><page><fichier>ALTO/18761201_1-0002.xml</fichier><nbString>4503</nbString><nbCar/><blocTexte>35</blocTexte><blocPub>0</blocPub><blocIllustration>0</blocIllustration><sommeWC>3651.689999999945</sommeWC></page><page><fichier>ALTO/18761201_1-0003.xml</fichier><nbString>4705</nbString><nbCar/><blocTexte>50</blocTexte><blocPub>2</blocPub><blocIllustration>1</blocIllustration><sommeWC>3807.2499999999427</sommeWC></page><page><fichier>ALTO/18761201_1-0004.xml</fichier><nbString>4412</nbString><nbCar/><blocTexte>42</blocTexte><blocPub>4</blocPub><blocIllustration>0</blocIllustration><sommeWC>3035.680000000001</sommeWC></page></contenus></analyseAlto>