<?xml version="1.0" encoding="UTF-8"?><analyseAlto xmlns:xlink="http://www.w3.org/1999/xlink" xmlns:mods="http://www.loc.gov/mods/v3" xmlns:mets="http://www.loc.gov/METS/" xmlns:alto="http://schema.ccs-gmbh.com/docworks/version20/alto-1-4.xsd"><metad><titre>Le Petit Parisien</titre><genre>PERIODIQUE</genre><dateEdition>17.12.1876</dateEdition><nbpages>4</nbpages></metad><ocr/><contenus><nbArticle>26</nbArticle><blocTab>1</blocTab><blocPub>10</blocPub><blocIllustration>0</blocIllustration><page><fichier>ALTO/18761217_1-0001.xml</fichier><nbString>3676</nbString><nbCar/><blocTexte>45</blocTexte><blocPub>2</blocPub><blocIllustration>0</blocIllustration><sommeWC>2982.0399999999804</sommeWC></page><page><fichier>ALTO/18761217_1-0002.xml</fichier><nbString>4336</nbString><nbCar/><blocTexte>35</blocTexte><blocPub>0</blocPub><blocIllustration>0</blocIllustration><sommeWC>3504.849999999945</sommeWC></page><page><fichier>ALTO/18761217_1-0003.xml</fichier><nbString>4511</nbString><nbCar/><blocTexte>53</blocTexte><blocPub>2</blocPub><blocIllustration>0</blocIllustration><sommeWC>3664.059999999942</sommeWC></page><page><fichier>ALTO/18761217_1-0004.xml</fichier><nbString>3867</nbString><nbCar/><blocTexte>35</blocTexte><blocPub>6</blocPub><blocIllustration>0</blocIllustration><sommeWC>2668.250000000001</sommeWC></page></contenus></analyseAlto>