<?xml version="1.0" encoding="UTF-8"?><analyseAlto xmlns:xlink="http://www.w3.org/1999/xlink" xmlns:mods="http://www.loc.gov/mods/v3" xmlns:mets="http://www.loc.gov/METS/" xmlns:alto="http://schema.ccs-gmbh.com/docworks/version20/alto-1-4.xsd"><metad><titre>Le Petit Parisien</titre><genre>PERIODIQUE</genre><dateEdition>03.12.1876</dateEdition><nbpages>4</nbpages></metad><ocr/><contenus><nbArticle>30</nbArticle><blocTab>4</blocTab><blocPub>13</blocPub><blocIllustration>1</blocIllustration><page><fichier>ALTO/18761203_1-0001.xml</fichier><nbString>3868</nbString><nbCar/><blocTexte>41</blocTexte><blocPub>1</blocPub><blocIllustration>0</blocIllustration><sommeWC>3053.919999999984</sommeWC></page><page><fichier>ALTO/18761203_1-0002.xml</fichier><nbString>4387</nbString><nbCar/><blocTexte>46</blocTexte><blocPub>0</blocPub><blocIllustration>0</blocIllustration><sommeWC>3524.2499999999604</sommeWC></page><page><fichier>ALTO/18761203_1-0003.xml</fichier><nbString>4452</nbString><nbCar/><blocTexte>34</blocTexte><blocPub>2</blocPub><blocIllustration>1</blocIllustration><sommeWC>3655.4199999999314</sommeWC></page><page><fichier>ALTO/18761203_1-0004.xml</fichier><nbString>4479</nbString><nbCar/><blocTexte>45</blocTexte><blocPub>10</blocPub><blocIllustration>0</blocIllustration><sommeWC>3162.539999999995</sommeWC></page></contenus></analyseAlto>