<?xml version="1.0" encoding="UTF-8"?><analyseAlto xmlns:xlink="http://www.w3.org/1999/xlink" xmlns:mods="http://www.loc.gov/mods/v3" xmlns:mets="http://www.loc.gov/METS/" xmlns:alto="http://schema.ccs-gmbh.com/docworks/version20/alto-1-4.xsd"><metad><titre>Le Petit Parisien</titre><genre>PERIODIQUE</genre><dateEdition>08.12.1876</dateEdition><nbpages>4</nbpages></metad><ocr/><contenus><nbArticle>28</nbArticle><blocTab>1</blocTab><blocPub>11</blocPub><blocIllustration>0</blocIllustration><page><fichier>ALTO/18761208_1-0001.xml</fichier><nbString>3484</nbString><nbCar/><blocTexte>41</blocTexte><blocPub>3</blocPub><blocIllustration>0</blocIllustration><sommeWC>2738.4700000000084</sommeWC></page><page><fichier>ALTO/18761208_1-0002.xml</fichier><nbString>4462</nbString><nbCar/><blocTexte>41</blocTexte><blocPub>0</blocPub><blocIllustration>0</blocIllustration><sommeWC>3591.2999999999383</sommeWC></page><page><fichier>ALTO/18761208_1-0003.xml</fichier><nbString>4420</nbString><nbCar/><blocTexte>40</blocTexte><blocPub>2</blocPub><blocIllustration>0</blocIllustration><sommeWC>3593.8799999999446</sommeWC></page><page><fichier>ALTO/18761208_1-0004.xml</fichier><nbString>4545</nbString><nbCar/><blocTexte>38</blocTexte><blocPub>6</blocPub><blocIllustration>0</blocIllustration><sommeWC>3229.5699999999924</sommeWC></page></contenus></analyseAlto>