<?xml version="1.0" encoding="UTF-8"?><analyseAlto xmlns:xlink="http://www.w3.org/1999/xlink" xmlns:mods="http://www.loc.gov/mods/v3" xmlns:mets="http://www.loc.gov/METS/" xmlns:alto="http://schema.ccs-gmbh.com/docworks/version20/alto-1-4.xsd"><metad><titre>Le Petit Parisien</titre><genre>PERIODIQUE</genre><dateEdition>11.12.1876</dateEdition><nbpages>4</nbpages></metad><ocr/><contenus><nbArticle>31</nbArticle><blocTab>0</blocTab><blocPub>5</blocPub><blocIllustration>0</blocIllustration><page><fichier>ALTO/18761211_1-0001.xml</fichier><nbString>3657</nbString><nbCar/><blocTexte>44</blocTexte><blocPub>1</blocPub><blocIllustration>0</blocIllustration><sommeWC>2904.8399999999956</sommeWC></page><page><fichier>ALTO/18761211_1-0002.xml</fichier><nbString>4420</nbString><nbCar/><blocTexte>36</blocTexte><blocPub>2</blocPub><blocIllustration>0</blocIllustration><sommeWC>3502.1499999999573</sommeWC></page><page><fichier>ALTO/18761211_1-0003.xml</fichier><nbString>4532</nbString><nbCar/><blocTexte>37</blocTexte><blocPub>1</blocPub><blocIllustration>0</blocIllustration><sommeWC>3649.2999999999374</sommeWC></page><page><fichier>ALTO/18761211_1-0004.xml</fichier><nbString>4704</nbString><nbCar/><blocTexte>160</blocTexte><blocPub>1</blocPub><blocIllustration>0</blocIllustration><sommeWC>3231.81999999999</sommeWC></page></contenus></analyseAlto>