<?xml version="1.0" encoding="UTF-8"?><analyseAlto xmlns:xlink="http://www.w3.org/1999/xlink" xmlns:mods="http://www.loc.gov/mods/v3" xmlns:mets="http://www.loc.gov/METS/" xmlns:alto="http://schema.ccs-gmbh.com/docworks/version20/alto-1-4.xsd"><metad><titre>Le Petit Parisien</titre><genre>PERIODIQUE</genre><dateEdition>19.11.1876</dateEdition><nbpages>4</nbpages></metad><ocr/><contenus><nbArticle>20</nbArticle><blocTab>1</blocTab><blocPub>6</blocPub><blocIllustration>1</blocIllustration><page><fichier>ALTO/18761119_1-0001.xml</fichier><nbString>2450</nbString><nbCar/><blocTexte>32</blocTexte><blocPub>1</blocPub><blocIllustration>0</blocIllustration><sommeWC>1848.950000000037</sommeWC></page><page><fichier>ALTO/18761119_1-0002.xml</fichier><nbString>3091</nbString><nbCar/><blocTexte>33</blocTexte><blocPub>0</blocPub><blocIllustration>1</blocIllustration><sommeWC>2403.8900000000167</sommeWC></page><page><fichier>ALTO/18761119_1-0003.xml</fichier><nbString>3315</nbString><nbCar/><blocTexte>38</blocTexte><blocPub>0</blocPub><blocIllustration>0</blocIllustration><sommeWC>2551.560000000013</sommeWC></page><page><fichier>ALTO/18761119_1-0004.xml</fichier><nbString>2339</nbString><nbCar/><blocTexte>17</blocTexte><blocPub>5</blocPub><blocIllustration>0</blocIllustration><sommeWC>1464.3900000000142</sommeWC></page></contenus></analyseAlto>