<?xml version="1.0" encoding="UTF-8"?><analyseAlto xmlns:xlink="http://www.w3.org/1999/xlink" xmlns:mods="http://www.loc.gov/mods/v3" xmlns:mets="http://www.loc.gov/METS/" xmlns:alto="http://schema.ccs-gmbh.com/docworks/version20/alto-1-4.xsd"><metad><titre>Le Petit Parisien</titre><genre>PERIODIQUE</genre><dateEdition>07.12.1876</dateEdition><nbpages>4</nbpages></metad><ocr/><contenus><nbArticle>22</nbArticle><blocTab>1</blocTab><blocPub>10</blocPub><blocIllustration>0</blocIllustration><page><fichier>ALTO/18761207_1-0001.xml</fichier><nbString>3638</nbString><nbCar/><blocTexte>35</blocTexte><blocPub>2</blocPub><blocIllustration>0</blocIllustration><sommeWC>2914.6399999999912</sommeWC></page><page><fichier>ALTO/18761207_1-0002.xml</fichier><nbString>4740</nbString><nbCar/><blocTexte>35</blocTexte><blocPub>0</blocPub><blocIllustration>0</blocIllustration><sommeWC>3805.8499999999362</sommeWC></page><page><fichier>ALTO/18761207_1-0003.xml</fichier><nbString>4256</nbString><nbCar/><blocTexte>46</blocTexte><blocPub>2</blocPub><blocIllustration>0</blocIllustration><sommeWC>3487.919999999956</sommeWC></page><page><fichier>ALTO/18761207_1-0004.xml</fichier><nbString>4212</nbString><nbCar/><blocTexte>25</blocTexte><blocPub>6</blocPub><blocIllustration>0</blocIllustration><sommeWC>2997.689999999994</sommeWC></page></contenus></analyseAlto>