<?xml version="1.0" encoding="UTF-8"?><analyseAlto xmlns:xlink="http://www.w3.org/1999/xlink" xmlns:mods="http://www.loc.gov/mods/v3" xmlns:mets="http://www.loc.gov/METS/" xmlns:alto="http://schema.ccs-gmbh.com/docworks/version20/alto-1-4.xsd"><metad><titre>Le Petit Parisien</titre><genre>PERIODIQUE</genre><dateEdition>17.11.1876</dateEdition><nbpages>4</nbpages></metad><ocr/><contenus><nbArticle>16</nbArticle><blocTab>1</blocTab><blocPub>7</blocPub><blocIllustration>1</blocIllustration><page><fichier>ALTO/18761117_1-0001.xml</fichier><nbString>2013</nbString><nbCar/><blocTexte>26</blocTexte><blocPub>2</blocPub><blocIllustration>0</blocIllustration><sommeWC>1563.570000000028</sommeWC></page><page><fichier>ALTO/18761117_1-0002.xml</fichier><nbString>3220</nbString><nbCar/><blocTexte>33</blocTexte><blocPub>0</blocPub><blocIllustration>0</blocIllustration><sommeWC>2464.2400000000202</sommeWC></page><page><fichier>ALTO/18761117_1-0003.xml</fichier><nbString>3104</nbString><nbCar/><blocTexte>27</blocTexte><blocPub>0</blocPub><blocIllustration>1</blocIllustration><sommeWC>2403.080000000028</sommeWC></page><page><fichier>ALTO/18761117_1-0004.xml</fichier><nbString>3082</nbString><nbCar/><blocTexte>20</blocTexte><blocPub>5</blocPub><blocIllustration>0</blocIllustration><sommeWC>1917.020000000029</sommeWC></page></contenus></analyseAlto>