<?xml version="1.0" encoding="UTF-8"?><analyseAlto xmlns:xlink="http://www.w3.org/1999/xlink" xmlns:mods="http://www.loc.gov/mods/v3" xmlns:mets="http://www.loc.gov/METS/" xmlns:alto="http://schema.ccs-gmbh.com/docworks/version20/alto-1-4.xsd"><metad><titre>Le Petit Parisien</titre><genre>PERIODIQUE</genre><dateEdition>30.11.1876</dateEdition><nbpages>4</nbpages></metad><ocr/><contenus><nbArticle>27</nbArticle><blocTab>1</blocTab><blocPub>10</blocPub><blocIllustration>1</blocIllustration><page><fichier>ALTO/18761130_1-0001.xml</fichier><nbString>3787</nbString><nbCar/><blocTexte>38</blocTexte><blocPub>1</blocPub><blocIllustration>0</blocIllustration><sommeWC>2982.439999999986</sommeWC></page><page><fichier>ALTO/18761130_1-0002.xml</fichier><nbString>4719</nbString><nbCar/><blocTexte>41</blocTexte><blocPub>0</blocPub><blocIllustration>0</blocIllustration><sommeWC>3682.6999999999534</sommeWC></page><page><fichier>ALTO/18761130_1-0003.xml</fichier><nbString>4291</nbString><nbCar/><blocTexte>44</blocTexte><blocPub>0</blocPub><blocIllustration>1</blocIllustration><sommeWC>3477.0399999999536</sommeWC></page><page><fichier>ALTO/18761130_1-0004.xml</fichier><nbString>4458</nbString><nbCar/><blocTexte>32</blocTexte><blocPub>9</blocPub><blocIllustration>0</blocIllustration><sommeWC>3227.129999999974</sommeWC></page></contenus></analyseAlto>