<?xml version="1.0" encoding="UTF-8"?><analyseAlto xmlns:xlink="http://www.w3.org/1999/xlink" xmlns:mods="http://www.loc.gov/mods/v3" xmlns:mets="http://www.loc.gov/METS/" xmlns:alto="http://schema.ccs-gmbh.com/docworks/version20/alto-1-4.xsd"><metad><titre>Le Petit Parisien</titre><genre>PERIODIQUE</genre><dateEdition>27.11.1876</dateEdition><nbpages>4</nbpages></metad><ocr/><contenus><nbArticle>25</nbArticle><blocTab>1</blocTab><blocPub>13</blocPub><blocIllustration>1</blocIllustration><page><fichier>ALTO/18761127_1-0001.xml</fichier><nbString>3943</nbString><nbCar/><blocTexte>43</blocTexte><blocPub>1</blocPub><blocIllustration>0</blocIllustration><sommeWC>3169.989999999974</sommeWC></page><page><fichier>ALTO/18761127_1-0002.xml</fichier><nbString>4825</nbString><nbCar/><blocTexte>44</blocTexte><blocPub>0</blocPub><blocIllustration>0</blocIllustration><sommeWC>3860.889999999935</sommeWC></page><page><fichier>ALTO/18761127_1-0003.xml</fichier><nbString>4741</nbString><nbCar/><blocTexte>42</blocTexte><blocPub>0</blocPub><blocIllustration>1</blocIllustration><sommeWC>3859.7399999999207</sommeWC></page><page><fichier>ALTO/18761127_1-0004.xml</fichier><nbString>3708</nbString><nbCar/><blocTexte>47</blocTexte><blocPub>12</blocPub><blocIllustration>0</blocIllustration><sommeWC>2544.9800000000064</sommeWC></page></contenus></analyseAlto>