<?xml version="1.0" encoding="UTF-8"?><analyseAlto xmlns:xlink="http://www.w3.org/1999/xlink" xmlns:mods="http://www.loc.gov/mods/v3" xmlns:mets="http://www.loc.gov/METS/" xmlns:alto="http://schema.ccs-gmbh.com/docworks/version20/alto-1-4.xsd"><metad><titre>Le Petit Parisien</titre><genre>PERIODIQUE</genre><dateEdition>26.12.1876</dateEdition><nbpages>4</nbpages></metad><ocr/><contenus><nbArticle>24</nbArticle><blocTab>0</blocTab><blocPub>7</blocPub><blocIllustration>0</blocIllustration><page><fichier>ALTO/18761226_1-0001.xml</fichier><nbString>3613</nbString><nbCar/><blocTexte>47</blocTexte><blocPub>2</blocPub><blocIllustration>0</blocIllustration><sommeWC>2767.1799999999957</sommeWC></page><page><fichier>ALTO/18761226_1-0002.xml</fichier><nbString>4569</nbString><nbCar/><blocTexte>34</blocTexte><blocPub>0</blocPub><blocIllustration>0</blocIllustration><sommeWC>3681.7099999999477</sommeWC></page><page><fichier>ALTO/18761226_1-0003.xml</fichier><nbString>5079</nbString><nbCar/><blocTexte>35</blocTexte><blocPub>2</blocPub><blocIllustration>0</blocIllustration><sommeWC>4042.949999999924</sommeWC></page><page><fichier>ALTO/18761226_1-0004.xml</fichier><nbString>4674</nbString><nbCar/><blocTexte>23</blocTexte><blocPub>3</blocPub><blocIllustration>0</blocIllustration><sommeWC>3539.7299999999755</sommeWC></page></contenus></analyseAlto>