<?xml version="1.0" encoding="UTF-8"?><analyseAlto xmlns:xlink="http://www.w3.org/1999/xlink" xmlns:mods="http://www.loc.gov/mods/v3" xmlns:mets="http://www.loc.gov/METS/" xmlns:alto="http://schema.ccs-gmbh.com/docworks/version20/alto-1-4.xsd"><metad><titre>Le Petit Parisien</titre><genre>PERIODIQUE</genre><dateEdition>28.11.1876</dateEdition><nbpages>4</nbpages></metad><ocr/><contenus><nbArticle>27</nbArticle><blocTab>0</blocTab><blocPub>8</blocPub><blocIllustration>0</blocIllustration><page><fichier>ALTO/18761128_1-0001.xml</fichier><nbString>3951</nbString><nbCar/><blocTexte>39</blocTexte><blocPub>1</blocPub><blocIllustration>0</blocIllustration><sommeWC>3176.969999999968</sommeWC></page><page><fichier>ALTO/18761128_1-0002.xml</fichier><nbString>4957</nbString><nbCar/><blocTexte>41</blocTexte><blocPub>0</blocPub><blocIllustration>0</blocIllustration><sommeWC>3848.0399999999463</sommeWC></page><page><fichier>ALTO/18761128_1-0003.xml</fichier><nbString>4525</nbString><nbCar/><blocTexte>45</blocTexte><blocPub>1</blocPub><blocIllustration>0</blocIllustration><sommeWC>3688.259999999947</sommeWC></page><page><fichier>ALTO/18761128_1-0004.xml</fichier><nbString>4441</nbString><nbCar/><blocTexte>36</blocTexte><blocPub>6</blocPub><blocIllustration>0</blocIllustration><sommeWC>3403.2099999999687</sommeWC></page></contenus></analyseAlto>