<?xml version="1.0" encoding="UTF-8"?><analyseAlto xmlns:xlink="http://www.w3.org/1999/xlink" xmlns:mods="http://www.loc.gov/mods/v3" xmlns:mets="http://www.loc.gov/METS/" xmlns:alto="http://schema.ccs-gmbh.com/docworks/version20/alto-1-4.xsd"><metad><titre>Le Petit Parisien</titre><genre>PERIODIQUE</genre><dateEdition>26.10.1876</dateEdition><nbpages>4</nbpages></metad><ocr/><contenus><nbArticle>29</nbArticle><blocTab>0</blocTab><blocPub>5</blocPub><blocIllustration>0</blocIllustration><page><fichier>ALTO/18761026_1-0001.xml</fichier><nbString>2672</nbString><nbCar/><blocTexte>40</blocTexte><blocPub>0</blocPub><blocIllustration>0</blocIllustration><sommeWC>2181.8100000000263</sommeWC></page><page><fichier>ALTO/18761026_1-0002.xml</fichier><nbString>3466</nbString><nbCar/><blocTexte>27</blocTexte><blocPub>0</blocPub><blocIllustration>0</blocIllustration><sommeWC>2625.840000000011</sommeWC></page><page><fichier>ALTO/18761026_1-0003.xml</fichier><nbString>3608</nbString><nbCar/><blocTexte>47</blocTexte><blocPub>0</blocPub><blocIllustration>0</blocIllustration><sommeWC>2760.429999999994</sommeWC></page><page><fichier>ALTO/18761026_1-0004.xml</fichier><nbString>3241</nbString><nbCar/><blocTexte>37</blocTexte><blocPub>5</blocPub><blocIllustration>0</blocIllustration><sommeWC>2405.710000000022</sommeWC></page></contenus></analyseAlto>