<?xml version="1.0" encoding="UTF-8"?><analyseAlto xmlns:xlink="http://www.w3.org/1999/xlink" xmlns:mods="http://www.loc.gov/mods/v3" xmlns:mets="http://www.loc.gov/METS/" xmlns:alto="http://schema.ccs-gmbh.com/docworks/version20/alto-1-4.xsd"><metad><titre>Le Petit Parisien</titre><genre>PERIODIQUE</genre><dateEdition>03.11.1876</dateEdition><nbpages>4</nbpages></metad><ocr/><contenus><nbArticle>25</nbArticle><blocTab>0</blocTab><blocPub>5</blocPub><blocIllustration>0</blocIllustration><page><fichier>ALTO/18761103_1-0001.xml</fichier><nbString>2472</nbString><nbCar/><blocTexte>40</blocTexte><blocPub>1</blocPub><blocIllustration>0</blocIllustration><sommeWC>1960.4500000000364</sommeWC></page><page><fichier>ALTO/18761103_1-0002.xml</fichier><nbString>3097</nbString><nbCar/><blocTexte>28</blocTexte><blocPub>0</blocPub><blocIllustration>0</blocIllustration><sommeWC>2399.1600000000235</sommeWC></page><page><fichier>ALTO/18761103_1-0003.xml</fichier><nbString>3420</nbString><nbCar/><blocTexte>35</blocTexte><blocPub>0</blocPub><blocIllustration>0</blocIllustration><sommeWC>2600.720000000015</sommeWC></page><page><fichier>ALTO/18761103_1-0004.xml</fichier><nbString>2934</nbString><nbCar/><blocTexte>33</blocTexte><blocPub>4</blocPub><blocIllustration>0</blocIllustration><sommeWC>2206.6200000000326</sommeWC></page></contenus></analyseAlto>