<?xml version="1.0" encoding="UTF-8"?><analyseAlto xmlns:xlink="http://www.w3.org/1999/xlink" xmlns:mods="http://www.loc.gov/mods/v3" xmlns:mets="http://www.loc.gov/METS/" xmlns:alto="http://schema.ccs-gmbh.com/docworks/version20/alto-1-4.xsd"><metad><titre>Le Petit Parisien</titre><genre>PERIODIQUE</genre><dateEdition>25.11.1876</dateEdition><nbpages>4</nbpages></metad><ocr/><contenus><nbArticle>18</nbArticle><blocTab>1</blocTab><blocPub>7</blocPub><blocIllustration>1</blocIllustration><page><fichier>ALTO/18761125_1-0001.xml</fichier><nbString>2354</nbString><nbCar/><blocTexte>29</blocTexte><blocPub>2</blocPub><blocIllustration>0</blocIllustration><sommeWC>1879.3400000000368</sommeWC></page><page><fichier>ALTO/18761125_1-0002.xml</fichier><nbString>3534</nbString><nbCar/><blocTexte>27</blocTexte><blocPub>0</blocPub><blocIllustration>0</blocIllustration><sommeWC>2724.2200000000084</sommeWC></page><page><fichier>ALTO/18761125_1-0003.xml</fichier><nbString>3293</nbString><nbCar/><blocTexte>31</blocTexte><blocPub>0</blocPub><blocIllustration>1</blocIllustration><sommeWC>2569.290000000012</sommeWC></page><page><fichier>ALTO/18761125_1-0004.xml</fichier><nbString>2750</nbString><nbCar/><blocTexte>21</blocTexte><blocPub>5</blocPub><blocIllustration>0</blocIllustration><sommeWC>1806.9600000000291</sommeWC></page></contenus></analyseAlto>