<?xml version="1.0" encoding="UTF-8"?><analyseAlto xmlns:xlink="http://www.w3.org/1999/xlink" xmlns:mods="http://www.loc.gov/mods/v3" xmlns:mets="http://www.loc.gov/METS/" xmlns:alto="http://schema.ccs-gmbh.com/docworks/version20/alto-1-4.xsd"><metad><titre>Le Petit Parisien</titre><genre>PERIODIQUE</genre><dateEdition>23.12.1876</dateEdition><nbpages>4</nbpages></metad><ocr/><contenus><nbArticle>26</nbArticle><blocTab>1</blocTab><blocPub>9</blocPub><blocIllustration>0</blocIllustration><page><fichier>ALTO/18761223_1-0001.xml</fichier><nbString>3709</nbString><nbCar/><blocTexte>47</blocTexte><blocPub>2</blocPub><blocIllustration>0</blocIllustration><sommeWC>2999.709999999977</sommeWC></page><page><fichier>ALTO/18761223_1-0002.xml</fichier><nbString>4369</nbString><nbCar/><blocTexte>39</blocTexte><blocPub>0</blocPub><blocIllustration>0</blocIllustration><sommeWC>3545.4199999999496</sommeWC></page><page><fichier>ALTO/18761223_1-0003.xml</fichier><nbString>4931</nbString><nbCar/><blocTexte>44</blocTexte><blocPub>2</blocPub><blocIllustration>0</blocIllustration><sommeWC>4050.3899999999135</sommeWC></page><page><fichier>ALTO/18761223_1-0004.xml</fichier><nbString>4298</nbString><nbCar/><blocTexte>40</blocTexte><blocPub>5</blocPub><blocIllustration>0</blocIllustration><sommeWC>3133.25999999999</sommeWC></page></contenus></analyseAlto>