<?xml version="1.0" encoding="UTF-8"?><analyseAlto xmlns:xlink="http://www.w3.org/1999/xlink" xmlns:mods="http://www.loc.gov/mods/v3" xmlns:mets="http://www.loc.gov/METS/" xmlns:alto="http://schema.ccs-gmbh.com/docworks/version20/alto-1-4.xsd"><metad><titre>Le Petit Parisien</titre><genre>PERIODIQUE</genre><dateEdition>23.11.1876</dateEdition><nbpages>4</nbpages></metad><ocr/><contenus><nbArticle>18</nbArticle><blocTab>1</blocTab><blocPub>7</blocPub><blocIllustration>1</blocIllustration><page><fichier>ALTO/18761123_1-0001.xml</fichier><nbString>2526</nbString><nbCar/><blocTexte>34</blocTexte><blocPub>1</blocPub><blocIllustration>0</blocIllustration><sommeWC>1970.7000000000382</sommeWC></page><page><fichier>ALTO/18761123_1-0002.xml</fichier><nbString>3306</nbString><nbCar/><blocTexte>24</blocTexte><blocPub>0</blocPub><blocIllustration>0</blocIllustration><sommeWC>2512.1300000000097</sommeWC></page><page><fichier>ALTO/18761123_1-0003.xml</fichier><nbString>3201</nbString><nbCar/><blocTexte>34</blocTexte><blocPub>0</blocPub><blocIllustration>1</blocIllustration><sommeWC>2517.760000000019</sommeWC></page><page><fichier>ALTO/18761123_1-0004.xml</fichier><nbString>1407</nbString><nbCar/><blocTexte>11</blocTexte><blocPub>6</blocPub><blocIllustration>0</blocIllustration><sommeWC>943.9500000000072</sommeWC></page></contenus></analyseAlto>