<?xml version="1.0" encoding="UTF-8"?><analyseAlto xmlns:xlink="http://www.w3.org/1999/xlink" xmlns:mods="http://www.loc.gov/mods/v3" xmlns:mets="http://www.loc.gov/METS/" xmlns:alto="http://schema.ccs-gmbh.com/docworks/version20/alto-1-4.xsd"><metad><titre>Le Petit Parisien</titre><genre>PERIODIQUE</genre><dateEdition>21.12.1876</dateEdition><nbpages>4</nbpages></metad><ocr/><contenus><nbArticle>29</nbArticle><blocTab>4</blocTab><blocPub>6</blocPub><blocIllustration>0</blocIllustration><page><fichier>ALTO/18761221_1-0001.xml</fichier><nbString>3641</nbString><nbCar/><blocTexte>46</blocTexte><blocPub>1</blocPub><blocIllustration>0</blocIllustration><sommeWC>2974.119999999981</sommeWC></page><page><fichier>ALTO/18761221_1-0002.xml</fichier><nbString>4540</nbString><nbCar/><blocTexte>39</blocTexte><blocPub>0</blocPub><blocIllustration>0</blocIllustration><sommeWC>3625.3199999999456</sommeWC></page><page><fichier>ALTO/18761221_1-0003.xml</fichier><nbString>4907</nbString><nbCar/><blocTexte>38</blocTexte><blocPub>1</blocPub><blocIllustration>0</blocIllustration><sommeWC>3939.389999999923</sommeWC></page><page><fichier>ALTO/18761221_1-0004.xml</fichier><nbString>4460</nbString><nbCar/><blocTexte>53</blocTexte><blocPub>4</blocPub><blocIllustration>0</blocIllustration><sommeWC>3107.2299999999823</sommeWC></page></contenus></analyseAlto>