<?xml version="1.0" encoding="UTF-8"?><analyseAlto xmlns:xlink="http://www.w3.org/1999/xlink" xmlns:mods="http://www.loc.gov/mods/v3" xmlns:mets="http://www.loc.gov/METS/" xmlns:alto="http://schema.ccs-gmbh.com/docworks/version20/alto-1-4.xsd"><metad><titre>Le Petit Parisien</titre><genre>PERIODIQUE</genre><dateEdition>24.10.1876</dateEdition><nbpages>4</nbpages></metad><ocr/><contenus><nbArticle>21</nbArticle><blocTab>0</blocTab><blocPub>5</blocPub><blocIllustration>0</blocIllustration><page><fichier>ALTO/18761024_1-0001.xml</fichier><nbString>2670</nbString><nbCar/><blocTexte>35</blocTexte><blocPub>0</blocPub><blocIllustration>0</blocIllustration><sommeWC>2174.940000000028</sommeWC></page><page><fichier>ALTO/18761024_1-0002.xml</fichier><nbString>3480</nbString><nbCar/><blocTexte>31</blocTexte><blocPub>0</blocPub><blocIllustration>0</blocIllustration><sommeWC>2813.11999999999</sommeWC></page><page><fichier>ALTO/18761024_1-0003.xml</fichier><nbString>3893</nbString><nbCar/><blocTexte>30</blocTexte><blocPub>0</blocPub><blocIllustration>0</blocIllustration><sommeWC>3089.819999999978</sommeWC></page><page><fichier>ALTO/18761024_1-0004.xml</fichier><nbString>3079</nbString><nbCar/><blocTexte>29</blocTexte><blocPub>5</blocPub><blocIllustration>0</blocIllustration><sommeWC>2387.5000000000196</sommeWC></page></contenus></analyseAlto>