<?xml version="1.0" encoding="UTF-8"?><analyseAlto xmlns:xlink="http://www.w3.org/1999/xlink" xmlns:mods="http://www.loc.gov/mods/v3" xmlns:mets="http://www.loc.gov/METS/" xmlns:alto="http://schema.ccs-gmbh.com/docworks/version20/alto-1-4.xsd"><metad><titre>Le Petit Parisien</titre><genre>PERIODIQUE</genre><dateEdition>16.12.1876</dateEdition><nbpages>4</nbpages></metad><ocr/><contenus><nbArticle>27</nbArticle><blocTab>1</blocTab><blocPub>11</blocPub><blocIllustration>0</blocIllustration><page><fichier>ALTO/18761216_1-0001.xml</fichier><nbString>3718</nbString><nbCar/><blocTexte>41</blocTexte><blocPub>2</blocPub><blocIllustration>0</blocIllustration><sommeWC>2974.0099999999857</sommeWC></page><page><fichier>ALTO/18761216_1-0002.xml</fichier><nbString>4383</nbString><nbCar/><blocTexte>37</blocTexte><blocPub>0</blocPub><blocIllustration>0</blocIllustration><sommeWC>3493.799999999964</sommeWC></page><page><fichier>ALTO/18761216_1-0003.xml</fichier><nbString>4507</nbString><nbCar/><blocTexte>44</blocTexte><blocPub>1</blocPub><blocIllustration>0</blocIllustration><sommeWC>3557.339999999955</sommeWC></page><page><fichier>ALTO/18761216_1-0004.xml</fichier><nbString>3672</nbString><nbCar/><blocTexte>40</blocTexte><blocPub>8</blocPub><blocIllustration>0</blocIllustration><sommeWC>2597.76</sommeWC></page></contenus></analyseAlto>