<?xml version="1.0" encoding="UTF-8"?><analyseAlto xmlns:xlink="http://www.w3.org/1999/xlink" xmlns:mods="http://www.loc.gov/mods/v3" xmlns:mets="http://www.loc.gov/METS/" xmlns:alto="http://schema.ccs-gmbh.com/docworks/version20/alto-1-4.xsd"><metad><titre>Le Petit Parisien</titre><genre>PERIODIQUE</genre><dateEdition>14.12.1876</dateEdition><nbpages>4</nbpages></metad><ocr/><contenus><nbArticle>27</nbArticle><blocTab>1</blocTab><blocPub>14</blocPub><blocIllustration>0</blocIllustration><page><fichier>ALTO/18761214_1-0001.xml</fichier><nbString>3666</nbString><nbCar/><blocTexte>41</blocTexte><blocPub>1</blocPub><blocIllustration>0</blocIllustration><sommeWC>2861.969999999991</sommeWC></page><page><fichier>ALTO/18761214_1-0002.xml</fichier><nbString>4259</nbString><nbCar/><blocTexte>41</blocTexte><blocPub>0</blocPub><blocIllustration>0</blocIllustration><sommeWC>3433.1999999999607</sommeWC></page><page><fichier>ALTO/18761214_1-0003.xml</fichier><nbString>4309</nbString><nbCar/><blocTexte>57</blocTexte><blocPub>4</blocPub><blocIllustration>0</blocIllustration><sommeWC>3492.8399999999583</sommeWC></page><page><fichier>ALTO/18761214_1-0004.xml</fichier><nbString>3731</nbString><nbCar/><blocTexte>16</blocTexte><blocPub>9</blocPub><blocIllustration>0</blocIllustration><sommeWC>2366.000000000013</sommeWC></page></contenus></analyseAlto>