<?xml version="1.0" encoding="UTF-8"?><analyseAlto xmlns:xlink="http://www.w3.org/1999/xlink" xmlns:mods="http://www.loc.gov/mods/v3" xmlns:mets="http://www.loc.gov/METS/" xmlns:alto="http://schema.ccs-gmbh.com/docworks/version20/alto-1-4.xsd"><metad><titre>Le Petit Parisien</titre><genre>PERIODIQUE</genre><dateEdition>19.12.1876</dateEdition><nbpages>4</nbpages></metad><ocr/><contenus><nbArticle>27</nbArticle><blocTab>0</blocTab><blocPub>7</blocPub><blocIllustration>0</blocIllustration><page><fichier>ALTO/18761219_1-0001.xml</fichier><nbString>3692</nbString><nbCar/><blocTexte>41</blocTexte><blocPub>1</blocPub><blocIllustration>0</blocIllustration><sommeWC>2977.7699999999804</sommeWC></page><page><fichier>ALTO/18761219_1-0002.xml</fichier><nbString>4608</nbString><nbCar/><blocTexte>37</blocTexte><blocPub>0</blocPub><blocIllustration>0</blocIllustration><sommeWC>3717.839999999935</sommeWC></page><page><fichier>ALTO/18761219_1-0003.xml</fichier><nbString>4784</nbString><nbCar/><blocTexte>53</blocTexte><blocPub>0</blocPub><blocIllustration>0</blocIllustration><sommeWC>3880.6399999999235</sommeWC></page><page><fichier>ALTO/18761219_1-0004.xml</fichier><nbString>4080</nbString><nbCar/><blocTexte>27</blocTexte><blocPub>6</blocPub><blocIllustration>0</blocIllustration><sommeWC>3030.019999999991</sommeWC></page></contenus></analyseAlto>