<?xml version="1.0" encoding="UTF-8"?><analyseAlto xmlns:xlink="http://www.w3.org/1999/xlink" xmlns:mods="http://www.loc.gov/mods/v3" xmlns:mets="http://www.loc.gov/METS/" xmlns:alto="http://schema.ccs-gmbh.com/docworks/version20/alto-1-4.xsd"><metad><titre>Le Petit Parisien</titre><genre>PERIODIQUE</genre><dateEdition>12.12.1876</dateEdition><nbpages>4</nbpages></metad><ocr/><contenus><nbArticle>24</nbArticle><blocTab>0</blocTab><blocPub>12</blocPub><blocIllustration>0</blocIllustration><page><fichier>ALTO/18761212_1-0001.xml</fichier><nbString>3662</nbString><nbCar/><blocTexte>44</blocTexte><blocPub>1</blocPub><blocIllustration>0</blocIllustration><sommeWC>2936.5399999999904</sommeWC></page><page><fichier>ALTO/18761212_1-0002.xml</fichier><nbString>4525</nbString><nbCar/><blocTexte>40</blocTexte><blocPub>0</blocPub><blocIllustration>0</blocIllustration><sommeWC>3678.179999999943</sommeWC></page><page><fichier>ALTO/18761212_1-0003.xml</fichier><nbString>4678</nbString><nbCar/><blocTexte>39</blocTexte><blocPub>3</blocPub><blocIllustration>0</blocIllustration><sommeWC>3751.4299999999334</sommeWC></page><page><fichier>ALTO/18761212_1-0004.xml</fichier><nbString>4323</nbString><nbCar/><blocTexte>58</blocTexte><blocPub>8</blocPub><blocIllustration>0</blocIllustration><sommeWC>3289.2599999999707</sommeWC></page></contenus></analyseAlto>