<?xml version="1.0" encoding="UTF-8"?><analyseAlto xmlns:xlink="http://www.w3.org/1999/xlink" xmlns:mods="http://www.loc.gov/mods/v3" xmlns:mets="http://www.loc.gov/METS/" xmlns:alto="http://schema.ccs-gmbh.com/docworks/version20/alto-1-4.xsd"><metad><titre>Le Petit Parisien</titre><genre>PERIODIQUE</genre><dateEdition>02.11.1876</dateEdition><nbpages>4</nbpages></metad><ocr/><contenus><nbArticle>20</nbArticle><blocTab>1</blocTab><blocPub>5</blocPub><blocIllustration>0</blocIllustration><page><fichier>ALTO/18761102_1-0001.xml</fichier><nbString>2531</nbString><nbCar/><blocTexte>33</blocTexte><blocPub>0</blocPub><blocIllustration>0</blocIllustration><sommeWC>2064.910000000039</sommeWC></page><page><fichier>ALTO/18761102_1-0002.xml</fichier><nbString>3060</nbString><nbCar/><blocTexte>27</blocTexte><blocPub>0</blocPub><blocIllustration>0</blocIllustration><sommeWC>2340.960000000029</sommeWC></page><page><fichier>ALTO/18761102_1-0003.xml</fichier><nbString>3478</nbString><nbCar/><blocTexte>31</blocTexte><blocPub>0</blocPub><blocIllustration>0</blocIllustration><sommeWC>2645.5600000000113</sommeWC></page><page><fichier>ALTO/18761102_1-0004.xml</fichier><nbString>3005</nbString><nbCar/><blocTexte>21</blocTexte><blocPub>5</blocPub><blocIllustration>0</blocIllustration><sommeWC>2039.3600000000395</sommeWC></page></contenus></analyseAlto>