<?xml version="1.0" encoding="UTF-8"?><analyseAlto xmlns:xlink="http://www.w3.org/1999/xlink" xmlns:mods="http://www.loc.gov/mods/v3" xmlns:mets="http://www.loc.gov/METS/" xmlns:alto="http://schema.ccs-gmbh.com/docworks/version20/alto-1-4.xsd"><metad><titre>Le Petit Parisien</titre><genre>PERIODIQUE</genre><dateEdition>20.10.1876</dateEdition><nbpages>4</nbpages></metad><ocr/><contenus><nbArticle>22</nbArticle><blocTab>1</blocTab><blocPub>5</blocPub><blocIllustration>0</blocIllustration><page><fichier>ALTO/18761020_1-0001.xml</fichier><nbString>2735</nbString><nbCar/><blocTexte>42</blocTexte><blocPub>1</blocPub><blocIllustration>0</blocIllustration><sommeWC>2125.7200000000385</sommeWC></page><page><fichier>ALTO/18761020_1-0002.xml</fichier><nbString>3228</nbString><nbCar/><blocTexte>33</blocTexte><blocPub>0</blocPub><blocIllustration>0</blocIllustration><sommeWC>2543.8800000000165</sommeWC></page><page><fichier>ALTO/18761020_1-0003.xml</fichier><nbString>3825</nbString><nbCar/><blocTexte>36</blocTexte><blocPub>0</blocPub><blocIllustration>0</blocIllustration><sommeWC>2840.740000000001</sommeWC></page><page><fichier>ALTO/18761020_1-0004.xml</fichier><nbString>2539</nbString><nbCar/><blocTexte>20</blocTexte><blocPub>4</blocPub><blocIllustration>0</blocIllustration><sommeWC>1618.0700000000231</sommeWC></page></contenus></analyseAlto>