<?xml version="1.0" encoding="UTF-8"?><analyseAlto xmlns:xlink="http://www.w3.org/1999/xlink" xmlns:mods="http://www.loc.gov/mods/v3" xmlns:mets="http://www.loc.gov/METS/" xmlns:alto="http://schema.ccs-gmbh.com/docworks/version20/alto-1-4.xsd"><metad><titre>Le Petit Parisien</titre><genre>PERIODIQUE</genre><dateEdition>30.12.1876</dateEdition><nbpages>4</nbpages></metad><ocr/><contenus><nbArticle>25</nbArticle><blocTab>1</blocTab><blocPub>10</blocPub><blocIllustration>0</blocIllustration><page><fichier>ALTO/18761230_1-0001.xml</fichier><nbString>3939</nbString><nbCar/><blocTexte>38</blocTexte><blocPub>2</blocPub><blocIllustration>0</blocIllustration><sommeWC>3119.2999999999797</sommeWC></page><page><fichier>ALTO/18761230_1-0002.xml</fichier><nbString>4125</nbString><nbCar/><blocTexte>47</blocTexte><blocPub>0</blocPub><blocIllustration>0</blocIllustration><sommeWC>3370.569999999958</sommeWC></page><page><fichier>ALTO/18761230_1-0003.xml</fichier><nbString>5003</nbString><nbCar/><blocTexte>54</blocTexte><blocPub>3</blocPub><blocIllustration>0</blocIllustration><sommeWC>3846.0099999999425</sommeWC></page><page><fichier>ALTO/18761230_1-0004.xml</fichier><nbString>2966</nbString><nbCar/><blocTexte>12</blocTexte><blocPub>5</blocPub><blocIllustration>0</blocIllustration><sommeWC>1888.5200000000275</sommeWC></page></contenus></analyseAlto>