<?xml version="1.0" encoding="UTF-8"?><analyseAlto xmlns:xlink="http://www.w3.org/1999/xlink" xmlns:mods="http://www.loc.gov/mods/v3" xmlns:mets="http://www.loc.gov/METS/" xmlns:alto="http://schema.ccs-gmbh.com/docworks/version20/alto-1-4.xsd"><metad><titre>Le Petit Parisien</titre><genre>PERIODIQUE</genre><dateEdition>06.12.1876</dateEdition><nbpages>4</nbpages></metad><ocr/><contenus><nbArticle>23</nbArticle><blocTab>1</blocTab><blocPub>19</blocPub><blocIllustration>0</blocIllustration><page><fichier>ALTO/18761206_1-0001.xml</fichier><nbString>3665</nbString><nbCar/><blocTexte>45</blocTexte><blocPub>2</blocPub><blocIllustration>0</blocIllustration><sommeWC>2958.3799999999783</sommeWC></page><page><fichier>ALTO/18761206_1-0002.xml</fichier><nbString>4350</nbString><nbCar/><blocTexte>45</blocTexte><blocPub>1</blocPub><blocIllustration>0</blocIllustration><sommeWC>3539.399999999948</sommeWC></page><page><fichier>ALTO/18761206_1-0003.xml</fichier><nbString>4577</nbString><nbCar/><blocTexte>52</blocTexte><blocPub>4</blocPub><blocIllustration>0</blocIllustration><sommeWC>3668.759999999949</sommeWC></page><page><fichier>ALTO/18761206_1-0004.xml</fichier><nbString>3755</nbString><nbCar/><blocTexte>19</blocTexte><blocPub>12</blocPub><blocIllustration>0</blocIllustration><sommeWC>2624.900000000008</sommeWC></page></contenus></analyseAlto>