<?xml version="1.0" encoding="UTF-8"?><analyseAlto xmlns:xlink="http://www.w3.org/1999/xlink" xmlns:mods="http://www.loc.gov/mods/v3" xmlns:mets="http://www.loc.gov/METS/" xmlns:alto="http://schema.ccs-gmbh.com/docworks/version20/alto-1-4.xsd"><metad><titre>Le Petit Parisien</titre><genre>PERIODIQUE</genre><dateEdition>22.11.1876</dateEdition><nbpages>4</nbpages></metad><ocr/><contenus><nbArticle>19</nbArticle><blocTab>1</blocTab><blocPub>7</blocPub><blocIllustration>1</blocIllustration><page><fichier>ALTO/18761122_1-0001.xml</fichier><nbString>2497</nbString><nbCar/><blocTexte>34</blocTexte><blocPub>1</blocPub><blocIllustration>0</blocIllustration><sommeWC>2043.140000000038</sommeWC></page><page><fichier>ALTO/18761122_1-0002.xml</fichier><nbString>3230</nbString><nbCar/><blocTexte>20</blocTexte><blocPub>0</blocPub><blocIllustration>0</blocIllustration><sommeWC>2532.1400000000144</sommeWC></page><page><fichier>ALTO/18761122_1-0003.xml</fichier><nbString>3324</nbString><nbCar/><blocTexte>33</blocTexte><blocPub>0</blocPub><blocIllustration>1</blocIllustration><sommeWC>2442.5800000000268</sommeWC></page><page><fichier>ALTO/18761122_1-0004.xml</fichier><nbString>1156</nbString><nbCar/><blocTexte>11</blocTexte><blocPub>6</blocPub><blocIllustration>0</blocIllustration><sommeWC>761.6300000000044</sommeWC></page></contenus></analyseAlto>