<?xml version="1.0" encoding="UTF-8"?><analyseAlto xmlns:xlink="http://www.w3.org/1999/xlink" xmlns:mods="http://www.loc.gov/mods/v3" xmlns:mets="http://www.loc.gov/METS/" xmlns:alto="http://schema.ccs-gmbh.com/docworks/version20/alto-1-4.xsd"><metad><titre>Le Petit Parisien</titre><genre>PERIODIQUE</genre><dateEdition>22.10.1876</dateEdition><nbpages>4</nbpages></metad><ocr/><contenus><nbArticle>22</nbArticle><blocTab>1</blocTab><blocPub>5</blocPub><blocIllustration>0</blocIllustration><page><fichier>ALTO/18761022_1-0001.xml</fichier><nbString>2795</nbString><nbCar/><blocTexte>32</blocTexte><blocPub>0</blocPub><blocIllustration>0</blocIllustration><sommeWC>2065.8000000000393</sommeWC></page><page><fichier>ALTO/18761022_1-0002.xml</fichier><nbString>3379</nbString><nbCar/><blocTexte>34</blocTexte><blocPub>0</blocPub><blocIllustration>0</blocIllustration><sommeWC>2425.3600000000206</sommeWC></page><page><fichier>ALTO/18761022_1-0003.xml</fichier><nbString>3486</nbString><nbCar/><blocTexte>36</blocTexte><blocPub>0</blocPub><blocIllustration>0</blocIllustration><sommeWC>2508.380000000014</sommeWC></page><page><fichier>ALTO/18761022_1-0004.xml</fichier><nbString>2861</nbString><nbCar/><blocTexte>40</blocTexte><blocPub>5</blocPub><blocIllustration>0</blocIllustration><sommeWC>2001.5300000000361</sommeWC></page></contenus></analyseAlto>