<?xml version="1.0" encoding="UTF-8"?><analyseAlto xmlns:xlink="http://www.w3.org/1999/xlink" xmlns:mods="http://www.loc.gov/mods/v3" xmlns:mets="http://www.loc.gov/METS/" xmlns:alto="http://schema.ccs-gmbh.com/docworks/version20/alto-1-4.xsd"><metad><titre>Le Petit Parisien</titre><genre>PERIODIQUE</genre><dateEdition>05.11.1876</dateEdition><nbpages>4</nbpages></metad><ocr/><contenus><nbArticle>14</nbArticle><blocTab>1</blocTab><blocPub>7</blocPub><blocIllustration>0</blocIllustration><page><fichier>ALTO/18761105_1-0001.xml</fichier><nbString>2633</nbString><nbCar/><blocTexte>29</blocTexte><blocPub>1</blocPub><blocIllustration>0</blocIllustration><sommeWC>2108.9100000000385</sommeWC></page><page><fichier>ALTO/18761105_1-0002.xml</fichier><nbString>3418</nbString><nbCar/><blocTexte>26</blocTexte><blocPub>0</blocPub><blocIllustration>0</blocIllustration><sommeWC>2650.4700000000184</sommeWC></page><page><fichier>ALTO/18761105_1-0003.xml</fichier><nbString>3719</nbString><nbCar/><blocTexte>27</blocTexte><blocPub>1</blocPub><blocIllustration>0</blocIllustration><sommeWC>2904.660000000006</sommeWC></page><page><fichier>ALTO/18761105_1-0004.xml</fichier><nbString>3185</nbString><nbCar/><blocTexte>26</blocTexte><blocPub>5</blocPub><blocIllustration>0</blocIllustration><sommeWC>2154.5200000000273</sommeWC></page></contenus></analyseAlto>