<?xml version="1.0" encoding="UTF-8"?><analyseAlto xmlns:xlink="http://www.w3.org/1999/xlink" xmlns:mods="http://www.loc.gov/mods/v3" xmlns:mets="http://www.loc.gov/METS/" xmlns:alto="http://schema.ccs-gmbh.com/docworks/version20/alto-1-4.xsd"><metad><titre>Le Petit Parisien</titre><genre>PERIODIQUE</genre><dateEdition>09.11.1876</dateEdition><nbpages>4</nbpages></metad><ocr/><contenus><nbArticle>21</nbArticle><blocTab>2</blocTab><blocPub>3</blocPub><blocIllustration>0</blocIllustration><page><fichier>ALTO/18761109_1-0001.xml</fichier><nbString>2472</nbString><nbCar/><blocTexte>37</blocTexte><blocPub>1</blocPub><blocIllustration>0</blocIllustration><sommeWC>1960.0100000000389</sommeWC></page><page><fichier>ALTO/18761109_1-0002.xml</fichier><nbString>3453</nbString><nbCar/><blocTexte>22</blocTexte><blocPub>0</blocPub><blocIllustration>0</blocIllustration><sommeWC>2663.100000000003</sommeWC></page><page><fichier>ALTO/18761109_1-0003.xml</fichier><nbString>3505</nbString><nbCar/><blocTexte>29</blocTexte><blocPub>0</blocPub><blocIllustration>0</blocIllustration><sommeWC>2741.3899999999944</sommeWC></page><page><fichier>ALTO/18761109_1-0004.xml</fichier><nbString>3229</nbString><nbCar/><blocTexte>35</blocTexte><blocPub>2</blocPub><blocIllustration>0</blocIllustration><sommeWC>2214.540000000034</sommeWC></page></contenus></analyseAlto>