<?xml version="1.0" encoding="UTF-8"?><analyseAlto xmlns:xlink="http://www.w3.org/1999/xlink" xmlns:mods="http://www.loc.gov/mods/v3" xmlns:mets="http://www.loc.gov/METS/" xmlns:alto="http://schema.ccs-gmbh.com/docworks/version20/alto-1-4.xsd"><metad><titre>Le Petit Parisien</titre><genre>PERIODIQUE</genre><dateEdition>09.12.1876</dateEdition><nbpages>4</nbpages></metad><ocr/><contenus><nbArticle>32</nbArticle><blocTab>1</blocTab><blocPub>7</blocPub><blocIllustration>0</blocIllustration><page><fichier>ALTO/18761209_1-0001.xml</fichier><nbString>3732</nbString><nbCar/><blocTexte>44</blocTexte><blocPub>2</blocPub><blocIllustration>0</blocIllustration><sommeWC>2980.919999999979</sommeWC></page><page><fichier>ALTO/18761209_1-0002.xml</fichier><nbString>4675</nbString><nbCar/><blocTexte>40</blocTexte><blocPub>1</blocPub><blocIllustration>0</blocIllustration><sommeWC>3750.7199999999407</sommeWC></page><page><fichier>ALTO/18761209_1-0003.xml</fichier><nbString>4462</nbString><nbCar/><blocTexte>42</blocTexte><blocPub>0</blocPub><blocIllustration>0</blocIllustration><sommeWC>3630.0999999999376</sommeWC></page><page><fichier>ALTO/18761209_1-0004.xml</fichier><nbString>4473</nbString><nbCar/><blocTexte>46</blocTexte><blocPub>4</blocPub><blocIllustration>0</blocIllustration><sommeWC>3242.5399999999922</sommeWC></page></contenus></analyseAlto>