<?xml version="1.0" encoding="UTF-8"?><analyseAlto xmlns:xlink="http://www.w3.org/1999/xlink" xmlns:mods="http://www.loc.gov/mods/v3" xmlns:mets="http://www.loc.gov/METS/" xmlns:alto="http://schema.ccs-gmbh.com/docworks/version20/alto-1-4.xsd"><metad><titre>Le Petit Parisien</titre><genre>PERIODIQUE</genre><dateEdition>08.11.1876</dateEdition><nbpages>4</nbpages></metad><ocr/><contenus><nbArticle>17</nbArticle><blocTab>1</blocTab><blocPub>7</blocPub><blocIllustration>0</blocIllustration><page><fichier>ALTO/18761108_1-0001.xml</fichier><nbString>2556</nbString><nbCar/><blocTexte>33</blocTexte><blocPub>1</blocPub><blocIllustration>0</blocIllustration><sommeWC>2001.740000000039</sommeWC></page><page><fichier>ALTO/18761108_1-0002.xml</fichier><nbString>3597</nbString><nbCar/><blocTexte>26</blocTexte><blocPub>0</blocPub><blocIllustration>0</blocIllustration><sommeWC>2829.3500000000013</sommeWC></page><page><fichier>ALTO/18761108_1-0003.xml</fichier><nbString>3637</nbString><nbCar/><blocTexte>26</blocTexte><blocPub>1</blocPub><blocIllustration>0</blocIllustration><sommeWC>2910.549999999986</sommeWC></page><page><fichier>ALTO/18761108_1-0004.xml</fichier><nbString>3086</nbString><nbCar/><blocTexte>19</blocTexte><blocPub>5</blocPub><blocIllustration>0</blocIllustration><sommeWC>2112.9200000000374</sommeWC></page></contenus></analyseAlto>