<?xml version="1.0" encoding="UTF-8"?><analyseAlto xmlns:xlink="http://www.w3.org/1999/xlink" xmlns:mods="http://www.loc.gov/mods/v3" xmlns:mets="http://www.loc.gov/METS/" xmlns:alto="http://schema.ccs-gmbh.com/docworks/version20/alto-1-4.xsd"><metad><titre>Le Petit Parisien</titre><genre>PERIODIQUE</genre><dateEdition>24.11.1876</dateEdition><nbpages>4</nbpages></metad><ocr/><contenus><nbArticle>19</nbArticle><blocTab>1</blocTab><blocPub>7</blocPub><blocIllustration>1</blocIllustration><page><fichier>ALTO/18761124_1-0001.xml</fichier><nbString>2386</nbString><nbCar/><blocTexte>30</blocTexte><blocPub>2</blocPub><blocIllustration>0</blocIllustration><sommeWC>1887.7700000000364</sommeWC></page><page><fichier>ALTO/18761124_1-0002.xml</fichier><nbString>3060</nbString><nbCar/><blocTexte>32</blocTexte><blocPub>0</blocPub><blocIllustration>1</blocIllustration><sommeWC>2272.9600000000282</sommeWC></page><page><fichier>ALTO/18761124_1-0003.xml</fichier><nbString>3411</nbString><nbCar/><blocTexte>41</blocTexte><blocPub>1</blocPub><blocIllustration>0</blocIllustration><sommeWC>2489.6000000000163</sommeWC></page><page><fichier>ALTO/18761124_1-0004.xml</fichier><nbString>3072</nbString><nbCar/><blocTexte>19</blocTexte><blocPub>4</blocPub><blocIllustration>0</blocIllustration><sommeWC>1958.2100000000253</sommeWC></page></contenus></analyseAlto>