<?xml version="1.0" encoding="UTF-8"?><analyseAlto xmlns:xlink="http://www.w3.org/1999/xlink" xmlns:mods="http://www.loc.gov/mods/v3" xmlns:mets="http://www.loc.gov/METS/" xmlns:alto="http://schema.ccs-gmbh.com/docworks/version20/alto-1-4.xsd"><metad><titre>Le Petit Parisien</titre><genre>PERIODIQUE</genre><dateEdition>01.11.1876</dateEdition><nbpages>4</nbpages></metad><ocr/><contenus><nbArticle>19</nbArticle><blocTab>1</blocTab><blocPub>5</blocPub><blocIllustration>0</blocIllustration><page><fichier>ALTO/18761101_1-0001.xml</fichier><nbString>2643</nbString><nbCar/><blocTexte>31</blocTexte><blocPub>0</blocPub><blocIllustration>0</blocIllustration><sommeWC>1998.0000000000434</sommeWC></page><page><fichier>ALTO/18761101_1-0002.xml</fichier><nbString>3348</nbString><nbCar/><blocTexte>26</blocTexte><blocPub>0</blocPub><blocIllustration>0</blocIllustration><sommeWC>2458.2400000000234</sommeWC></page><page><fichier>ALTO/18761101_1-0003.xml</fichier><nbString>3582</nbString><nbCar/><blocTexte>30</blocTexte><blocPub>1</blocPub><blocIllustration>0</blocIllustration><sommeWC>2627.1900000000114</sommeWC></page><page><fichier>ALTO/18761101_1-0004.xml</fichier><nbString>3358</nbString><nbCar/><blocTexte>24</blocTexte><blocPub>4</blocPub><blocIllustration>0</blocIllustration><sommeWC>2180.4400000000346</sommeWC></page></contenus></analyseAlto>