<?xml version="1.0" encoding="UTF-8"?><analyseAlto xmlns:xlink="http://www.w3.org/1999/xlink" xmlns:mods="http://www.loc.gov/mods/v3" xmlns:mets="http://www.loc.gov/METS/" xmlns:alto="http://schema.ccs-gmbh.com/docworks/version20/alto-1-4.xsd"><metad><titre>Le Petit Parisien</titre><genre>PERIODIQUE</genre><dateEdition>11.11.1876</dateEdition><nbpages>4</nbpages></metad><ocr/><contenus><nbArticle>18</nbArticle><blocTab>1</blocTab><blocPub>5</blocPub><blocIllustration>1</blocIllustration><page><fichier>ALTO/18761111_1-0001.xml</fichier><nbString>1678</nbString><nbCar/><blocTexte>25</blocTexte><blocPub>1</blocPub><blocIllustration>0</blocIllustration><sommeWC>1295.1500000000187</sommeWC></page><page><fichier>ALTO/18761111_1-0002.xml</fichier><nbString>3380</nbString><nbCar/><blocTexte>31</blocTexte><blocPub>0</blocPub><blocIllustration>0</blocIllustration><sommeWC>2614.6300000000074</sommeWC></page><page><fichier>ALTO/18761111_1-0003.xml</fichier><nbString>3114</nbString><nbCar/><blocTexte>29</blocTexte><blocPub>0</blocPub><blocIllustration>1</blocIllustration><sommeWC>2353.870000000025</sommeWC></page><page><fichier>ALTO/18761111_1-0004.xml</fichier><nbString>2973</nbString><nbCar/><blocTexte>23</blocTexte><blocPub>4</blocPub><blocIllustration>0</blocIllustration><sommeWC>1868.01000000003</sommeWC></page></contenus></analyseAlto>