<?xml version="1.0" encoding="UTF-8"?><analyseAlto xmlns:xlink="http://www.w3.org/1999/xlink" xmlns:mods="http://www.loc.gov/mods/v3" xmlns:mets="http://www.loc.gov/METS/" xmlns:alto="http://schema.ccs-gmbh.com/docworks/version20/alto-1-4.xsd"><metad><titre>Le Petit Parisien</titre><genre>PERIODIQUE</genre><dateEdition>21.10.1876</dateEdition><nbpages>4</nbpages></metad><ocr/><contenus><nbArticle>17</nbArticle><blocTab>0</blocTab><blocPub>2</blocPub><blocIllustration>0</blocIllustration><page><fichier>ALTO/18761021_1-0001.xml</fichier><nbString>2840</nbString><nbCar/><blocTexte>39</blocTexte><blocPub>0</blocPub><blocIllustration>0</blocIllustration><sommeWC>2116.8200000000365</sommeWC></page><page><fichier>ALTO/18761021_1-0002.xml</fichier><nbString>3289</nbString><nbCar/><blocTexte>24</blocTexte><blocPub>0</blocPub><blocIllustration>0</blocIllustration><sommeWC>2464.3200000000124</sommeWC></page><page><fichier>ALTO/18761021_1-0003.xml</fichier><nbString>3405</nbString><nbCar/><blocTexte>31</blocTexte><blocPub>0</blocPub><blocIllustration>0</blocIllustration><sommeWC>2538.6800000000194</sommeWC></page><page><fichier>ALTO/18761021_1-0004.xml</fichier><nbString>3025</nbString><nbCar/><blocTexte>27</blocTexte><blocPub>2</blocPub><blocIllustration>0</blocIllustration><sommeWC>2074.7100000000364</sommeWC></page></contenus></analyseAlto>