<?xml version="1.0" encoding="UTF-8"?><analyseAlto xmlns:xlink="http://www.w3.org/1999/xlink" xmlns:mods="http://www.loc.gov/mods/v3" xmlns:mets="http://www.loc.gov/METS/" xmlns:alto="http://schema.ccs-gmbh.com/docworks/version20/alto-1-4.xsd"><metad><titre>Le Petit Parisien</titre><genre>PERIODIQUE</genre><dateEdition>29.11.1876</dateEdition><nbpages>4</nbpages></metad><ocr/><contenus><nbArticle>29</nbArticle><blocTab>1</blocTab><blocPub>7</blocPub><blocIllustration>1</blocIllustration><page><fichier>ALTO/18761129_1-0001.xml</fichier><nbString>3878</nbString><nbCar/><blocTexte>46</blocTexte><blocPub>1</blocPub><blocIllustration>0</blocIllustration><sommeWC>3071.28999999998</sommeWC></page><page><fichier>ALTO/18761129_1-0002.xml</fichier><nbString>4315</nbString><nbCar/><blocTexte>41</blocTexte><blocPub>0</blocPub><blocIllustration>1</blocIllustration><sommeWC>3479.8899999999603</sommeWC></page><page><fichier>ALTO/18761129_1-0003.xml</fichier><nbString>4494</nbString><nbCar/><blocTexte>45</blocTexte><blocPub>1</blocPub><blocIllustration>0</blocIllustration><sommeWC>3665.6699999999378</sommeWC></page><page><fichier>ALTO/18761129_1-0004.xml</fichier><nbString>4408</nbString><nbCar/><blocTexte>28</blocTexte><blocPub>5</blocPub><blocIllustration>0</blocIllustration><sommeWC>3156.3199999999915</sommeWC></page></contenus></analyseAlto>