<?xml version="1.0" encoding="UTF-8"?><analyseAlto xmlns:xlink="http://www.w3.org/1999/xlink" xmlns:mods="http://www.loc.gov/mods/v3" xmlns:mets="http://www.loc.gov/METS/" xmlns:alto="http://schema.ccs-gmbh.com/docworks/version20/alto-1-4.xsd"><metad><titre>Le Petit Parisien</titre><genre>PERIODIQUE</genre><dateEdition>19.08.1877</dateEdition><nbpages>4</nbpages></metad><ocr/><contenus><nbArticle>26</nbArticle><blocTab>0</blocTab><blocPub>5</blocPub><blocIllustration>0</blocIllustration><page><fichier>ALTO/18770819_1-0001.xml</fichier><nbString>4214</nbString><nbCar/><blocTexte>31</blocTexte><blocPub>0</blocPub><blocIllustration>0</blocIllustration><sommeWC>3328.389999999957</sommeWC></page><page><fichier>ALTO/18770819_1-0002.xml</fichier><nbString>6136</nbString><nbCar/><blocTexte>29</blocTexte><blocPub>0</blocPub><blocIllustration>0</blocIllustration><sommeWC>4919.229999999836</sommeWC></page><page><fichier>ALTO/18770819_1-0003.xml</fichier><nbString>4942</nbString><nbCar/><blocTexte>36</blocTexte><blocPub>0</blocPub><blocIllustration>0</blocIllustration><sommeWC>3825.129999999931</sommeWC></page><page><fichier>ALTO/18770819_1-0004.xml</fichier><nbString>4588</nbString><nbCar/><blocTexte>42</blocTexte><blocPub>5</blocPub><blocIllustration>0</blocIllustration><sommeWC>3115.4099999999994</sommeWC></page></contenus></analyseAlto>