<?xml version="1.0" encoding="UTF-8"?><analyseAlto xmlns:xlink="http://www.w3.org/1999/xlink" xmlns:mods="http://www.loc.gov/mods/v3" xmlns:mets="http://www.loc.gov/METS/" xmlns:alto="http://schema.ccs-gmbh.com/docworks/version20/alto-1-4.xsd"><metad><titre>Le Petit Parisien</titre><genre>PERIODIQUE</genre><dateEdition>21.03.1877</dateEdition><nbpages>4</nbpages></metad><ocr/><contenus><nbArticle>30</nbArticle><blocTab>4</blocTab><blocPub>10</blocPub><blocIllustration>0</blocIllustration><page><fichier>ALTO/18770321_1-0001.xml</fichier><nbString>4012</nbString><nbCar/><blocTexte>49</blocTexte><blocPub>1</blocPub><blocIllustration>0</blocIllustration><sommeWC>3348.489999999955</sommeWC></page><page><fichier>ALTO/18770321_1-0002.xml</fichier><nbString>4729</nbString><nbCar/><blocTexte>29</blocTexte><blocPub>0</blocPub><blocIllustration>0</blocIllustration><sommeWC>3892.2499999999254</sommeWC></page><page><fichier>ALTO/18770321_1-0003.xml</fichier><nbString>4940</nbString><nbCar/><blocTexte>88</blocTexte><blocPub>0</blocPub><blocIllustration>0</blocIllustration><sommeWC>4056.4299999999103</sommeWC></page><page><fichier>ALTO/18770321_1-0004.xml</fichier><nbString>4517</nbString><nbCar/><blocTexte>36</blocTexte><blocPub>9</blocPub><blocIllustration>0</blocIllustration><sommeWC>3138.1699999999646</sommeWC></page></contenus></analyseAlto>