<?xml version="1.0" encoding="UTF-8"?><analyseAlto xmlns:xlink="http://www.w3.org/1999/xlink" xmlns:mods="http://www.loc.gov/mods/v3" xmlns:mets="http://www.loc.gov/METS/" xmlns:alto="http://schema.ccs-gmbh.com/docworks/version20/alto-1-4.xsd"><metad><titre>Le Petit Parisien</titre><genre>PERIODIQUE</genre><dateEdition>22.02.1877</dateEdition><nbpages>4</nbpages></metad><ocr/><contenus><nbArticle>24</nbArticle><blocTab>4</blocTab><blocPub>9</blocPub><blocIllustration>0</blocIllustration><page><fichier>ALTO/18770222_1-0001.xml</fichier><nbString>3642</nbString><nbCar/><blocTexte>39</blocTexte><blocPub>1</blocPub><blocIllustration>0</blocIllustration><sommeWC>2778.8199999999956</sommeWC></page><page><fichier>ALTO/18770222_1-0002.xml</fichier><nbString>4667</nbString><nbCar/><blocTexte>35</blocTexte><blocPub>0</blocPub><blocIllustration>0</blocIllustration><sommeWC>3657.6699999999637</sommeWC></page><page><fichier>ALTO/18770222_1-0003.xml</fichier><nbString>4609</nbString><nbCar/><blocTexte>38</blocTexte><blocPub>1</blocPub><blocIllustration>0</blocIllustration><sommeWC>3607.1899999999705</sommeWC></page><page><fichier>ALTO/18770222_1-0004.xml</fichier><nbString>4404</nbString><nbCar/><blocTexte>45</blocTexte><blocPub>7</blocPub><blocIllustration>0</blocIllustration><sommeWC>2856.6299999999997</sommeWC></page></contenus></analyseAlto>