<?xml version="1.0" encoding="UTF-8"?><analyseAlto xmlns:xlink="http://www.w3.org/1999/xlink" xmlns:mods="http://www.loc.gov/mods/v3" xmlns:mets="http://www.loc.gov/METS/" xmlns:alto="http://schema.ccs-gmbh.com/docworks/version20/alto-1-4.xsd"><metad><titre>Le Petit Parisien</titre><genre>PERIODIQUE</genre><dateEdition>10.06.1877</dateEdition><nbpages>4</nbpages></metad><ocr/><contenus><nbArticle>21</nbArticle><blocTab>1</blocTab><blocPub>12</blocPub><blocIllustration>0</blocIllustration><page><fichier>ALTO/18770610_1-0001.xml</fichier><nbString>3840</nbString><nbCar/><blocTexte>42</blocTexte><blocPub>2</blocPub><blocIllustration>0</blocIllustration><sommeWC>3153.4499999999716</sommeWC></page><page><fichier>ALTO/18770610_1-0002.xml</fichier><nbString>4592</nbString><nbCar/><blocTexte>44</blocTexte><blocPub>0</blocPub><blocIllustration>0</blocIllustration><sommeWC>3697.059999999939</sommeWC></page><page><fichier>ALTO/18770610_1-0003.xml</fichier><nbString>5087</nbString><nbCar/><blocTexte>49</blocTexte><blocPub>2</blocPub><blocIllustration>0</blocIllustration><sommeWC>4010.7599999999416</sommeWC></page><page><fichier>ALTO/18770610_1-0004.xml</fichier><nbString>1391</nbString><nbCar/><blocTexte>13</blocTexte><blocPub>8</blocPub><blocIllustration>0</blocIllustration><sommeWC>890.6300000000062</sommeWC></page></contenus></analyseAlto>