<?xml version="1.0" encoding="UTF-8"?><analyseAlto xmlns:xlink="http://www.w3.org/1999/xlink" xmlns:mods="http://www.loc.gov/mods/v3" xmlns:mets="http://www.loc.gov/METS/" xmlns:alto="http://schema.ccs-gmbh.com/docworks/version20/alto-1-4.xsd"><metad><titre>Le Petit Parisien</titre><genre>PERIODIQUE</genre><dateEdition>14.10.1877</dateEdition><nbpages>4</nbpages></metad><ocr/><contenus><nbArticle>18</nbArticle><blocTab>1</blocTab><blocPub>9</blocPub><blocIllustration>0</blocIllustration><page><fichier>ALTO/18771014_1-0001.xml</fichier><nbString>4390</nbString><nbCar/><blocTexte>31</blocTexte><blocPub>1</blocPub><blocIllustration>0</blocIllustration><sommeWC>3446.5099999999634</sommeWC></page><page><fichier>ALTO/18771014_1-0002.xml</fichier><nbString>3868</nbString><nbCar/><blocTexte>46</blocTexte><blocPub>0</blocPub><blocIllustration>0</blocIllustration><sommeWC>2756.6899999999882</sommeWC></page><page><fichier>ALTO/18771014_1-0003.xml</fichier><nbString>3931</nbString><nbCar/><blocTexte>50</blocTexte><blocPub>2</blocPub><blocIllustration>0</blocIllustration><sommeWC>2985.1899999999914</sommeWC></page><page><fichier>ALTO/18771014_1-0004.xml</fichier><nbString>4894</nbString><nbCar/><blocTexte>36</blocTexte><blocPub>6</blocPub><blocIllustration>0</blocIllustration><sommeWC>3291.8199999999943</sommeWC></page></contenus></analyseAlto>