<?xml version="1.0" encoding="UTF-8"?><analyseAlto xmlns:xlink="http://www.w3.org/1999/xlink" xmlns:mods="http://www.loc.gov/mods/v3" xmlns:mets="http://www.loc.gov/METS/" xmlns:alto="http://schema.ccs-gmbh.com/docworks/version20/alto-1-4.xsd"><metad><titre>Le Petit Parisien</titre><genre>PERIODIQUE</genre><dateEdition>09.08.1877</dateEdition><nbpages>4</nbpages></metad><ocr/><contenus><nbArticle>28</nbArticle><blocTab>10</blocTab><blocPub>10</blocPub><blocIllustration>0</blocIllustration><page><fichier>ALTO/18770809_1-0001.xml</fichier><nbString>3746</nbString><nbCar/><blocTexte>48</blocTexte><blocPub>0</blocPub><blocIllustration>0</blocIllustration><sommeWC>2951.2899999999895</sommeWC></page><page><fichier>ALTO/18770809_1-0002.xml</fichier><nbString>4455</nbString><nbCar/><blocTexte>45</blocTexte><blocPub>0</blocPub><blocIllustration>0</blocIllustration><sommeWC>3418.1799999999644</sommeWC></page><page><fichier>ALTO/18770809_1-0003.xml</fichier><nbString>5510</nbString><nbCar/><blocTexte>23</blocTexte><blocPub>1</blocPub><blocIllustration>0</blocIllustration><sommeWC>4275.3899999999185</sommeWC></page><page><fichier>ALTO/18770809_1-0004.xml</fichier><nbString>4928</nbString><nbCar/><blocTexte>43</blocTexte><blocPub>9</blocPub><blocIllustration>0</blocIllustration><sommeWC>3115.490000000013</sommeWC></page></contenus></analyseAlto>