<?xml version="1.0" encoding="UTF-8"?><analyseAlto xmlns:xlink="http://www.w3.org/1999/xlink" xmlns:mods="http://www.loc.gov/mods/v3" xmlns:mets="http://www.loc.gov/METS/" xmlns:alto="http://schema.ccs-gmbh.com/docworks/version20/alto-1-4.xsd"><metad><titre>Le Petit Parisien</titre><genre>PERIODIQUE</genre><dateEdition>30.06.1877</dateEdition><nbpages>4</nbpages></metad><ocr/><contenus><nbArticle>29</nbArticle><blocTab>3</blocTab><blocPub>11</blocPub><blocIllustration>0</blocIllustration><page><fichier>ALTO/18770630_1-0001.xml</fichier><nbString>4081</nbString><nbCar/><blocTexte>47</blocTexte><blocPub>1</blocPub><blocIllustration>0</blocIllustration><sommeWC>3045.279999999991</sommeWC></page><page><fichier>ALTO/18770630_1-0002.xml</fichier><nbString>4617</nbString><nbCar/><blocTexte>50</blocTexte><blocPub>0</blocPub><blocIllustration>0</blocIllustration><sommeWC>3636.439999999943</sommeWC></page><page><fichier>ALTO/18770630_1-0003.xml</fichier><nbString>5174</nbString><nbCar/><blocTexte>53</blocTexte><blocPub>3</blocPub><blocIllustration>0</blocIllustration><sommeWC>3991.6599999999353</sommeWC></page><page><fichier>ALTO/18770630_1-0004.xml</fichier><nbString>3915</nbString><nbCar/><blocTexte>36</blocTexte><blocPub>7</blocPub><blocIllustration>0</blocIllustration><sommeWC>2413.5000000000123</sommeWC></page></contenus></analyseAlto>