<?xml version="1.0" encoding="UTF-8"?><analyseAlto xmlns:xlink="http://www.w3.org/1999/xlink" xmlns:mods="http://www.loc.gov/mods/v3" xmlns:mets="http://www.loc.gov/METS/" xmlns:alto="http://schema.ccs-gmbh.com/docworks/version20/alto-1-4.xsd"><metad><titre>Le Petit Parisien</titre><genre>PERIODIQUE</genre><dateEdition>14.04.1877</dateEdition><nbpages>4</nbpages></metad><ocr/><contenus><nbArticle>30</nbArticle><blocTab>7</blocTab><blocPub>20</blocPub><blocIllustration>0</blocIllustration><page><fichier>ALTO/18770414_1-0001.xml</fichier><nbString>3883</nbString><nbCar/><blocTexte>35</blocTexte><blocPub>3</blocPub><blocIllustration>0</blocIllustration><sommeWC>3258.5499999999524</sommeWC></page><page><fichier>ALTO/18770414_1-0002.xml</fichier><nbString>4854</nbString><nbCar/><blocTexte>47</blocTexte><blocPub>0</blocPub><blocIllustration>0</blocIllustration><sommeWC>3973.659999999921</sommeWC></page><page><fichier>ALTO/18770414_1-0003.xml</fichier><nbString>5113</nbString><nbCar/><blocTexte>49</blocTexte><blocPub>2</blocPub><blocIllustration>0</blocIllustration><sommeWC>4048.3599999999196</sommeWC></page><page><fichier>ALTO/18770414_1-0004.xml</fichier><nbString>3888</nbString><nbCar/><blocTexte>50</blocTexte><blocPub>15</blocPub><blocIllustration>0</blocIllustration><sommeWC>2725.569999999997</sommeWC></page></contenus></analyseAlto>