<?xml version="1.0" encoding="UTF-8"?><analyseAlto xmlns:xlink="http://www.w3.org/1999/xlink" xmlns:mods="http://www.loc.gov/mods/v3" xmlns:mets="http://www.loc.gov/METS/" xmlns:alto="http://schema.ccs-gmbh.com/docworks/version20/alto-1-4.xsd"><metad><titre>Le Petit Parisien</titre><genre>PERIODIQUE</genre><dateEdition>05.05.1877</dateEdition><nbpages>4</nbpages></metad><ocr/><contenus><nbArticle>33</nbArticle><blocTab>2</blocTab><blocPub>9</blocPub><blocIllustration>1</blocIllustration><page><fichier>ALTO/18770505_1-0001.xml</fichier><nbString>3520</nbString><nbCar/><blocTexte>29</blocTexte><blocPub>1</blocPub><blocIllustration>1</blocIllustration><sommeWC>2793.2100000000037</sommeWC></page><page><fichier>ALTO/18770505_1-0002.xml</fichier><nbString>4454</nbString><nbCar/><blocTexte>44</blocTexte><blocPub>0</blocPub><blocIllustration>0</blocIllustration><sommeWC>3584.7799999999456</sommeWC></page><page><fichier>ALTO/18770505_1-0003.xml</fichier><nbString>5231</nbString><nbCar/><blocTexte>28</blocTexte><blocPub>0</blocPub><blocIllustration>0</blocIllustration><sommeWC>4301.669999999918</sommeWC></page><page><fichier>ALTO/18770505_1-0004.xml</fichier><nbString>4230</nbString><nbCar/><blocTexte>57</blocTexte><blocPub>8</blocPub><blocIllustration>0</blocIllustration><sommeWC>2691.7400000000102</sommeWC></page></contenus></analyseAlto>