<?xml version="1.0" encoding="UTF-8"?><analyseAlto xmlns:xlink="http://www.w3.org/1999/xlink" xmlns:mods="http://www.loc.gov/mods/v3" xmlns:mets="http://www.loc.gov/METS/" xmlns:alto="http://schema.ccs-gmbh.com/docworks/version20/alto-1-4.xsd"><metad><titre>Le Petit Parisien</titre><genre>PERIODIQUE</genre><dateEdition>08.07.1877</dateEdition><nbpages>4</nbpages></metad><ocr/><contenus><nbArticle>30</nbArticle><blocTab>2</blocTab><blocPub>20</blocPub><blocIllustration>0</blocIllustration><page><fichier>ALTO/18770708_1-0001.xml</fichier><nbString>3818</nbString><nbCar/><blocTexte>47</blocTexte><blocPub>1</blocPub><blocIllustration>0</blocIllustration><sommeWC>3122.3099999999763</sommeWC></page><page><fichier>ALTO/18770708_1-0002.xml</fichier><nbString>4634</nbString><nbCar/><blocTexte>51</blocTexte><blocPub>0</blocPub><blocIllustration>0</blocIllustration><sommeWC>3523.799999999963</sommeWC></page><page><fichier>ALTO/18770708_1-0003.xml</fichier><nbString>4977</nbString><nbCar/><blocTexte>32</blocTexte><blocPub>2</blocPub><blocIllustration>0</blocIllustration><sommeWC>3723.2599999999698</sommeWC></page><page><fichier>ALTO/18770708_1-0004.xml</fichier><nbString>4213</nbString><nbCar/><blocTexte>50</blocTexte><blocPub>17</blocPub><blocIllustration>0</blocIllustration><sommeWC>2830.1100000000097</sommeWC></page></contenus></analyseAlto>