<?xml version="1.0" encoding="UTF-8"?><analyseAlto xmlns:xlink="http://www.w3.org/1999/xlink" xmlns:mods="http://www.loc.gov/mods/v3" xmlns:mets="http://www.loc.gov/METS/" xmlns:alto="http://schema.ccs-gmbh.com/docworks/version20/alto-1-4.xsd"><metad><titre>Le Petit Parisien</titre><genre>PERIODIQUE</genre><dateEdition>10.11.1877</dateEdition><nbpages>4</nbpages></metad><ocr/><contenus><nbArticle>32</nbArticle><blocTab>3</blocTab><blocPub>6</blocPub><blocIllustration>0</blocIllustration><page><fichier>ALTO/18771110_1-0001.xml</fichier><nbString>3589</nbString><nbCar/><blocTexte>49</blocTexte><blocPub>0</blocPub><blocIllustration>0</blocIllustration><sommeWC>2735.8000000000043</sommeWC></page><page><fichier>ALTO/18771110_1-0002.xml</fichier><nbString>4347</nbString><nbCar/><blocTexte>41</blocTexte><blocPub>2</blocPub><blocIllustration>0</blocIllustration><sommeWC>3283.9299999999776</sommeWC></page><page><fichier>ALTO/18771110_1-0003.xml</fichier><nbString>4952</nbString><nbCar/><blocTexte>47</blocTexte><blocPub>1</blocPub><blocIllustration>0</blocIllustration><sommeWC>3804.8899999999394</sommeWC></page><page><fichier>ALTO/18771110_1-0004.xml</fichier><nbString>4807</nbString><nbCar/><blocTexte>47</blocTexte><blocPub>3</blocPub><blocIllustration>0</blocIllustration><sommeWC>3182.0000000000105</sommeWC></page></contenus></analyseAlto>