<?xml version="1.0" encoding="UTF-8"?><analyseAlto xmlns:xlink="http://www.w3.org/1999/xlink" xmlns:mods="http://www.loc.gov/mods/v3" xmlns:mets="http://www.loc.gov/METS/" xmlns:alto="http://schema.ccs-gmbh.com/docworks/version20/alto-1-4.xsd"><metad><titre>Le Petit Parisien</titre><genre>PERIODIQUE</genre><dateEdition>28.12.1877</dateEdition><nbpages>4</nbpages></metad><ocr/><contenus><nbArticle>29</nbArticle><blocTab>1</blocTab><blocPub>12</blocPub><blocIllustration>0</blocIllustration><page><fichier>ALTO/18771228_1-0001.xml</fichier><nbString>3567</nbString><nbCar/><blocTexte>39</blocTexte><blocPub>1</blocPub><blocIllustration>0</blocIllustration><sommeWC>2913.8799999999796</sommeWC></page><page><fichier>ALTO/18771228_1-0002.xml</fichier><nbString>4099</nbString><nbCar/><blocTexte>49</blocTexte><blocPub>0</blocPub><blocIllustration>0</blocIllustration><sommeWC>3273.1499999999764</sommeWC></page><page><fichier>ALTO/18771228_1-0003.xml</fichier><nbString>4556</nbString><nbCar/><blocTexte>39</blocTexte><blocPub>1</blocPub><blocIllustration>0</blocIllustration><sommeWC>3591.039999999949</sommeWC></page><page><fichier>ALTO/18771228_1-0004.xml</fichier><nbString>4484</nbString><nbCar/><blocTexte>43</blocTexte><blocPub>10</blocPub><blocIllustration>0</blocIllustration><sommeWC>2947.020000000003</sommeWC></page></contenus></analyseAlto>