<?xml version="1.0" encoding="UTF-8"?><analyseAlto xmlns:xlink="http://www.w3.org/1999/xlink" xmlns:mods="http://www.loc.gov/mods/v3" xmlns:mets="http://www.loc.gov/METS/" xmlns:alto="http://schema.ccs-gmbh.com/docworks/version20/alto-1-4.xsd"><metad><titre>Le Petit Parisien</titre><genre>PERIODIQUE</genre><dateEdition>29.06.1877</dateEdition><nbpages>4</nbpages></metad><ocr/><contenus><nbArticle>29</nbArticle><blocTab>2</blocTab><blocPub>29</blocPub><blocIllustration>0</blocIllustration><page><fichier>ALTO/18770629_1-0001.xml</fichier><nbString>3776</nbString><nbCar/><blocTexte>43</blocTexte><blocPub>2</blocPub><blocIllustration>0</blocIllustration><sommeWC>2950.389999999994</sommeWC></page><page><fichier>ALTO/18770629_1-0002.xml</fichier><nbString>4381</nbString><nbCar/><blocTexte>57</blocTexte><blocPub>0</blocPub><blocIllustration>0</blocIllustration><sommeWC>3541.339999999941</sommeWC></page><page><fichier>ALTO/18770629_1-0003.xml</fichier><nbString>5110</nbString><nbCar/><blocTexte>51</blocTexte><blocPub>3</blocPub><blocIllustration>0</blocIllustration><sommeWC>3976.8999999999373</sommeWC></page><page><fichier>ALTO/18770629_1-0004.xml</fichier><nbString>3874</nbString><nbCar/><blocTexte>41</blocTexte><blocPub>24</blocPub><blocIllustration>0</blocIllustration><sommeWC>2505.400000000008</sommeWC></page></contenus></analyseAlto>