<?xml version="1.0" encoding="UTF-8"?><analyseAlto xmlns:xlink="http://www.w3.org/1999/xlink" xmlns:mods="http://www.loc.gov/mods/v3" xmlns:mets="http://www.loc.gov/METS/" xmlns:alto="http://schema.ccs-gmbh.com/docworks/version20/alto-1-4.xsd"><metad><titre>Le Petit Parisien</titre><genre>PERIODIQUE</genre><dateEdition>07.11.1877</dateEdition><nbpages>4</nbpages></metad><ocr/><contenus><nbArticle>24</nbArticle><blocTab>3</blocTab><blocPub>6</blocPub><blocIllustration>0</blocIllustration><page><fichier>ALTO/18771107_1-0001.xml</fichier><nbString>3219</nbString><nbCar/><blocTexte>45</blocTexte><blocPub>1</blocPub><blocIllustration>0</blocIllustration><sommeWC>2575.290000000009</sommeWC></page><page><fichier>ALTO/18771107_1-0002.xml</fichier><nbString>4281</nbString><nbCar/><blocTexte>35</blocTexte><blocPub>0</blocPub><blocIllustration>0</blocIllustration><sommeWC>3356.8099999999617</sommeWC></page><page><fichier>ALTO/18771107_1-0003.xml</fichier><nbString>4695</nbString><nbCar/><blocTexte>55</blocTexte><blocPub>1</blocPub><blocIllustration>0</blocIllustration><sommeWC>3526.479999999972</sommeWC></page><page><fichier>ALTO/18771107_1-0004.xml</fichier><nbString>4834</nbString><nbCar/><blocTexte>40</blocTexte><blocPub>4</blocPub><blocIllustration>0</blocIllustration><sommeWC>3255.9300000000035</sommeWC></page></contenus></analyseAlto>