<?xml version="1.0" encoding="UTF-8"?><analyseAlto xmlns:xlink="http://www.w3.org/1999/xlink" xmlns:mods="http://www.loc.gov/mods/v3" xmlns:mets="http://www.loc.gov/METS/" xmlns:alto="http://schema.ccs-gmbh.com/docworks/version20/alto-1-4.xsd"><metad><titre>Le Petit Parisien</titre><genre>PERIODIQUE</genre><dateEdition>14.09.1877</dateEdition><nbpages>4</nbpages></metad><ocr/><contenus><nbArticle>26</nbArticle><blocTab>6</blocTab><blocPub>13</blocPub><blocIllustration>0</blocIllustration><page><fichier>ALTO/18770914_1-0001.xml</fichier><nbString>3728</nbString><nbCar/><blocTexte>45</blocTexte><blocPub>1</blocPub><blocIllustration>0</blocIllustration><sommeWC>2861.039999999995</sommeWC></page><page><fichier>ALTO/18770914_1-0002.xml</fichier><nbString>4479</nbString><nbCar/><blocTexte>42</blocTexte><blocPub>0</blocPub><blocIllustration>0</blocIllustration><sommeWC>3535.0899999999474</sommeWC></page><page><fichier>ALTO/18770914_1-0003.xml</fichier><nbString>5203</nbString><nbCar/><blocTexte>38</blocTexte><blocPub>0</blocPub><blocIllustration>0</blocIllustration><sommeWC>4097.059999999922</sommeWC></page><page><fichier>ALTO/18770914_1-0004.xml</fichier><nbString>3418</nbString><nbCar/><blocTexte>46</blocTexte><blocPub>12</blocPub><blocIllustration>0</blocIllustration><sommeWC>2251.220000000019</sommeWC></page></contenus></analyseAlto>