<?xml version="1.0" encoding="UTF-8"?><analyseAlto xmlns:xlink="http://www.w3.org/1999/xlink" xmlns:mods="http://www.loc.gov/mods/v3" xmlns:mets="http://www.loc.gov/METS/" xmlns:alto="http://schema.ccs-gmbh.com/docworks/version20/alto-1-4.xsd"><metad><titre>Le Petit Parisien</titre><genre>PERIODIQUE</genre><dateEdition>22.12.1877</dateEdition><nbpages>4</nbpages></metad><ocr/><contenus><nbArticle>31</nbArticle><blocTab>3</blocTab><blocPub>12</blocPub><blocIllustration>0</blocIllustration><page><fichier>ALTO/18771222_1-0001.xml</fichier><nbString>3341</nbString><nbCar/><blocTexte>49</blocTexte><blocPub>2</blocPub><blocIllustration>0</blocIllustration><sommeWC>2744.0099999999984</sommeWC></page><page><fichier>ALTO/18771222_1-0002.xml</fichier><nbString>4189</nbString><nbCar/><blocTexte>46</blocTexte><blocPub>0</blocPub><blocIllustration>0</blocIllustration><sommeWC>3395.25999999995</sommeWC></page><page><fichier>ALTO/18771222_1-0003.xml</fichier><nbString>4482</nbString><nbCar/><blocTexte>48</blocTexte><blocPub>0</blocPub><blocIllustration>0</blocIllustration><sommeWC>3657.1099999999387</sommeWC></page><page><fichier>ALTO/18771222_1-0004.xml</fichier><nbString>4206</nbString><nbCar/><blocTexte>39</blocTexte><blocPub>10</blocPub><blocIllustration>0</blocIllustration><sommeWC>2655.3399999999865</sommeWC></page></contenus></analyseAlto>