<?xml version="1.0" encoding="UTF-8"?><analyseAlto xmlns:xlink="http://www.w3.org/1999/xlink" xmlns:mods="http://www.loc.gov/mods/v3" xmlns:mets="http://www.loc.gov/METS/" xmlns:alto="http://schema.ccs-gmbh.com/docworks/version20/alto-1-4.xsd"><metad><titre>Le Petit Parisien</titre><genre>PERIODIQUE</genre><dateEdition>10.05.1877</dateEdition><nbpages>4</nbpages></metad><ocr/><contenus><nbArticle>33</nbArticle><blocTab>1</blocTab><blocPub>11</blocPub><blocIllustration>1</blocIllustration><page><fichier>ALTO/18770510_1-0001.xml</fichier><nbString>3096</nbString><nbCar/><blocTexte>30</blocTexte><blocPub>1</blocPub><blocIllustration>1</blocIllustration><sommeWC>2486.160000000022</sommeWC></page><page><fichier>ALTO/18770510_1-0002.xml</fichier><nbString>4808</nbString><nbCar/><blocTexte>40</blocTexte><blocPub>0</blocPub><blocIllustration>0</blocIllustration><sommeWC>3802.489999999939</sommeWC></page><page><fichier>ALTO/18770510_1-0003.xml</fichier><nbString>5079</nbString><nbCar/><blocTexte>44</blocTexte><blocPub>1</blocPub><blocIllustration>0</blocIllustration><sommeWC>4070.3799999999183</sommeWC></page><page><fichier>ALTO/18770510_1-0004.xml</fichier><nbString>4196</nbString><nbCar/><blocTexte>47</blocTexte><blocPub>9</blocPub><blocIllustration>0</blocIllustration><sommeWC>2740.4800000000027</sommeWC></page></contenus></analyseAlto>