<?xml version="1.0" encoding="UTF-8"?><analyseAlto xmlns:xlink="http://www.w3.org/1999/xlink" xmlns:mods="http://www.loc.gov/mods/v3" xmlns:mets="http://www.loc.gov/METS/" xmlns:alto="http://schema.ccs-gmbh.com/docworks/version20/alto-1-4.xsd"><metad><titre>Le Petit Parisien</titre><genre>PERIODIQUE</genre><dateEdition>03.06.1877</dateEdition><nbpages>4</nbpages></metad><ocr/><contenus><nbArticle>31</nbArticle><blocTab>1</blocTab><blocPub>12</blocPub><blocIllustration>0</blocIllustration><page><fichier>ALTO/18770603_1-0001.xml</fichier><nbString>3913</nbString><nbCar/><blocTexte>51</blocTexte><blocPub>1</blocPub><blocIllustration>0</blocIllustration><sommeWC>3064.80999999998</sommeWC></page><page><fichier>ALTO/18770603_1-0002.xml</fichier><nbString>4551</nbString><nbCar/><blocTexte>37</blocTexte><blocPub>0</blocPub><blocIllustration>0</blocIllustration><sommeWC>3662.609999999938</sommeWC></page><page><fichier>ALTO/18770603_1-0003.xml</fichier><nbString>4930</nbString><nbCar/><blocTexte>48</blocTexte><blocPub>4</blocPub><blocIllustration>0</blocIllustration><sommeWC>3879.4899999999384</sommeWC></page><page><fichier>ALTO/18770603_1-0004.xml</fichier><nbString>2534</nbString><nbCar/><blocTexte>35</blocTexte><blocPub>7</blocPub><blocIllustration>0</blocIllustration><sommeWC>1760.960000000026</sommeWC></page></contenus></analyseAlto>