<?xml version="1.0" encoding="UTF-8"?><analyseAlto xmlns:xlink="http://www.w3.org/1999/xlink" xmlns:mods="http://www.loc.gov/mods/v3" xmlns:mets="http://www.loc.gov/METS/" xmlns:alto="http://schema.ccs-gmbh.com/docworks/version20/alto-1-4.xsd"><metad><titre>Le Petit Parisien</titre><genre>PERIODIQUE</genre><dateEdition>28.04.1877</dateEdition><nbpages>4</nbpages></metad><ocr/><contenus><nbArticle>32</nbArticle><blocTab>2</blocTab><blocPub>8</blocPub><blocIllustration>0</blocIllustration><page><fichier>ALTO/18770428_1-0001.xml</fichier><nbString>3942</nbString><nbCar/><blocTexte>42</blocTexte><blocPub>0</blocPub><blocIllustration>0</blocIllustration><sommeWC>3186.8399999999724</sommeWC></page><page><fichier>ALTO/18770428_1-0002.xml</fichier><nbString>4974</nbString><nbCar/><blocTexte>36</blocTexte><blocPub>0</blocPub><blocIllustration>0</blocIllustration><sommeWC>3869.8399999999324</sommeWC></page><page><fichier>ALTO/18770428_1-0003.xml</fichier><nbString>4966</nbString><nbCar/><blocTexte>39</blocTexte><blocPub>0</blocPub><blocIllustration>0</blocIllustration><sommeWC>3958.259999999929</sommeWC></page><page><fichier>ALTO/18770428_1-0004.xml</fichier><nbString>4406</nbString><nbCar/><blocTexte>49</blocTexte><blocPub>8</blocPub><blocIllustration>0</blocIllustration><sommeWC>2919.809999999981</sommeWC></page></contenus></analyseAlto>