<?xml version="1.0" encoding="UTF-8"?><analyseAlto xmlns:xlink="http://www.w3.org/1999/xlink" xmlns:mods="http://www.loc.gov/mods/v3" xmlns:mets="http://www.loc.gov/METS/" xmlns:alto="http://schema.ccs-gmbh.com/docworks/version20/alto-1-4.xsd"><metad><titre>Le Petit Parisien</titre><genre>PERIODIQUE</genre><dateEdition>24.01.1877</dateEdition><nbpages>4</nbpages></metad><ocr/><contenus><nbArticle>19</nbArticle><blocTab>1</blocTab><blocPub>11</blocPub><blocIllustration>0</blocIllustration><page><fichier>ALTO/18770124_1-0001.xml</fichier><nbString>3876</nbString><nbCar/><blocTexte>37</blocTexte><blocPub>5</blocPub><blocIllustration>0</blocIllustration><sommeWC>3192.199999999965</sommeWC></page><page><fichier>ALTO/18770124_1-0002.xml</fichier><nbString>4628</nbString><nbCar/><blocTexte>34</blocTexte><blocPub>0</blocPub><blocIllustration>0</blocIllustration><sommeWC>3725.699999999938</sommeWC></page><page><fichier>ALTO/18770124_1-0003.xml</fichier><nbString>4461</nbString><nbCar/><blocTexte>43</blocTexte><blocPub>2</blocPub><blocIllustration>0</blocIllustration><sommeWC>3647.979999999952</sommeWC></page><page><fichier>ALTO/18770124_1-0004.xml</fichier><nbString>4514</nbString><nbCar/><blocTexte>21</blocTexte><blocPub>4</blocPub><blocIllustration>0</blocIllustration><sommeWC>3204.909999999977</sommeWC></page></contenus></analyseAlto>