<?xml version="1.0" encoding="UTF-8"?><analyseAlto xmlns:xlink="http://www.w3.org/1999/xlink" xmlns:mods="http://www.loc.gov/mods/v3" xmlns:mets="http://www.loc.gov/METS/" xmlns:alto="http://schema.ccs-gmbh.com/docworks/version20/alto-1-4.xsd"><metad><titre>Le Petit Parisien</titre><genre>PERIODIQUE</genre><dateEdition>04.09.1877</dateEdition><nbpages>4</nbpages></metad><ocr/><contenus><nbArticle>18</nbArticle><blocTab>0</blocTab><blocPub>14</blocPub><blocIllustration>0</blocIllustration><page><fichier>ALTO/18770904_1-0001.xml</fichier><nbString>3719</nbString><nbCar/><blocTexte>38</blocTexte><blocPub>2</blocPub><blocIllustration>0</blocIllustration><sommeWC>2748.030000000002</sommeWC></page><page><fichier>ALTO/18770904_1-0002.xml</fichier><nbString>4131</nbString><nbCar/><blocTexte>38</blocTexte><blocPub>0</blocPub><blocIllustration>0</blocIllustration><sommeWC>3187.869999999971</sommeWC></page><page><fichier>ALTO/18770904_1-0003.xml</fichier><nbString>5208</nbString><nbCar/><blocTexte>33</blocTexte><blocPub>1</blocPub><blocIllustration>0</blocIllustration><sommeWC>3925.7099999999336</sommeWC></page><page><fichier>ALTO/18770904_1-0004.xml</fichier><nbString>4618</nbString><nbCar/><blocTexte>37</blocTexte><blocPub>11</blocPub><blocIllustration>0</blocIllustration><sommeWC>3034.0299999999993</sommeWC></page></contenus></analyseAlto>