<?xml version="1.0" encoding="UTF-8"?><analyseAlto xmlns:xlink="http://www.w3.org/1999/xlink" xmlns:mods="http://www.loc.gov/mods/v3" xmlns:mets="http://www.loc.gov/METS/" xmlns:alto="http://schema.ccs-gmbh.com/docworks/version20/alto-1-4.xsd"><metad><titre>Le Petit Parisien</titre><genre>PERIODIQUE</genre><dateEdition>08.02.1877</dateEdition><nbpages>4</nbpages></metad><ocr/><contenus><nbArticle>27</nbArticle><blocTab>4</blocTab><blocPub>8</blocPub><blocIllustration>0</blocIllustration><page><fichier>ALTO/18770208_1-0001.xml</fichier><nbString>3508</nbString><nbCar/><blocTexte>36</blocTexte><blocPub>2</blocPub><blocIllustration>0</blocIllustration><sommeWC>2853.1699999999914</sommeWC></page><page><fichier>ALTO/18770208_1-0002.xml</fichier><nbString>4306</nbString><nbCar/><blocTexte>46</blocTexte><blocPub>0</blocPub><blocIllustration>0</blocIllustration><sommeWC>3456.4999999999527</sommeWC></page><page><fichier>ALTO/18770208_1-0003.xml</fichier><nbString>4847</nbString><nbCar/><blocTexte>31</blocTexte><blocPub>2</blocPub><blocIllustration>0</blocIllustration><sommeWC>3909.179999999931</sommeWC></page><page><fichier>ALTO/18770208_1-0004.xml</fichier><nbString>4282</nbString><nbCar/><blocTexte>44</blocTexte><blocPub>4</blocPub><blocIllustration>0</blocIllustration><sommeWC>2950.6899999999855</sommeWC></page></contenus></analyseAlto>