<?xml version="1.0" encoding="UTF-8"?><analyseAlto xmlns:xlink="http://www.w3.org/1999/xlink" xmlns:mods="http://www.loc.gov/mods/v3" xmlns:mets="http://www.loc.gov/METS/" xmlns:alto="http://schema.ccs-gmbh.com/docworks/version20/alto-1-4.xsd"><metad><titre>Le Petit Parisien</titre><genre>PERIODIQUE</genre><dateEdition>30.11.1877</dateEdition><nbpages>4</nbpages></metad><ocr/><contenus><nbArticle>30</nbArticle><blocTab>2</blocTab><blocPub>7</blocPub><blocIllustration>0</blocIllustration><page><fichier>ALTO/18771130_1-0001.xml</fichier><nbString>3619</nbString><nbCar/><blocTexte>43</blocTexte><blocPub>1</blocPub><blocIllustration>0</blocIllustration><sommeWC>2833.4100000000053</sommeWC></page><page><fichier>ALTO/18771130_1-0002.xml</fichier><nbString>4290</nbString><nbCar/><blocTexte>45</blocTexte><blocPub>0</blocPub><blocIllustration>0</blocIllustration><sommeWC>3371.139999999962</sommeWC></page><page><fichier>ALTO/18771130_1-0003.xml</fichier><nbString>4899</nbString><nbCar/><blocTexte>34</blocTexte><blocPub>2</blocPub><blocIllustration>0</blocIllustration><sommeWC>3849.6199999999476</sommeWC></page><page><fichier>ALTO/18771130_1-0004.xml</fichier><nbString>4545</nbString><nbCar/><blocTexte>32</blocTexte><blocPub>4</blocPub><blocIllustration>0</blocIllustration><sommeWC>2830.3699999999767</sommeWC></page></contenus></analyseAlto>