<?xml version="1.0" encoding="UTF-8"?><analyseAlto xmlns:xlink="http://www.w3.org/1999/xlink" xmlns:mods="http://www.loc.gov/mods/v3" xmlns:mets="http://www.loc.gov/METS/" xmlns:alto="http://schema.ccs-gmbh.com/docworks/version20/alto-1-4.xsd"><metad><titre>Le Petit Parisien</titre><genre>PERIODIQUE</genre><dateEdition>06.04.1877</dateEdition><nbpages>4</nbpages></metad><ocr/><contenus><nbArticle>31</nbArticle><blocTab>4</blocTab><blocPub>11</blocPub><blocIllustration>0</blocIllustration><page><fichier>ALTO/18770406_1-0001.xml</fichier><nbString>3965</nbString><nbCar/><blocTexte>39</blocTexte><blocPub>2</blocPub><blocIllustration>0</blocIllustration><sommeWC>3215.7199999999684</sommeWC></page><page><fichier>ALTO/18770406_1-0002.xml</fichier><nbString>4675</nbString><nbCar/><blocTexte>37</blocTexte><blocPub>0</blocPub><blocIllustration>0</blocIllustration><sommeWC>3827.3499999999276</sommeWC></page><page><fichier>ALTO/18770406_1-0003.xml</fichier><nbString>4944</nbString><nbCar/><blocTexte>52</blocTexte><blocPub>0</blocPub><blocIllustration>0</blocIllustration><sommeWC>3941.1499999999446</sommeWC></page><page><fichier>ALTO/18770406_1-0004.xml</fichier><nbString>3761</nbString><nbCar/><blocTexte>27</blocTexte><blocPub>9</blocPub><blocIllustration>0</blocIllustration><sommeWC>2564.8799999999965</sommeWC></page></contenus></analyseAlto>