<?xml version="1.0" encoding="UTF-8"?><analyseAlto xmlns:xlink="http://www.w3.org/1999/xlink" xmlns:mods="http://www.loc.gov/mods/v3" xmlns:mets="http://www.loc.gov/METS/" xmlns:alto="http://schema.ccs-gmbh.com/docworks/version20/alto-1-4.xsd"><metad><titre>Le Petit Parisien</titre><genre>PERIODIQUE</genre><dateEdition>14.07.1877</dateEdition><nbpages>4</nbpages></metad><ocr/><contenus><nbArticle>33</nbArticle><blocTab>2</blocTab><blocPub>20</blocPub><blocIllustration>0</blocIllustration><page><fichier>ALTO/18770714_1-0001.xml</fichier><nbString>3719</nbString><nbCar/><blocTexte>54</blocTexte><blocPub>1</blocPub><blocIllustration>0</blocIllustration><sommeWC>2992.8599999999824</sommeWC></page><page><fichier>ALTO/18770714_1-0002.xml</fichier><nbString>4523</nbString><nbCar/><blocTexte>58</blocTexte><blocPub>0</blocPub><blocIllustration>0</blocIllustration><sommeWC>3499.939999999964</sommeWC></page><page><fichier>ALTO/18770714_1-0003.xml</fichier><nbString>5263</nbString><nbCar/><blocTexte>40</blocTexte><blocPub>4</blocPub><blocIllustration>0</blocIllustration><sommeWC>4051.4199999999373</sommeWC></page><page><fichier>ALTO/18770714_1-0004.xml</fichier><nbString>4746</nbString><nbCar/><blocTexte>53</blocTexte><blocPub>15</blocPub><blocIllustration>0</blocIllustration><sommeWC>3141.87999999999</sommeWC></page></contenus></analyseAlto>