<?xml version="1.0" encoding="UTF-8"?><analyseAlto xmlns:xlink="http://www.w3.org/1999/xlink" xmlns:mods="http://www.loc.gov/mods/v3" xmlns:mets="http://www.loc.gov/METS/" xmlns:alto="http://schema.ccs-gmbh.com/docworks/version20/alto-1-4.xsd"><metad><titre>Le Petit Parisien</titre><genre>PERIODIQUE</genre><dateEdition>18.10.1877</dateEdition><nbpages>4</nbpages></metad><ocr/><contenus><nbArticle>21</nbArticle><blocTab>1</blocTab><blocPub>4</blocPub><blocIllustration>0</blocIllustration><page><fichier>ALTO/18771018_1-0001.xml</fichier><nbString>3704</nbString><nbCar/><blocTexte>41</blocTexte><blocPub>1</blocPub><blocIllustration>0</blocIllustration><sommeWC>2942.459999999993</sommeWC></page><page><fichier>ALTO/18771018_1-0002.xml</fichier><nbString>4631</nbString><nbCar/><blocTexte>36</blocTexte><blocPub>0</blocPub><blocIllustration>0</blocIllustration><sommeWC>3294.3799999999883</sommeWC></page><page><fichier>ALTO/18771018_1-0003.xml</fichier><nbString>4100</nbString><nbCar/><blocTexte>36</blocTexte><blocPub>0</blocPub><blocIllustration>0</blocIllustration><sommeWC>3045.689999999991</sommeWC></page><page><fichier>ALTO/18771018_1-0004.xml</fichier><nbString>4638</nbString><nbCar/><blocTexte>47</blocTexte><blocPub>3</blocPub><blocIllustration>0</blocIllustration><sommeWC>3146.950000000016</sommeWC></page></contenus></analyseAlto>