<?xml version="1.0" encoding="UTF-8"?><analyseAlto xmlns:xlink="http://www.w3.org/1999/xlink" xmlns:mods="http://www.loc.gov/mods/v3" xmlns:mets="http://www.loc.gov/METS/" xmlns:alto="http://schema.ccs-gmbh.com/docworks/version20/alto-1-4.xsd"><metad><titre>Le Petit Parisien</titre><genre>PERIODIQUE</genre><dateEdition>25.08.1877</dateEdition><nbpages>4</nbpages></metad><ocr/><contenus><nbArticle>28</nbArticle><blocTab>10</blocTab><blocPub>14</blocPub><blocIllustration>0</blocIllustration><page><fichier>ALTO/18770825_1-0001.xml</fichier><nbString>3524</nbString><nbCar/><blocTexte>46</blocTexte><blocPub>0</blocPub><blocIllustration>0</blocIllustration><sommeWC>2819.0099999999998</sommeWC></page><page><fichier>ALTO/18770825_1-0002.xml</fichier><nbString>4267</nbString><nbCar/><blocTexte>31</blocTexte><blocPub>0</blocPub><blocIllustration>0</blocIllustration><sommeWC>3375.999999999949</sommeWC></page><page><fichier>ALTO/18770825_1-0003.xml</fichier><nbString>5033</nbString><nbCar/><blocTexte>31</blocTexte><blocPub>0</blocPub><blocIllustration>0</blocIllustration><sommeWC>4076.7399999999275</sommeWC></page><page><fichier>ALTO/18770825_1-0004.xml</fichier><nbString>4474</nbString><nbCar/><blocTexte>52</blocTexte><blocPub>14</blocPub><blocIllustration>0</blocIllustration><sommeWC>2861.0499999999984</sommeWC></page></contenus></analyseAlto>