<?xml version="1.0" encoding="UTF-8"?><analyseAlto xmlns:xlink="http://www.w3.org/1999/xlink" xmlns:mods="http://www.loc.gov/mods/v3" xmlns:mets="http://www.loc.gov/METS/" xmlns:alto="http://schema.ccs-gmbh.com/docworks/version20/alto-1-4.xsd"><metad><titre>Le Petit Parisien</titre><genre>PERIODIQUE</genre><dateEdition>11.09.1877</dateEdition><nbpages>4</nbpages></metad><ocr/><contenus><nbArticle>20</nbArticle><blocTab>0</blocTab><blocPub>7</blocPub><blocIllustration>0</blocIllustration><page><fichier>ALTO/18770911_1-0001.xml</fichier><nbString>3778</nbString><nbCar/><blocTexte>48</blocTexte><blocPub>0</blocPub><blocIllustration>0</blocIllustration><sommeWC>3019.45999999998</sommeWC></page><page><fichier>ALTO/18770911_1-0002.xml</fichier><nbString>4579</nbString><nbCar/><blocTexte>39</blocTexte><blocPub>0</blocPub><blocIllustration>0</blocIllustration><sommeWC>3428.1199999999744</sommeWC></page><page><fichier>ALTO/18770911_1-0003.xml</fichier><nbString>5182</nbString><nbCar/><blocTexte>34</blocTexte><blocPub>0</blocPub><blocIllustration>0</blocIllustration><sommeWC>3919.8799999999496</sommeWC></page><page><fichier>ALTO/18770911_1-0004.xml</fichier><nbString>4215</nbString><nbCar/><blocTexte>32</blocTexte><blocPub>7</blocPub><blocIllustration>0</blocIllustration><sommeWC>3036.469999999996</sommeWC></page></contenus></analyseAlto>