<?xml version="1.0" encoding="UTF-8"?><analyseAlto xmlns:xlink="http://www.w3.org/1999/xlink" xmlns:mods="http://www.loc.gov/mods/v3" xmlns:mets="http://www.loc.gov/METS/" xmlns:alto="http://schema.ccs-gmbh.com/docworks/version20/alto-1-4.xsd"><metad><titre>Le Petit Parisien</titre><genre>PERIODIQUE</genre><dateEdition>02.10.1877</dateEdition><nbpages>4</nbpages></metad><ocr/><contenus><nbArticle>20</nbArticle><blocTab>0</blocTab><blocPub>9</blocPub><blocIllustration>0</blocIllustration><page><fichier>ALTO/18771002_1-0001.xml</fichier><nbString>3670</nbString><nbCar/><blocTexte>38</blocTexte><blocPub>3</blocPub><blocIllustration>0</blocIllustration><sommeWC>2945.33999999999</sommeWC></page><page><fichier>ALTO/18771002_1-0002.xml</fichier><nbString>4505</nbString><nbCar/><blocTexte>39</blocTexte><blocPub>0</blocPub><blocIllustration>0</blocIllustration><sommeWC>3415.9099999999644</sommeWC></page><page><fichier>ALTO/18771002_1-0003.xml</fichier><nbString>5048</nbString><nbCar/><blocTexte>40</blocTexte><blocPub>0</blocPub><blocIllustration>0</blocIllustration><sommeWC>3858.859999999934</sommeWC></page><page><fichier>ALTO/18771002_1-0004.xml</fichier><nbString>4238</nbString><nbCar/><blocTexte>39</blocTexte><blocPub>6</blocPub><blocIllustration>0</blocIllustration><sommeWC>3052.079999999994</sommeWC></page></contenus></analyseAlto>