<?xml version="1.0" encoding="UTF-8"?><analyseAlto xmlns:xlink="http://www.w3.org/1999/xlink" xmlns:mods="http://www.loc.gov/mods/v3" xmlns:mets="http://www.loc.gov/METS/" xmlns:alto="http://schema.ccs-gmbh.com/docworks/version20/alto-1-4.xsd"><metad><titre>Le Petit Parisien</titre><genre>PERIODIQUE</genre><dateEdition>06.11.1877</dateEdition><nbpages>4</nbpages></metad><ocr/><contenus><nbArticle>23</nbArticle><blocTab>1</blocTab><blocPub>9</blocPub><blocIllustration>0</blocIllustration><page><fichier>ALTO/18771106_1-0001.xml</fichier><nbString>3234</nbString><nbCar/><blocTexte>45</blocTexte><blocPub>2</blocPub><blocIllustration>0</blocIllustration><sommeWC>2543.9700000000203</sommeWC></page><page><fichier>ALTO/18771106_1-0002.xml</fichier><nbString>4430</nbString><nbCar/><blocTexte>46</blocTexte><blocPub>0</blocPub><blocIllustration>0</blocIllustration><sommeWC>3527.93999999996</sommeWC></page><page><fichier>ALTO/18771106_1-0003.xml</fichier><nbString>4473</nbString><nbCar/><blocTexte>56</blocTexte><blocPub>0</blocPub><blocIllustration>0</blocIllustration><sommeWC>3448.6999999999684</sommeWC></page><page><fichier>ALTO/18771106_1-0004.xml</fichier><nbString>4268</nbString><nbCar/><blocTexte>45</blocTexte><blocPub>7</blocPub><blocIllustration>0</blocIllustration><sommeWC>2884.4399999999937</sommeWC></page></contenus></analyseAlto>