<?xml version="1.0" encoding="UTF-8"?><analyseAlto xmlns:xlink="http://www.w3.org/1999/xlink" xmlns:mods="http://www.loc.gov/mods/v3" xmlns:mets="http://www.loc.gov/METS/" xmlns:alto="http://schema.ccs-gmbh.com/docworks/version20/alto-1-4.xsd"><metad><titre>Le Petit Parisien</titre><genre>PERIODIQUE</genre><dateEdition>19.03.1877</dateEdition><nbpages>4</nbpages></metad><ocr/><contenus><nbArticle>26</nbArticle><blocTab>5</blocTab><blocPub>20</blocPub><blocIllustration>0</blocIllustration><page><fichier>ALTO/18770319_1-0001.xml</fichier><nbString>4066</nbString><nbCar/><blocTexte>42</blocTexte><blocPub>1</blocPub><blocIllustration>0</blocIllustration><sommeWC>2990.109999999983</sommeWC></page><page><fichier>ALTO/18770319_1-0002.xml</fichier><nbString>4746</nbString><nbCar/><blocTexte>29</blocTexte><blocPub>0</blocPub><blocIllustration>0</blocIllustration><sommeWC>3885.3399999999265</sommeWC></page><page><fichier>ALTO/18770319_1-0003.xml</fichier><nbString>4719</nbString><nbCar/><blocTexte>43</blocTexte><blocPub>7</blocPub><blocIllustration>0</blocIllustration><sommeWC>3675.219999999955</sommeWC></page><page><fichier>ALTO/18770319_1-0004.xml</fichier><nbString>3401</nbString><nbCar/><blocTexte>20</blocTexte><blocPub>12</blocPub><blocIllustration>0</blocIllustration><sommeWC>2001.5600000000309</sommeWC></page></contenus></analyseAlto>