<?xml version="1.0" encoding="UTF-8"?><analyseAlto xmlns:xlink="http://www.w3.org/1999/xlink" xmlns:mods="http://www.loc.gov/mods/v3" xmlns:mets="http://www.loc.gov/METS/" xmlns:alto="http://schema.ccs-gmbh.com/docworks/version20/alto-1-4.xsd"><metad><titre>Le Petit Parisien</titre><genre>PERIODIQUE</genre><dateEdition>18.02.1877</dateEdition><nbpages>4</nbpages></metad><ocr/><contenus><nbArticle>28</nbArticle><blocTab>4</blocTab><blocPub>10</blocPub><blocIllustration>0</blocIllustration><page><fichier>ALTO/18770218_1-0001.xml</fichier><nbString>3518</nbString><nbCar/><blocTexte>45</blocTexte><blocPub>1</blocPub><blocIllustration>0</blocIllustration><sommeWC>2833.9299999999785</sommeWC></page><page><fichier>ALTO/18770218_1-0002.xml</fichier><nbString>4213</nbString><nbCar/><blocTexte>41</blocTexte><blocPub>0</blocPub><blocIllustration>0</blocIllustration><sommeWC>3445.7699999999454</sommeWC></page><page><fichier>ALTO/18770218_1-0003.xml</fichier><nbString>4722</nbString><nbCar/><blocTexte>37</blocTexte><blocPub>2</blocPub><blocIllustration>0</blocIllustration><sommeWC>3831.9899999999284</sommeWC></page><page><fichier>ALTO/18770218_1-0004.xml</fichier><nbString>4386</nbString><nbCar/><blocTexte>60</blocTexte><blocPub>7</blocPub><blocIllustration>0</blocIllustration><sommeWC>2981.39999999999</sommeWC></page></contenus></analyseAlto>