<?xml version="1.0" encoding="UTF-8"?><analyseAlto xmlns:xlink="http://www.w3.org/1999/xlink" xmlns:mods="http://www.loc.gov/mods/v3" xmlns:mets="http://www.loc.gov/METS/" xmlns:alto="http://schema.ccs-gmbh.com/docworks/version20/alto-1-4.xsd"><metad><titre>Le Petit Parisien</titre><genre>PERIODIQUE</genre><dateEdition>22.09.1877</dateEdition><nbpages>4</nbpages></metad><ocr/><contenus><nbArticle>30</nbArticle><blocTab>7</blocTab><blocPub>8</blocPub><blocIllustration>0</blocIllustration><page><fichier>ALTO/18770922_1-0001.xml</fichier><nbString>3672</nbString><nbCar/><blocTexte>40</blocTexte><blocPub>1</blocPub><blocIllustration>0</blocIllustration><sommeWC>2814.569999999999</sommeWC></page><page><fichier>ALTO/18770922_1-0002.xml</fichier><nbString>4706</nbString><nbCar/><blocTexte>44</blocTexte><blocPub>0</blocPub><blocIllustration>0</blocIllustration><sommeWC>3651.7899999999554</sommeWC></page><page><fichier>ALTO/18770922_1-0003.xml</fichier><nbString>4314</nbString><nbCar/><blocTexte>41</blocTexte><blocPub>1</blocPub><blocIllustration>0</blocIllustration><sommeWC>3333.3499999999676</sommeWC></page><page><fichier>ALTO/18770922_1-0004.xml</fichier><nbString>3715</nbString><nbCar/><blocTexte>41</blocTexte><blocPub>6</blocPub><blocIllustration>0</blocIllustration><sommeWC>2426.0800000000236</sommeWC></page></contenus></analyseAlto>