<?xml version="1.0" encoding="UTF-8"?><analyseAlto xmlns:xlink="http://www.w3.org/1999/xlink" xmlns:mods="http://www.loc.gov/mods/v3" xmlns:mets="http://www.loc.gov/METS/" xmlns:alto="http://schema.ccs-gmbh.com/docworks/version20/alto-1-4.xsd"><metad><titre>Le Petit Parisien</titre><genre>PERIODIQUE</genre><dateEdition>19.04.1877</dateEdition><nbpages>4</nbpages></metad><ocr/><contenus><nbArticle>31</nbArticle><blocTab>4</blocTab><blocPub>11</blocPub><blocIllustration>0</blocIllustration><page><fichier>ALTO/18770419_1-0001.xml</fichier><nbString>4144</nbString><nbCar/><blocTexte>32</blocTexte><blocPub>2</blocPub><blocIllustration>0</blocIllustration><sommeWC>3270.8199999999692</sommeWC></page><page><fichier>ALTO/18770419_1-0002.xml</fichier><nbString>5251</nbString><nbCar/><blocTexte>32</blocTexte><blocPub>0</blocPub><blocIllustration>0</blocIllustration><sommeWC>4191.109999999914</sommeWC></page><page><fichier>ALTO/18770419_1-0003.xml</fichier><nbString>5338</nbString><nbCar/><blocTexte>43</blocTexte><blocPub>1</blocPub><blocIllustration>0</blocIllustration><sommeWC>4225.669999999923</sommeWC></page><page><fichier>ALTO/18770419_1-0004.xml</fichier><nbString>4612</nbString><nbCar/><blocTexte>40</blocTexte><blocPub>8</blocPub><blocIllustration>0</blocIllustration><sommeWC>2993.849999999994</sommeWC></page></contenus></analyseAlto>