<?xml version="1.0" encoding="UTF-8"?><analyseAlto xmlns:xlink="http://www.w3.org/1999/xlink" xmlns:mods="http://www.loc.gov/mods/v3" xmlns:mets="http://www.loc.gov/METS/" xmlns:alto="http://schema.ccs-gmbh.com/docworks/version20/alto-1-4.xsd"><metad><titre>Le Petit Parisien</titre><genre>PERIODIQUE</genre><dateEdition>17.03.1877</dateEdition><nbpages>4</nbpages></metad><ocr/><contenus><nbArticle>23</nbArticle><blocTab>6</blocTab><blocPub>15</blocPub><blocIllustration>0</blocIllustration><page><fichier>ALTO/18770317_1-0001.xml</fichier><nbString>4094</nbString><nbCar/><blocTexte>42</blocTexte><blocPub>2</blocPub><blocIllustration>0</blocIllustration><sommeWC>3203.439999999977</sommeWC></page><page><fichier>ALTO/18770317_1-0002.xml</fichier><nbString>4784</nbString><nbCar/><blocTexte>37</blocTexte><blocPub>0</blocPub><blocIllustration>0</blocIllustration><sommeWC>3823.4399999999437</sommeWC></page><page><fichier>ALTO/18770317_1-0003.xml</fichier><nbString>6275</nbString><nbCar/><blocTexte>13</blocTexte><blocPub>1</blocPub><blocIllustration>0</blocIllustration><sommeWC>4848.409999999862</sommeWC></page><page><fichier>ALTO/18770317_1-0004.xml</fichier><nbString>4538</nbString><nbCar/><blocTexte>40</blocTexte><blocPub>12</blocPub><blocIllustration>0</blocIllustration><sommeWC>3076.5999999999767</sommeWC></page></contenus></analyseAlto>