<?xml version="1.0" encoding="UTF-8"?><analyseAlto xmlns:xlink="http://www.w3.org/1999/xlink" xmlns:mods="http://www.loc.gov/mods/v3" xmlns:mets="http://www.loc.gov/METS/" xmlns:alto="http://schema.ccs-gmbh.com/docworks/version20/alto-1-4.xsd"><metad><titre>Le Petit Parisien</titre><genre>PERIODIQUE</genre><dateEdition>19.10.1877</dateEdition><nbpages>4</nbpages></metad><ocr/><contenus><nbArticle>24</nbArticle><blocTab>2</blocTab><blocPub>8</blocPub><blocIllustration>0</blocIllustration><page><fichier>ALTO/18771019_1-0001.xml</fichier><nbString>3685</nbString><nbCar/><blocTexte>48</blocTexte><blocPub>1</blocPub><blocIllustration>0</blocIllustration><sommeWC>2875.5499999999947</sommeWC></page><page><fichier>ALTO/18771019_1-0002.xml</fichier><nbString>4145</nbString><nbCar/><blocTexte>41</blocTexte><blocPub>0</blocPub><blocIllustration>0</blocIllustration><sommeWC>3198.939999999977</sommeWC></page><page><fichier>ALTO/18771019_1-0003.xml</fichier><nbString>4621</nbString><nbCar/><blocTexte>43</blocTexte><blocPub>0</blocPub><blocIllustration>0</blocIllustration><sommeWC>3484.4299999999644</sommeWC></page><page><fichier>ALTO/18771019_1-0004.xml</fichier><nbString>4234</nbString><nbCar/><blocTexte>37</blocTexte><blocPub>7</blocPub><blocIllustration>0</blocIllustration><sommeWC>2692.3800000000037</sommeWC></page></contenus></analyseAlto>