<?xml version="1.0" encoding="UTF-8"?><analyseAlto xmlns:xlink="http://www.w3.org/1999/xlink" xmlns:mods="http://www.loc.gov/mods/v3" xmlns:mets="http://www.loc.gov/METS/" xmlns:alto="http://schema.ccs-gmbh.com/docworks/version20/alto-1-4.xsd"><metad><titre>Le Petit Parisien</titre><genre>PERIODIQUE</genre><dateEdition>06.10.1877</dateEdition><nbpages>4</nbpages></metad><ocr/><contenus><nbArticle>26</nbArticle><blocTab>2</blocTab><blocPub>10</blocPub><blocIllustration>0</blocIllustration><page><fichier>ALTO/18771006_1-0001.xml</fichier><nbString>3644</nbString><nbCar/><blocTexte>35</blocTexte><blocPub>1</blocPub><blocIllustration>0</blocIllustration><sommeWC>2852.059999999993</sommeWC></page><page><fichier>ALTO/18771006_1-0002.xml</fichier><nbString>4924</nbString><nbCar/><blocTexte>30</blocTexte><blocPub>0</blocPub><blocIllustration>0</blocIllustration><sommeWC>4012.449999999926</sommeWC></page><page><fichier>ALTO/18771006_1-0003.xml</fichier><nbString>4252</nbString><nbCar/><blocTexte>53</blocTexte><blocPub>2</blocPub><blocIllustration>0</blocIllustration><sommeWC>3350.739999999962</sommeWC></page><page><fichier>ALTO/18771006_1-0004.xml</fichier><nbString>4337</nbString><nbCar/><blocTexte>47</blocTexte><blocPub>7</blocPub><blocIllustration>0</blocIllustration><sommeWC>2845.090000000001</sommeWC></page></contenus></analyseAlto>