<?xml version="1.0" encoding="UTF-8"?><analyseAlto xmlns:xlink="http://www.w3.org/1999/xlink" xmlns:mods="http://www.loc.gov/mods/v3" xmlns:mets="http://www.loc.gov/METS/" xmlns:alto="http://schema.ccs-gmbh.com/docworks/version20/alto-1-4.xsd"><metad><titre>Le Petit Parisien</titre><genre>PERIODIQUE</genre><dateEdition>02.12.1877</dateEdition><nbpages>4</nbpages></metad><ocr/><contenus><nbArticle>26</nbArticle><blocTab>1</blocTab><blocPub>7</blocPub><blocIllustration>0</blocIllustration><page><fichier>ALTO/18771202_1-0001.xml</fichier><nbString>3130</nbString><nbCar/><blocTexte>40</blocTexte><blocPub>2</blocPub><blocIllustration>0</blocIllustration><sommeWC>2535.250000000014</sommeWC></page><page><fichier>ALTO/18771202_1-0002.xml</fichier><nbString>4078</nbString><nbCar/><blocTexte>53</blocTexte><blocPub>0</blocPub><blocIllustration>0</blocIllustration><sommeWC>3232.3099999999695</sommeWC></page><page><fichier>ALTO/18771202_1-0003.xml</fichier><nbString>4753</nbString><nbCar/><blocTexte>49</blocTexte><blocPub>1</blocPub><blocIllustration>0</blocIllustration><sommeWC>3686.089999999948</sommeWC></page><page><fichier>ALTO/18771202_1-0004.xml</fichier><nbString>4260</nbString><nbCar/><blocTexte>31</blocTexte><blocPub>4</blocPub><blocIllustration>0</blocIllustration><sommeWC>2769.600000000004</sommeWC></page></contenus></analyseAlto>