<?xml version="1.0" encoding="UTF-8"?><analyseAlto xmlns:xlink="http://www.w3.org/1999/xlink" xmlns:mods="http://www.loc.gov/mods/v3" xmlns:mets="http://www.loc.gov/METS/" xmlns:alto="http://schema.ccs-gmbh.com/docworks/version20/alto-1-4.xsd"><metad><titre>Le Petit Parisien</titre><genre>PERIODIQUE</genre><dateEdition>02.06.1877</dateEdition><nbpages>4</nbpages></metad><ocr/><contenus><nbArticle>31</nbArticle><blocTab>3</blocTab><blocPub>12</blocPub><blocIllustration>0</blocIllustration><page><fichier>ALTO/18770602_1-0001.xml</fichier><nbString>3869</nbString><nbCar/><blocTexte>37</blocTexte><blocPub>1</blocPub><blocIllustration>0</blocIllustration><sommeWC>3117.54999999997</sommeWC></page><page><fichier>ALTO/18770602_1-0002.xml</fichier><nbString>4375</nbString><nbCar/><blocTexte>45</blocTexte><blocPub>0</blocPub><blocIllustration>0</blocIllustration><sommeWC>3492.9199999999437</sommeWC></page><page><fichier>ALTO/18770602_1-0003.xml</fichier><nbString>5039</nbString><nbCar/><blocTexte>54</blocTexte><blocPub>2</blocPub><blocIllustration>0</blocIllustration><sommeWC>4033.3999999999223</sommeWC></page><page><fichier>ALTO/18770602_1-0004.xml</fichier><nbString>3813</nbString><nbCar/><blocTexte>44</blocTexte><blocPub>9</blocPub><blocIllustration>0</blocIllustration><sommeWC>2435.2600000000107</sommeWC></page></contenus></analyseAlto>