<?xml version="1.0" encoding="UTF-8"?><analyseAlto xmlns:xlink="http://www.w3.org/1999/xlink" xmlns:mods="http://www.loc.gov/mods/v3" xmlns:mets="http://www.loc.gov/METS/" xmlns:alto="http://schema.ccs-gmbh.com/docworks/version20/alto-1-4.xsd"><metad><titre>Le Petit Parisien</titre><genre>PERIODIQUE</genre><dateEdition>11.06.1877</dateEdition><nbpages>4</nbpages></metad><ocr/><contenus><nbArticle>27</nbArticle><blocTab>2</blocTab><blocPub>26</blocPub><blocIllustration>0</blocIllustration><page><fichier>ALTO/18770611_1-0001.xml</fichier><nbString>3824</nbString><nbCar/><blocTexte>45</blocTexte><blocPub>2</blocPub><blocIllustration>0</blocIllustration><sommeWC>3115.5899999999856</sommeWC></page><page><fichier>ALTO/18770611_1-0002.xml</fichier><nbString>4881</nbString><nbCar/><blocTexte>49</blocTexte><blocPub>0</blocPub><blocIllustration>0</blocIllustration><sommeWC>3853.5399999999518</sommeWC></page><page><fichier>ALTO/18770611_1-0003.xml</fichier><nbString>5181</nbString><nbCar/><blocTexte>52</blocTexte><blocPub>8</blocPub><blocIllustration>0</blocIllustration><sommeWC>3766.619999999956</sommeWC></page><page><fichier>ALTO/18770611_1-0004.xml</fichier><nbString>2769</nbString><nbCar/><blocTexte>22</blocTexte><blocPub>16</blocPub><blocIllustration>0</blocIllustration><sommeWC>1853.1100000000288</sommeWC></page></contenus></analyseAlto>