<?xml version="1.0" encoding="UTF-8"?><analyseAlto xmlns:xlink="http://www.w3.org/1999/xlink" xmlns:mods="http://www.loc.gov/mods/v3" xmlns:mets="http://www.loc.gov/METS/" xmlns:alto="http://schema.ccs-gmbh.com/docworks/version20/alto-1-4.xsd"><metad><titre>Le Petit Parisien</titre><genre>PERIODIQUE</genre><dateEdition>26.07.1877</dateEdition><nbpages>4</nbpages></metad><ocr/><contenus><nbArticle>32</nbArticle><blocTab>10</blocTab><blocPub>20</blocPub><blocIllustration>0</blocIllustration><page><fichier>ALTO/18770726_1-0001.xml</fichier><nbString>3916</nbString><nbCar/><blocTexte>51</blocTexte><blocPub>0</blocPub><blocIllustration>0</blocIllustration><sommeWC>2906.9400000000005</sommeWC></page><page><fichier>ALTO/18770726_1-0002.xml</fichier><nbString>4782</nbString><nbCar/><blocTexte>48</blocTexte><blocPub>0</blocPub><blocIllustration>0</blocIllustration><sommeWC>3575.0199999999522</sommeWC></page><page><fichier>ALTO/18770726_1-0003.xml</fichier><nbString>6118</nbString><nbCar/><blocTexte>26</blocTexte><blocPub>2</blocPub><blocIllustration>0</blocIllustration><sommeWC>4631.219999999911</sommeWC></page><page><fichier>ALTO/18770726_1-0004.xml</fichier><nbString>4567</nbString><nbCar/><blocTexte>57</blocTexte><blocPub>18</blocPub><blocIllustration>0</blocIllustration><sommeWC>2917.1800000000117</sommeWC></page></contenus></analyseAlto>