<?xml version="1.0" encoding="UTF-8"?><analyseAlto xmlns:xlink="http://www.w3.org/1999/xlink" xmlns:mods="http://www.loc.gov/mods/v3" xmlns:mets="http://www.loc.gov/METS/" xmlns:alto="http://schema.ccs-gmbh.com/docworks/version20/alto-1-4.xsd"><metad><titre>Le Petit Parisien</titre><genre>PERIODIQUE</genre><dateEdition>24.04.1877</dateEdition><nbpages>4</nbpages></metad><ocr/><contenus><nbArticle>24</nbArticle><blocTab>0</blocTab><blocPub>11</blocPub><blocIllustration>0</blocIllustration><page><fichier>ALTO/18770424_1-0001.xml</fichier><nbString>3863</nbString><nbCar/><blocTexte>40</blocTexte><blocPub>1</blocPub><blocIllustration>0</blocIllustration><sommeWC>3096.8499999999754</sommeWC></page><page><fichier>ALTO/18770424_1-0002.xml</fichier><nbString>4581</nbString><nbCar/><blocTexte>38</blocTexte><blocPub>0</blocPub><blocIllustration>0</blocIllustration><sommeWC>3602.8799999999496</sommeWC></page><page><fichier>ALTO/18770424_1-0003.xml</fichier><nbString>4734</nbString><nbCar/><blocTexte>49</blocTexte><blocPub>1</blocPub><blocIllustration>0</blocIllustration><sommeWC>3651.03999999995</sommeWC></page><page><fichier>ALTO/18770424_1-0004.xml</fichier><nbString>3665</nbString><nbCar/><blocTexte>27</blocTexte><blocPub>9</blocPub><blocIllustration>0</blocIllustration><sommeWC>2787.629999999988</sommeWC></page></contenus></analyseAlto>