<?xml version="1.0" encoding="UTF-8"?><analyseAlto xmlns:xlink="http://www.w3.org/1999/xlink" xmlns:mods="http://www.loc.gov/mods/v3" xmlns:mets="http://www.loc.gov/METS/" xmlns:alto="http://schema.ccs-gmbh.com/docworks/version20/alto-1-4.xsd"><metad><titre>Le Petit Parisien</titre><genre>PERIODIQUE</genre><dateEdition>12.01.1877</dateEdition><nbpages>4</nbpages></metad><ocr/><contenus><nbArticle>23</nbArticle><blocTab>1</blocTab><blocPub>12</blocPub><blocIllustration>0</blocIllustration><page><fichier>ALTO/18770112_1-0001.xml</fichier><nbString>3470</nbString><nbCar/><blocTexte>43</blocTexte><blocPub>4</blocPub><blocIllustration>0</blocIllustration><sommeWC>2766.4699999999893</sommeWC></page><page><fichier>ALTO/18770112_1-0002.xml</fichier><nbString>4530</nbString><nbCar/><blocTexte>36</blocTexte><blocPub>0</blocPub><blocIllustration>0</blocIllustration><sommeWC>3695.2099999999377</sommeWC></page><page><fichier>ALTO/18770112_1-0003.xml</fichier><nbString>4601</nbString><nbCar/><blocTexte>51</blocTexte><blocPub>1</blocPub><blocIllustration>0</blocIllustration><sommeWC>3781.219999999932</sommeWC></page><page><fichier>ALTO/18770112_1-0004.xml</fichier><nbString>4306</nbString><nbCar/><blocTexte>39</blocTexte><blocPub>7</blocPub><blocIllustration>0</blocIllustration><sommeWC>3006.489999999987</sommeWC></page></contenus></analyseAlto>