<?xml version="1.0" encoding="UTF-8"?><analyseAlto xmlns:xlink="http://www.w3.org/1999/xlink" xmlns:mods="http://www.loc.gov/mods/v3" xmlns:mets="http://www.loc.gov/METS/" xmlns:alto="http://schema.ccs-gmbh.com/docworks/version20/alto-1-4.xsd"><metad><titre>Le Petit Parisien</titre><genre>PERIODIQUE</genre><dateEdition>20.07.1877</dateEdition><nbpages>4</nbpages></metad><ocr/><contenus><nbArticle>36</nbArticle><blocTab>11</blocTab><blocPub>28</blocPub><blocIllustration>0</blocIllustration><page><fichier>ALTO/18770720_1-0001.xml</fichier><nbString>3562</nbString><nbCar/><blocTexte>50</blocTexte><blocPub>0</blocPub><blocIllustration>0</blocIllustration><sommeWC>2773.1500000000005</sommeWC></page><page><fichier>ALTO/18770720_1-0002.xml</fichier><nbString>4644</nbString><nbCar/><blocTexte>45</blocTexte><blocPub>0</blocPub><blocIllustration>0</blocIllustration><sommeWC>3447.6799999999644</sommeWC></page><page><fichier>ALTO/18770720_1-0003.xml</fichier><nbString>4838</nbString><nbCar/><blocTexte>42</blocTexte><blocPub>2</blocPub><blocIllustration>0</blocIllustration><sommeWC>3697.6899999999528</sommeWC></page><page><fichier>ALTO/18770720_1-0004.xml</fichier><nbString>2720</nbString><nbCar/><blocTexte>54</blocTexte><blocPub>26</blocPub><blocIllustration>0</blocIllustration><sommeWC>1656.0100000000234</sommeWC></page></contenus></analyseAlto>