<?xml version="1.0" encoding="UTF-8"?><analyseAlto xmlns:xlink="http://www.w3.org/1999/xlink" xmlns:mods="http://www.loc.gov/mods/v3" xmlns:mets="http://www.loc.gov/METS/" xmlns:alto="http://schema.ccs-gmbh.com/docworks/version20/alto-1-4.xsd"><metad><titre>Le Petit Parisien</titre><genre>PERIODIQUE</genre><dateEdition>02.01.1877</dateEdition><nbpages>4</nbpages></metad><ocr/><contenus><nbArticle>17</nbArticle><blocTab>0</blocTab><blocPub>9</blocPub><blocIllustration>0</blocIllustration><page><fichier>ALTO/18770102_1-0001.xml</fichier><nbString>3763</nbString><nbCar/><blocTexte>36</blocTexte><blocPub>1</blocPub><blocIllustration>0</blocIllustration><sommeWC>3069.459999999969</sommeWC></page><page><fichier>ALTO/18770102_1-0002.xml</fichier><nbString>4470</nbString><nbCar/><blocTexte>36</blocTexte><blocPub>0</blocPub><blocIllustration>0</blocIllustration><sommeWC>3557.929999999953</sommeWC></page><page><fichier>ALTO/18770102_1-0003.xml</fichier><nbString>5051</nbString><nbCar/><blocTexte>43</blocTexte><blocPub>2</blocPub><blocIllustration>0</blocIllustration><sommeWC>4025.399999999932</sommeWC></page><page><fichier>ALTO/18770102_1-0004.xml</fichier><nbString>3911</nbString><nbCar/><blocTexte>31</blocTexte><blocPub>6</blocPub><blocIllustration>0</blocIllustration><sommeWC>3049.4399999999887</sommeWC></page></contenus></analyseAlto>