<?xml version="1.0" encoding="UTF-8"?><analyseAlto xmlns:xlink="http://www.w3.org/1999/xlink" xmlns:mods="http://www.loc.gov/mods/v3" xmlns:mets="http://www.loc.gov/METS/" xmlns:alto="http://schema.ccs-gmbh.com/docworks/version20/alto-1-4.xsd"><metad><titre>Le Petit Parisien</titre><genre>PERIODIQUE</genre><dateEdition>09.06.1877</dateEdition><nbpages>4</nbpages></metad><ocr/><contenus><nbArticle>30</nbArticle><blocTab>2</blocTab><blocPub>19</blocPub><blocIllustration>0</blocIllustration><page><fichier>ALTO/18770609_1-0001.xml</fichier><nbString>3947</nbString><nbCar/><blocTexte>42</blocTexte><blocPub>1</blocPub><blocIllustration>0</blocIllustration><sommeWC>3169.719999999971</sommeWC></page><page><fichier>ALTO/18770609_1-0002.xml</fichier><nbString>4825</nbString><nbCar/><blocTexte>43</blocTexte><blocPub>0</blocPub><blocIllustration>0</blocIllustration><sommeWC>3882.7899999999327</sommeWC></page><page><fichier>ALTO/18770609_1-0003.xml</fichier><nbString>4656</nbString><nbCar/><blocTexte>47</blocTexte><blocPub>8</blocPub><blocIllustration>0</blocIllustration><sommeWC>3600.089999999959</sommeWC></page><page><fichier>ALTO/18770609_1-0004.xml</fichier><nbString>4281</nbString><nbCar/><blocTexte>55</blocTexte><blocPub>10</blocPub><blocIllustration>0</blocIllustration><sommeWC>2743.330000000002</sommeWC></page></contenus></analyseAlto>