<?xml version="1.0" encoding="UTF-8"?><analyseAlto xmlns:xlink="http://www.w3.org/1999/xlink" xmlns:mods="http://www.loc.gov/mods/v3" xmlns:mets="http://www.loc.gov/METS/" xmlns:alto="http://schema.ccs-gmbh.com/docworks/version20/alto-1-4.xsd"><metad><titre>Le Petit Parisien</titre><genre>PERIODIQUE</genre><dateEdition>20.09.1877</dateEdition><nbpages>4</nbpages></metad><ocr/><contenus><nbArticle>31</nbArticle><blocTab>5</blocTab><blocPub>10</blocPub><blocIllustration>0</blocIllustration><page><fichier>ALTO/18770920_1-0001.xml</fichier><nbString>3858</nbString><nbCar/><blocTexte>35</blocTexte><blocPub>0</blocPub><blocIllustration>0</blocIllustration><sommeWC>3018.219999999986</sommeWC></page><page><fichier>ALTO/18770920_1-0002.xml</fichier><nbString>4610</nbString><nbCar/><blocTexte>30</blocTexte><blocPub>0</blocPub><blocIllustration>0</blocIllustration><sommeWC>3548.6799999999635</sommeWC></page><page><fichier>ALTO/18770920_1-0003.xml</fichier><nbString>4500</nbString><nbCar/><blocTexte>47</blocTexte><blocPub>1</blocPub><blocIllustration>0</blocIllustration><sommeWC>3379.899999999969</sommeWC></page><page><fichier>ALTO/18770920_1-0004.xml</fichier><nbString>11838</nbString><nbCar/><blocTexte>40</blocTexte><blocPub>9</blocPub><blocIllustration>0</blocIllustration><sommeWC>7560.619999999749</sommeWC></page></contenus></analyseAlto>