<?xml version="1.0" encoding="UTF-8"?><analyseAlto xmlns:xlink="http://www.w3.org/1999/xlink" xmlns:mods="http://www.loc.gov/mods/v3" xmlns:mets="http://www.loc.gov/METS/" xmlns:alto="http://schema.ccs-gmbh.com/docworks/version20/alto-1-4.xsd"><metad><titre>Le Petit Parisien</titre><genre>PERIODIQUE</genre><dateEdition>17.09.1877</dateEdition><nbpages>4</nbpages></metad><ocr/><contenus><nbArticle>29</nbArticle><blocTab>6</blocTab><blocPub>14</blocPub><blocIllustration>0</blocIllustration><page><fichier>ALTO/18770917_1-0001.xml</fichier><nbString>3791</nbString><nbCar/><blocTexte>44</blocTexte><blocPub>1</blocPub><blocIllustration>0</blocIllustration><sommeWC>3116.7099999999728</sommeWC></page><page><fichier>ALTO/18770917_1-0002.xml</fichier><nbString>5091</nbString><nbCar/><blocTexte>28</blocTexte><blocPub>0</blocPub><blocIllustration>0</blocIllustration><sommeWC>3960.9399999999373</sommeWC></page><page><fichier>ALTO/18770917_1-0003.xml</fichier><nbString>4909</nbString><nbCar/><blocTexte>44</blocTexte><blocPub>1</blocPub><blocIllustration>0</blocIllustration><sommeWC>3799.48999999995</sommeWC></page><page><fichier>ALTO/18770917_1-0004.xml</fichier><nbString>12371</nbString><nbCar/><blocTexte>38</blocTexte><blocPub>12</blocPub><blocIllustration>0</blocIllustration><sommeWC>7698.459999999784</sommeWC></page></contenus></analyseAlto>