<?xml version="1.0" encoding="UTF-8"?><analyseAlto xmlns:xlink="http://www.w3.org/1999/xlink" xmlns:mods="http://www.loc.gov/mods/v3" xmlns:mets="http://www.loc.gov/METS/" xmlns:alto="http://schema.ccs-gmbh.com/docworks/version20/alto-1-4.xsd"><metad><titre>Le Petit Parisien</titre><genre>PERIODIQUE</genre><dateEdition>27.01.1877</dateEdition><nbpages>4</nbpages></metad><ocr/><contenus><nbArticle>25</nbArticle><blocTab>4</blocTab><blocPub>6</blocPub><blocIllustration>0</blocIllustration><page><fichier>ALTO/18770127_1-0001.xml</fichier><nbString>3589</nbString><nbCar/><blocTexte>33</blocTexte><blocPub>1</blocPub><blocIllustration>0</blocIllustration><sommeWC>2755.1400000000026</sommeWC></page><page><fichier>ALTO/18770127_1-0002.xml</fichier><nbString>4081</nbString><nbCar/><blocTexte>50</blocTexte><blocPub>0</blocPub><blocIllustration>0</blocIllustration><sommeWC>3281.37999999996</sommeWC></page><page><fichier>ALTO/18770127_1-0003.xml</fichier><nbString>4795</nbString><nbCar/><blocTexte>42</blocTexte><blocPub>1</blocPub><blocIllustration>0</blocIllustration><sommeWC>3883.0399999999395</sommeWC></page><page><fichier>ALTO/18770127_1-0004.xml</fichier><nbString>4041</nbString><nbCar/><blocTexte>37</blocTexte><blocPub>4</blocPub><blocIllustration>0</blocIllustration><sommeWC>2841.8299999999945</sommeWC></page></contenus></analyseAlto>