<?xml version="1.0" encoding="UTF-8"?><analyseAlto xmlns:xlink="http://www.w3.org/1999/xlink" xmlns:mods="http://www.loc.gov/mods/v3" xmlns:mets="http://www.loc.gov/METS/" xmlns:alto="http://schema.ccs-gmbh.com/docworks/version20/alto-1-4.xsd"><metad><titre>Le Petit Parisien</titre><genre>PERIODIQUE</genre><dateEdition>14.12.1877</dateEdition><nbpages>4</nbpages></metad><ocr/><contenus><nbArticle>36</nbArticle><blocTab>2</blocTab><blocPub>11</blocPub><blocIllustration>0</blocIllustration><page><fichier>ALTO/18771214_1-0001.xml</fichier><nbString>3105</nbString><nbCar/><blocTexte>47</blocTexte><blocPub>0</blocPub><blocIllustration>0</blocIllustration><sommeWC>2547.0100000000125</sommeWC></page><page><fichier>ALTO/18771214_1-0002.xml</fichier><nbString>4144</nbString><nbCar/><blocTexte>54</blocTexte><blocPub>1</blocPub><blocIllustration>0</blocIllustration><sommeWC>3231.409999999976</sommeWC></page><page><fichier>ALTO/18771214_1-0003.xml</fichier><nbString>4758</nbString><nbCar/><blocTexte>37</blocTexte><blocPub>2</blocPub><blocIllustration>0</blocIllustration><sommeWC>3802.9499999999316</sommeWC></page><page><fichier>ALTO/18771214_1-0004.xml</fichier><nbString>4459</nbString><nbCar/><blocTexte>40</blocTexte><blocPub>8</blocPub><blocIllustration>0</blocIllustration><sommeWC>2796.4</sommeWC></page></contenus></analyseAlto>