<?xml version="1.0" encoding="UTF-8"?><analyseAlto xmlns:xlink="http://www.w3.org/1999/xlink" xmlns:mods="http://www.loc.gov/mods/v3" xmlns:mets="http://www.loc.gov/METS/" xmlns:alto="http://schema.ccs-gmbh.com/docworks/version20/alto-1-4.xsd"><metad><titre>Le Petit Parisien</titre><genre>PERIODIQUE</genre><dateEdition>15.08.1877</dateEdition><nbpages>4</nbpages></metad><ocr/><contenus><nbArticle>31</nbArticle><blocTab>5</blocTab><blocPub>8</blocPub><blocIllustration>0</blocIllustration><page><fichier>ALTO/18770815_1-0001.xml</fichier><nbString>3815</nbString><nbCar/><blocTexte>48</blocTexte><blocPub>0</blocPub><blocIllustration>0</blocIllustration><sommeWC>3053.5099999999848</sommeWC></page><page><fichier>ALTO/18770815_1-0002.xml</fichier><nbString>4786</nbString><nbCar/><blocTexte>36</blocTexte><blocPub>0</blocPub><blocIllustration>0</blocIllustration><sommeWC>3649.019999999954</sommeWC></page><page><fichier>ALTO/18770815_1-0003.xml</fichier><nbString>5201</nbString><nbCar/><blocTexte>25</blocTexte><blocPub>1</blocPub><blocIllustration>0</blocIllustration><sommeWC>3980.1499999999282</sommeWC></page><page><fichier>ALTO/18770815_1-0004.xml</fichier><nbString>3972</nbString><nbCar/><blocTexte>37</blocTexte><blocPub>7</blocPub><blocIllustration>0</blocIllustration><sommeWC>2612.839999999998</sommeWC></page></contenus></analyseAlto>