<?xml version="1.0" encoding="UTF-8"?><analyseAlto xmlns:xlink="http://www.w3.org/1999/xlink" xmlns:mods="http://www.loc.gov/mods/v3" xmlns:mets="http://www.loc.gov/METS/" xmlns:alto="http://schema.ccs-gmbh.com/docworks/version20/alto-1-4.xsd"><metad><titre>Le Petit Parisien</titre><genre>PERIODIQUE</genre><dateEdition>16.01.1877</dateEdition><nbpages>4</nbpages></metad><ocr/><contenus><nbArticle>23</nbArticle><blocTab>0</blocTab><blocPub>13</blocPub><blocIllustration>0</blocIllustration><page><fichier>ALTO/18770116_1-0001.xml</fichier><nbString>3765</nbString><nbCar/><blocTexte>33</blocTexte><blocPub>6</blocPub><blocIllustration>0</blocIllustration><sommeWC>2947.4999999999945</sommeWC></page><page><fichier>ALTO/18770116_1-0002.xml</fichier><nbString>4392</nbString><nbCar/><blocTexte>43</blocTexte><blocPub>0</blocPub><blocIllustration>0</blocIllustration><sommeWC>3567.2599999999516</sommeWC></page><page><fichier>ALTO/18770116_1-0003.xml</fichier><nbString>4662</nbString><nbCar/><blocTexte>31</blocTexte><blocPub>1</blocPub><blocIllustration>0</blocIllustration><sommeWC>3809.5299999999315</sommeWC></page><page><fichier>ALTO/18770116_1-0004.xml</fichier><nbString>4010</nbString><nbCar/><blocTexte>39</blocTexte><blocPub>6</blocPub><blocIllustration>0</blocIllustration><sommeWC>2991.029999999978</sommeWC></page></contenus></analyseAlto>