<?xml version="1.0" encoding="UTF-8"?><analyseAlto xmlns:xlink="http://www.w3.org/1999/xlink" xmlns:mods="http://www.loc.gov/mods/v3" xmlns:mets="http://www.loc.gov/METS/" xmlns:alto="http://schema.ccs-gmbh.com/docworks/version20/alto-1-4.xsd"><metad><titre>Le Petit Parisien</titre><genre>PERIODIQUE</genre><dateEdition>04.01.1877</dateEdition><nbpages>4</nbpages></metad><ocr/><contenus><nbArticle>28</nbArticle><blocTab>1</blocTab><blocPub>6</blocPub><blocIllustration>0</blocIllustration><page><fichier>ALTO/18770104_1-0001.xml</fichier><nbString>3627</nbString><nbCar/><blocTexte>40</blocTexte><blocPub>1</blocPub><blocIllustration>0</blocIllustration><sommeWC>3035.7899999999718</sommeWC></page><page><fichier>ALTO/18770104_1-0002.xml</fichier><nbString>4765</nbString><nbCar/><blocTexte>36</blocTexte><blocPub>0</blocPub><blocIllustration>0</blocIllustration><sommeWC>3844.929999999938</sommeWC></page><page><fichier>ALTO/18770104_1-0003.xml</fichier><nbString>4781</nbString><nbCar/><blocTexte>40</blocTexte><blocPub>2</blocPub><blocIllustration>0</blocIllustration><sommeWC>3898.109999999928</sommeWC></page><page><fichier>ALTO/18770104_1-0004.xml</fichier><nbString>3709</nbString><nbCar/><blocTexte>43</blocTexte><blocPub>3</blocPub><blocIllustration>0</blocIllustration><sommeWC>2854.4199999999983</sommeWC></page></contenus></analyseAlto>