<?xml version="1.0" encoding="UTF-8"?><analyseAlto xmlns:xlink="http://www.w3.org/1999/xlink" xmlns:mods="http://www.loc.gov/mods/v3" xmlns:mets="http://www.loc.gov/METS/" xmlns:alto="http://schema.ccs-gmbh.com/docworks/version20/alto-1-4.xsd"><metad><titre>Le Petit Parisien</titre><genre>PERIODIQUE</genre><dateEdition>10.02.1877</dateEdition><nbpages>4</nbpages></metad><ocr/><contenus><nbArticle>28</nbArticle><blocTab>5</blocTab><blocPub>10</blocPub><blocIllustration>0</blocIllustration><page><fichier>ALTO/18770210_1-0001.xml</fichier><nbString>3737</nbString><nbCar/><blocTexte>46</blocTexte><blocPub>1</blocPub><blocIllustration>0</blocIllustration><sommeWC>3021.769999999978</sommeWC></page><page><fichier>ALTO/18770210_1-0002.xml</fichier><nbString>4067</nbString><nbCar/><blocTexte>57</blocTexte><blocPub>0</blocPub><blocIllustration>0</blocIllustration><sommeWC>3410.309999999937</sommeWC></page><page><fichier>ALTO/18770210_1-0003.xml</fichier><nbString>4791</nbString><nbCar/><blocTexte>38</blocTexte><blocPub>1</blocPub><blocIllustration>0</blocIllustration><sommeWC>3939.4299999999243</sommeWC></page><page><fichier>ALTO/18770210_1-0004.xml</fichier><nbString>4141</nbString><nbCar/><blocTexte>43</blocTexte><blocPub>8</blocPub><blocIllustration>0</blocIllustration><sommeWC>2783.9299999999967</sommeWC></page></contenus></analyseAlto>