<?xml version="1.0" encoding="UTF-8"?><analyseAlto xmlns:xlink="http://www.w3.org/1999/xlink" xmlns:mods="http://www.loc.gov/mods/v3" xmlns:mets="http://www.loc.gov/METS/" xmlns:alto="http://schema.ccs-gmbh.com/docworks/version20/alto-1-4.xsd"><metad><titre>Le Petit Parisien</titre><genre>PERIODIQUE</genre><dateEdition>11.02.1877</dateEdition><nbpages>4</nbpages></metad><ocr/><contenus><nbArticle>29</nbArticle><blocTab>4</blocTab><blocPub>10</blocPub><blocIllustration>0</blocIllustration><page><fichier>ALTO/18770211_1-0001.xml</fichier><nbString>3573</nbString><nbCar/><blocTexte>46</blocTexte><blocPub>1</blocPub><blocIllustration>0</blocIllustration><sommeWC>2760.5599999999977</sommeWC></page><page><fichier>ALTO/18770211_1-0002.xml</fichier><nbString>4384</nbString><nbCar/><blocTexte>46</blocTexte><blocPub>0</blocPub><blocIllustration>0</blocIllustration><sommeWC>3608.5699999999483</sommeWC></page><page><fichier>ALTO/18770211_1-0003.xml</fichier><nbString>4761</nbString><nbCar/><blocTexte>41</blocTexte><blocPub>1</blocPub><blocIllustration>0</blocIllustration><sommeWC>3938.949999999913</sommeWC></page><page><fichier>ALTO/18770211_1-0004.xml</fichier><nbString>4246</nbString><nbCar/><blocTexte>47</blocTexte><blocPub>8</blocPub><blocIllustration>0</blocIllustration><sommeWC>2902.7999999999934</sommeWC></page></contenus></analyseAlto>