<?xml version="1.0" encoding="UTF-8"?><analyseAlto xmlns:xlink="http://www.w3.org/1999/xlink" xmlns:mods="http://www.loc.gov/mods/v3" xmlns:mets="http://www.loc.gov/METS/" xmlns:alto="http://schema.ccs-gmbh.com/docworks/version20/alto-1-4.xsd"><metad><titre>Le Petit Parisien</titre><genre>PERIODIQUE</genre><dateEdition>05.09.1877</dateEdition><nbpages>4</nbpages></metad><ocr/><contenus><nbArticle>31</nbArticle><blocTab>6</blocTab><blocPub>25</blocPub><blocIllustration>0</blocIllustration><page><fichier>ALTO/18770905_1-0001.xml</fichier><nbString>3660</nbString><nbCar/><blocTexte>46</blocTexte><blocPub>2</blocPub><blocIllustration>0</blocIllustration><sommeWC>2891.3999999999983</sommeWC></page><page><fichier>ALTO/18770905_1-0002.xml</fichier><nbString>4350</nbString><nbCar/><blocTexte>41</blocTexte><blocPub>0</blocPub><blocIllustration>0</blocIllustration><sommeWC>3443.8999999999487</sommeWC></page><page><fichier>ALTO/18770905_1-0003.xml</fichier><nbString>4438</nbString><nbCar/><blocTexte>43</blocTexte><blocPub>1</blocPub><blocIllustration>0</blocIllustration><sommeWC>3310.94999999998</sommeWC></page><page><fichier>ALTO/18770905_1-0004.xml</fichier><nbString>4004</nbString><nbCar/><blocTexte>55</blocTexte><blocPub>22</blocPub><blocIllustration>0</blocIllustration><sommeWC>2666.680000000009</sommeWC></page></contenus></analyseAlto>