<?xml version="1.0" encoding="UTF-8"?><analyseAlto xmlns:xlink="http://www.w3.org/1999/xlink" xmlns:mods="http://www.loc.gov/mods/v3" xmlns:mets="http://www.loc.gov/METS/" xmlns:alto="http://schema.ccs-gmbh.com/docworks/version20/alto-1-4.xsd"><metad><titre>Le Petit Parisien</titre><genre>PERIODIQUE</genre><dateEdition>11.05.1877</dateEdition><nbpages>4</nbpages></metad><ocr/><contenus><nbArticle>27</nbArticle><blocTab>2</blocTab><blocPub>11</blocPub><blocIllustration>0</blocIllustration><page><fichier>ALTO/18770511_1-0001.xml</fichier><nbString>4102</nbString><nbCar/><blocTexte>38</blocTexte><blocPub>1</blocPub><blocIllustration>0</blocIllustration><sommeWC>3168.639999999984</sommeWC></page><page><fichier>ALTO/18770511_1-0002.xml</fichier><nbString>4550</nbString><nbCar/><blocTexte>42</blocTexte><blocPub>0</blocPub><blocIllustration>0</blocIllustration><sommeWC>3668.959999999945</sommeWC></page><page><fichier>ALTO/18770511_1-0003.xml</fichier><nbString>5248</nbString><nbCar/><blocTexte>42</blocTexte><blocPub>2</blocPub><blocIllustration>0</blocIllustration><sommeWC>4195.549999999914</sommeWC></page><page><fichier>ALTO/18770511_1-0004.xml</fichier><nbString>3934</nbString><nbCar/><blocTexte>38</blocTexte><blocPub>8</blocPub><blocIllustration>0</blocIllustration><sommeWC>2550.3500000000054</sommeWC></page></contenus></analyseAlto>