<?xml version="1.0" encoding="UTF-8"?><analyseAlto xmlns:xlink="http://www.w3.org/1999/xlink" xmlns:mods="http://www.loc.gov/mods/v3" xmlns:mets="http://www.loc.gov/METS/" xmlns:alto="http://schema.ccs-gmbh.com/docworks/version20/alto-1-4.xsd"><metad><titre>Le Petit Parisien</titre><genre>PERIODIQUE</genre><dateEdition>07.05.1877</dateEdition><nbpages>4</nbpages></metad><ocr/><contenus><nbArticle>26</nbArticle><blocTab>1</blocTab><blocPub>11</blocPub><blocIllustration>0</blocIllustration><page><fichier>ALTO/18770507_1-0001.xml</fichier><nbString>3967</nbString><nbCar/><blocTexte>36</blocTexte><blocPub>1</blocPub><blocIllustration>0</blocIllustration><sommeWC>3176.6599999999708</sommeWC></page><page><fichier>ALTO/18770507_1-0002.xml</fichier><nbString>4853</nbString><nbCar/><blocTexte>30</blocTexte><blocPub>0</blocPub><blocIllustration>0</blocIllustration><sommeWC>3946.2299999999177</sommeWC></page><page><fichier>ALTO/18770507_1-0003.xml</fichier><nbString>4736</nbString><nbCar/><blocTexte>37</blocTexte><blocPub>3</blocPub><blocIllustration>0</blocIllustration><sommeWC>3758.749999999954</sommeWC></page><page><fichier>ALTO/18770507_1-0004.xml</fichier><nbString>3121</nbString><nbCar/><blocTexte>10</blocTexte><blocPub>7</blocPub><blocIllustration>0</blocIllustration><sommeWC>1825.030000000021</sommeWC></page></contenus></analyseAlto>