<?xml version="1.0" encoding="UTF-8"?><analyseAlto xmlns:xlink="http://www.w3.org/1999/xlink" xmlns:mods="http://www.loc.gov/mods/v3" xmlns:mets="http://www.loc.gov/METS/" xmlns:alto="http://schema.ccs-gmbh.com/docworks/version20/alto-1-4.xsd"><metad><titre>Le Petit Parisien</titre><genre>PERIODIQUE</genre><dateEdition>17.04.1877</dateEdition><nbpages>4</nbpages></metad><ocr/><contenus><nbArticle>22</nbArticle><blocTab>1</blocTab><blocPub>15</blocPub><blocIllustration>0</blocIllustration><page><fichier>ALTO/18770417_1-0001.xml</fichier><nbString>3589</nbString><nbCar/><blocTexte>37</blocTexte><blocPub>2</blocPub><blocIllustration>0</blocIllustration><sommeWC>2914.8999999999924</sommeWC></page><page><fichier>ALTO/18770417_1-0002.xml</fichier><nbString>4743</nbString><nbCar/><blocTexte>30</blocTexte><blocPub>0</blocPub><blocIllustration>0</blocIllustration><sommeWC>3838.919999999938</sommeWC></page><page><fichier>ALTO/18770417_1-0003.xml</fichier><nbString>4451</nbString><nbCar/><blocTexte>51</blocTexte><blocPub>2</blocPub><blocIllustration>0</blocIllustration><sommeWC>3491.3999999999537</sommeWC></page><page><fichier>ALTO/18770417_1-0004.xml</fichier><nbString>3854</nbString><nbCar/><blocTexte>26</blocTexte><blocPub>11</blocPub><blocIllustration>0</blocIllustration><sommeWC>2859.260000000001</sommeWC></page></contenus></analyseAlto>