<?xml version="1.0" encoding="UTF-8"?><analyseAlto xmlns:xlink="http://www.w3.org/1999/xlink" xmlns:mods="http://www.loc.gov/mods/v3" xmlns:mets="http://www.loc.gov/METS/" xmlns:alto="http://schema.ccs-gmbh.com/docworks/version20/alto-1-4.xsd"><metad><titre>Le Petit Parisien</titre><genre>PERIODIQUE</genre><dateEdition>01.02.1877</dateEdition><nbpages>4</nbpages></metad><ocr/><contenus><nbArticle>28</nbArticle><blocTab>4</blocTab><blocPub>11</blocPub><blocIllustration>0</blocIllustration><page><fichier>ALTO/18770201_1-0001.xml</fichier><nbString>3665</nbString><nbCar/><blocTexte>47</blocTexte><blocPub>1</blocPub><blocIllustration>0</blocIllustration><sommeWC>2969.8499999999804</sommeWC></page><page><fichier>ALTO/18770201_1-0002.xml</fichier><nbString>4797</nbString><nbCar/><blocTexte>32</blocTexte><blocPub>0</blocPub><blocIllustration>0</blocIllustration><sommeWC>3957.8199999999324</sommeWC></page><page><fichier>ALTO/18770201_1-0003.xml</fichier><nbString>4504</nbString><nbCar/><blocTexte>55</blocTexte><blocPub>0</blocPub><blocIllustration>0</blocIllustration><sommeWC>3709.3399999999483</sommeWC></page><page><fichier>ALTO/18770201_1-0004.xml</fichier><nbString>4349</nbString><nbCar/><blocTexte>52</blocTexte><blocPub>10</blocPub><blocIllustration>0</blocIllustration><sommeWC>3111.029999999978</sommeWC></page></contenus></analyseAlto>