<?xml version="1.0" encoding="UTF-8"?><analyseAlto xmlns:xlink="http://www.w3.org/1999/xlink" xmlns:mods="http://www.loc.gov/mods/v3" xmlns:mets="http://www.loc.gov/METS/" xmlns:alto="http://schema.ccs-gmbh.com/docworks/version20/alto-1-4.xsd"><metad><titre>Le Petit Parisien</titre><genre>PERIODIQUE</genre><dateEdition>12.04.1877</dateEdition><nbpages>4</nbpages></metad><ocr/><contenus><nbArticle>30</nbArticle><blocTab>5</blocTab><blocPub>10</blocPub><blocIllustration>0</blocIllustration><page><fichier>ALTO/18770412_1-0001.xml</fichier><nbString>4078</nbString><nbCar/><blocTexte>43</blocTexte><blocPub>1</blocPub><blocIllustration>0</blocIllustration><sommeWC>3323.3399999999624</sommeWC></page><page><fichier>ALTO/18770412_1-0002.xml</fichier><nbString>5833</nbString><nbCar/><blocTexte>40</blocTexte><blocPub>1</blocPub><blocIllustration>0</blocIllustration><sommeWC>4655.939999999867</sommeWC></page><page><fichier>ALTO/18770412_1-0003.xml</fichier><nbString>4880</nbString><nbCar/><blocTexte>36</blocTexte><blocPub>1</blocPub><blocIllustration>0</blocIllustration><sommeWC>4031.209999999918</sommeWC></page><page><fichier>ALTO/18770412_1-0004.xml</fichier><nbString>3806</nbString><nbCar/><blocTexte>43</blocTexte><blocPub>7</blocPub><blocIllustration>0</blocIllustration><sommeWC>2532.5100000000098</sommeWC></page></contenus></analyseAlto>