<?xml version="1.0" encoding="UTF-8"?><analyseAlto xmlns:xlink="http://www.w3.org/1999/xlink" xmlns:mods="http://www.loc.gov/mods/v3" xmlns:mets="http://www.loc.gov/METS/" xmlns:alto="http://schema.ccs-gmbh.com/docworks/version20/alto-1-4.xsd"><metad><titre>Le Petit Parisien</titre><genre>PERIODIQUE</genre><dateEdition>09.09.1877</dateEdition><nbpages>4</nbpages></metad><ocr/><contenus><nbArticle>25</nbArticle><blocTab>5</blocTab><blocPub>9</blocPub><blocIllustration>0</blocIllustration><page><fichier>ALTO/18770909_1-0001.xml</fichier><nbString>3129</nbString><nbCar/><blocTexte>61</blocTexte><blocPub>1</blocPub><blocIllustration>0</blocIllustration><sommeWC>2461.6600000000117</sommeWC></page><page><fichier>ALTO/18770909_1-0002.xml</fichier><nbString>4572</nbString><nbCar/><blocTexte>45</blocTexte><blocPub>1</blocPub><blocIllustration>0</blocIllustration><sommeWC>3598.909999999951</sommeWC></page><page><fichier>ALTO/18770909_1-0003.xml</fichier><nbString>5017</nbString><nbCar/><blocTexte>38</blocTexte><blocPub>1</blocPub><blocIllustration>0</blocIllustration><sommeWC>3904.659999999936</sommeWC></page><page><fichier>ALTO/18770909_1-0004.xml</fichier><nbString>4361</nbString><nbCar/><blocTexte>36</blocTexte><blocPub>6</blocPub><blocIllustration>0</blocIllustration><sommeWC>2955.9099999999935</sommeWC></page></contenus></analyseAlto>