<?xml version="1.0" encoding="UTF-8"?><analyseAlto xmlns:xlink="http://www.w3.org/1999/xlink" xmlns:mods="http://www.loc.gov/mods/v3" xmlns:mets="http://www.loc.gov/METS/" xmlns:alto="http://schema.ccs-gmbh.com/docworks/version20/alto-1-4.xsd"><metad><titre>Le Petit Parisien</titre><genre>PERIODIQUE</genre><dateEdition>16.11.1877</dateEdition><nbpages>4</nbpages></metad><ocr/><contenus><nbArticle>31</nbArticle><blocTab>2</blocTab><blocPub>7</blocPub><blocIllustration>0</blocIllustration><page><fichier>ALTO/18771116_1-0001.xml</fichier><nbString>3674</nbString><nbCar/><blocTexte>34</blocTexte><blocPub>1</blocPub><blocIllustration>0</blocIllustration><sommeWC>2851.4699999999953</sommeWC></page><page><fichier>ALTO/18771116_1-0002.xml</fichier><nbString>4393</nbString><nbCar/><blocTexte>41</blocTexte><blocPub>0</blocPub><blocIllustration>0</blocIllustration><sommeWC>3388.709999999957</sommeWC></page><page><fichier>ALTO/18771116_1-0003.xml</fichier><nbString>4605</nbString><nbCar/><blocTexte>51</blocTexte><blocPub>2</blocPub><blocIllustration>0</blocIllustration><sommeWC>3689.4499999999402</sommeWC></page><page><fichier>ALTO/18771116_1-0004.xml</fichier><nbString>4556</nbString><nbCar/><blocTexte>44</blocTexte><blocPub>4</blocPub><blocIllustration>0</blocIllustration><sommeWC>3132.3300000000036</sommeWC></page></contenus></analyseAlto>