<?xml version="1.0" encoding="UTF-8"?><analyseAlto xmlns:xlink="http://www.w3.org/1999/xlink" xmlns:mods="http://www.loc.gov/mods/v3" xmlns:mets="http://www.loc.gov/METS/" xmlns:alto="http://schema.ccs-gmbh.com/docworks/version20/alto-1-4.xsd"><metad><titre>Le Petit Parisien</titre><genre>PERIODIQUE</genre><dateEdition>08.05.1877</dateEdition><nbpages>4</nbpages></metad><ocr/><contenus><nbArticle>27</nbArticle><blocTab>0</blocTab><blocPub>11</blocPub><blocIllustration>0</blocIllustration><page><fichier>ALTO/18770508_1-0001.xml</fichier><nbString>4211</nbString><nbCar/><blocTexte>41</blocTexte><blocPub>1</blocPub><blocIllustration>0</blocIllustration><sommeWC>3387.689999999965</sommeWC></page><page><fichier>ALTO/18770508_1-0002.xml</fichier><nbString>4869</nbString><nbCar/><blocTexte>41</blocTexte><blocPub>0</blocPub><blocIllustration>0</blocIllustration><sommeWC>3973.8199999999238</sommeWC></page><page><fichier>ALTO/18770508_1-0003.xml</fichier><nbString>5260</nbString><nbCar/><blocTexte>34</blocTexte><blocPub>1</blocPub><blocIllustration>0</blocIllustration><sommeWC>4197.579999999918</sommeWC></page><page><fichier>ALTO/18770508_1-0004.xml</fichier><nbString>4261</nbString><nbCar/><blocTexte>35</blocTexte><blocPub>9</blocPub><blocIllustration>0</blocIllustration><sommeWC>3095.5399999999813</sommeWC></page></contenus></analyseAlto>