<?xml version="1.0" encoding="UTF-8"?><analyseAlto xmlns:xlink="http://www.w3.org/1999/xlink" xmlns:mods="http://www.loc.gov/mods/v3" xmlns:mets="http://www.loc.gov/METS/" xmlns:alto="http://schema.ccs-gmbh.com/docworks/version20/alto-1-4.xsd"><metad><titre>Le Petit Parisien</titre><genre>PERIODIQUE</genre><dateEdition>13.04.1877</dateEdition><nbpages>4</nbpages></metad><ocr/><contenus><nbArticle>28</nbArticle><blocTab>5</blocTab><blocPub>12</blocPub><blocIllustration>0</blocIllustration><page><fichier>ALTO/18770413_1-0001.xml</fichier><nbString>3787</nbString><nbCar/><blocTexte>38</blocTexte><blocPub>1</blocPub><blocIllustration>0</blocIllustration><sommeWC>3081.8899999999708</sommeWC></page><page><fichier>ALTO/18770413_1-0002.xml</fichier><nbString>4572</nbString><nbCar/><blocTexte>32</blocTexte><blocPub>0</blocPub><blocIllustration>0</blocIllustration><sommeWC>3711.419999999935</sommeWC></page><page><fichier>ALTO/18770413_1-0003.xml</fichier><nbString>5363</nbString><nbCar/><blocTexte>38</blocTexte><blocPub>2</blocPub><blocIllustration>0</blocIllustration><sommeWC>4247.69999999991</sommeWC></page><page><fichier>ALTO/18770413_1-0004.xml</fichier><nbString>4474</nbString><nbCar/><blocTexte>50</blocTexte><blocPub>9</blocPub><blocIllustration>0</blocIllustration><sommeWC>3031.130000000003</sommeWC></page></contenus></analyseAlto>