<?xml version="1.0" encoding="UTF-8"?><analyseAlto xmlns:xlink="http://www.w3.org/1999/xlink" xmlns:mods="http://www.loc.gov/mods/v3" xmlns:mets="http://www.loc.gov/METS/" xmlns:alto="http://schema.ccs-gmbh.com/docworks/version20/alto-1-4.xsd"><metad><titre>Le Petit Parisien</titre><genre>PERIODIQUE</genre><dateEdition>16.06.1877</dateEdition><nbpages>4</nbpages></metad><ocr/><contenus><nbArticle>30</nbArticle><blocTab>3</blocTab><blocPub>21</blocPub><blocIllustration>0</blocIllustration><page><fichier>ALTO/18770616_1-0001.xml</fichier><nbString>4254</nbString><nbCar/><blocTexte>38</blocTexte><blocPub>1</blocPub><blocIllustration>0</blocIllustration><sommeWC>3222.139999999976</sommeWC></page><page><fichier>ALTO/18770616_1-0002.xml</fichier><nbString>4743</nbString><nbCar/><blocTexte>46</blocTexte><blocPub>0</blocPub><blocIllustration>0</blocIllustration><sommeWC>3785.2999999999415</sommeWC></page><page><fichier>ALTO/18770616_1-0003.xml</fichier><nbString>5005</nbString><nbCar/><blocTexte>51</blocTexte><blocPub>5</blocPub><blocIllustration>0</blocIllustration><sommeWC>4025.359999999909</sommeWC></page><page><fichier>ALTO/18770616_1-0004.xml</fichier><nbString>3443</nbString><nbCar/><blocTexte>55</blocTexte><blocPub>15</blocPub><blocIllustration>0</blocIllustration><sommeWC>2299.340000000022</sommeWC></page></contenus></analyseAlto>