<?xml version="1.0" encoding="UTF-8"?><analyseAlto xmlns:xlink="http://www.w3.org/1999/xlink" xmlns:mods="http://www.loc.gov/mods/v3" xmlns:mets="http://www.loc.gov/METS/" xmlns:alto="http://schema.ccs-gmbh.com/docworks/version20/alto-1-4.xsd"><metad><titre>Le Petit Parisien</titre><genre>PERIODIQUE</genre><dateEdition>28.05.1877</dateEdition><nbpages>4</nbpages></metad><ocr/><contenus><nbArticle>23</nbArticle><blocTab>1</blocTab><blocPub>14</blocPub><blocIllustration>0</blocIllustration><page><fichier>ALTO/18770528_1-0001.xml</fichier><nbString>3801</nbString><nbCar/><blocTexte>43</blocTexte><blocPub>2</blocPub><blocIllustration>0</blocIllustration><sommeWC>2956.7199999999852</sommeWC></page><page><fichier>ALTO/18770528_1-0002.xml</fichier><nbString>4533</nbString><nbCar/><blocTexte>37</blocTexte><blocPub>0</blocPub><blocIllustration>0</blocIllustration><sommeWC>3704.669999999931</sommeWC></page><page><fichier>ALTO/18770528_1-0003.xml</fichier><nbString>4808</nbString><nbCar/><blocTexte>50</blocTexte><blocPub>4</blocPub><blocIllustration>0</blocIllustration><sommeWC>3376.72999999999</sommeWC></page><page><fichier>ALTO/18770528_1-0004.xml</fichier><nbString>1535</nbString><nbCar/><blocTexte>8</blocTexte><blocPub>8</blocPub><blocIllustration>0</blocIllustration><sommeWC>1032.3100000000095</sommeWC></page></contenus></analyseAlto>