<?xml version="1.0" encoding="UTF-8"?><analyseAlto xmlns:xlink="http://www.w3.org/1999/xlink" xmlns:mods="http://www.loc.gov/mods/v3" xmlns:mets="http://www.loc.gov/METS/" xmlns:alto="http://schema.ccs-gmbh.com/docworks/version20/alto-1-4.xsd"><metad><titre>Le Petit Parisien</titre><genre>PERIODIQUE</genre><dateEdition>08.09.1877</dateEdition><nbpages>4</nbpages></metad><ocr/><contenus><nbArticle>27</nbArticle><blocTab>9</blocTab><blocPub>11</blocPub><blocIllustration>0</blocIllustration><page><fichier>ALTO/18770908_1-0001.xml</fichier><nbString>3871</nbString><nbCar/><blocTexte>38</blocTexte><blocPub>2</blocPub><blocIllustration>0</blocIllustration><sommeWC>3212.659999999961</sommeWC></page><page><fichier>ALTO/18770908_1-0002.xml</fichier><nbString>4531</nbString><nbCar/><blocTexte>49</blocTexte><blocPub>0</blocPub><blocIllustration>0</blocIllustration><sommeWC>3509.839999999966</sommeWC></page><page><fichier>ALTO/18770908_1-0003.xml</fichier><nbString>5039</nbString><nbCar/><blocTexte>45</blocTexte><blocPub>1</blocPub><blocIllustration>0</blocIllustration><sommeWC>3787.209999999945</sommeWC></page><page><fichier>ALTO/18770908_1-0004.xml</fichier><nbString>4128</nbString><nbCar/><blocTexte>43</blocTexte><blocPub>8</blocPub><blocIllustration>0</blocIllustration><sommeWC>2962.840000000009</sommeWC></page></contenus></analyseAlto>