<?xml version="1.0" encoding="UTF-8"?><analyseAlto xmlns:xlink="http://www.w3.org/1999/xlink" xmlns:mods="http://www.loc.gov/mods/v3" xmlns:mets="http://www.loc.gov/METS/" xmlns:alto="http://schema.ccs-gmbh.com/docworks/version20/alto-1-4.xsd"><metad><titre>Le Petit Parisien</titre><genre>PERIODIQUE</genre><dateEdition>06.12.1877</dateEdition><nbpages>4</nbpages></metad><ocr/><contenus><nbArticle>33</nbArticle><blocTab>2</blocTab><blocPub>8</blocPub><blocIllustration>0</blocIllustration><page><fichier>ALTO/18771206_1-0001.xml</fichier><nbString>3513</nbString><nbCar/><blocTexte>41</blocTexte><blocPub>0</blocPub><blocIllustration>0</blocIllustration><sommeWC>2791.069999999999</sommeWC></page><page><fichier>ALTO/18771206_1-0002.xml</fichier><nbString>4002</nbString><nbCar/><blocTexte>52</blocTexte><blocPub>1</blocPub><blocIllustration>0</blocIllustration><sommeWC>3121.9799999999877</sommeWC></page><page><fichier>ALTO/18771206_1-0003.xml</fichier><nbString>4551</nbString><nbCar/><blocTexte>48</blocTexte><blocPub>1</blocPub><blocIllustration>0</blocIllustration><sommeWC>3563.2099999999514</sommeWC></page><page><fichier>ALTO/18771206_1-0004.xml</fichier><nbString>3196</nbString><nbCar/><blocTexte>29</blocTexte><blocPub>6</blocPub><blocIllustration>0</blocIllustration><sommeWC>2315.7900000000336</sommeWC></page></contenus></analyseAlto>