<?xml version="1.0" encoding="UTF-8"?><analyseAlto xmlns:xlink="http://www.w3.org/1999/xlink" xmlns:mods="http://www.loc.gov/mods/v3" xmlns:mets="http://www.loc.gov/METS/" xmlns:alto="http://schema.ccs-gmbh.com/docworks/version20/alto-1-4.xsd"><metad><titre>Le Petit Parisien</titre><genre>PERIODIQUE</genre><dateEdition>01.08.1877</dateEdition><nbpages>4</nbpages></metad><ocr/><contenus><nbArticle>34</nbArticle><blocTab>5</blocTab><blocPub>12</blocPub><blocIllustration>0</blocIllustration><page><fichier>ALTO/18770801_1-0001.xml</fichier><nbString>3870</nbString><nbCar/><blocTexte>40</blocTexte><blocPub>0</blocPub><blocIllustration>0</blocIllustration><sommeWC>2950.1199999999903</sommeWC></page><page><fichier>ALTO/18770801_1-0002.xml</fichier><nbString>4202</nbString><nbCar/><blocTexte>49</blocTexte><blocPub>0</blocPub><blocIllustration>0</blocIllustration><sommeWC>3294.429999999963</sommeWC></page><page><fichier>ALTO/18770801_1-0003.xml</fichier><nbString>5272</nbString><nbCar/><blocTexte>33</blocTexte><blocPub>0</blocPub><blocIllustration>0</blocIllustration><sommeWC>3975.1699999999378</sommeWC></page><page><fichier>ALTO/18770801_1-0004.xml</fichier><nbString>3716</nbString><nbCar/><blocTexte>42</blocTexte><blocPub>12</blocPub><blocIllustration>0</blocIllustration><sommeWC>2329.260000000005</sommeWC></page></contenus></analyseAlto>