<?xml version="1.0" encoding="UTF-8"?><analyseAlto xmlns:xlink="http://www.w3.org/1999/xlink" xmlns:mods="http://www.loc.gov/mods/v3" xmlns:mets="http://www.loc.gov/METS/" xmlns:alto="http://schema.ccs-gmbh.com/docworks/version20/alto-1-4.xsd"><metad><titre>Le Petit Parisien</titre><genre>PERIODIQUE</genre><dateEdition>12.05.1877</dateEdition><nbpages>4</nbpages></metad><ocr/><contenus><nbArticle>22</nbArticle><blocTab>2</blocTab><blocPub>12</blocPub><blocIllustration>0</blocIllustration><page><fichier>ALTO/18770512_1-0001.xml</fichier><nbString>3976</nbString><nbCar/><blocTexte>39</blocTexte><blocPub>2</blocPub><blocIllustration>0</blocIllustration><sommeWC>3193.249999999974</sommeWC></page><page><fichier>ALTO/18770512_1-0002.xml</fichier><nbString>4508</nbString><nbCar/><blocTexte>38</blocTexte><blocPub>0</blocPub><blocIllustration>0</blocIllustration><sommeWC>3689.309999999938</sommeWC></page><page><fichier>ALTO/18770512_1-0003.xml</fichier><nbString>5302</nbString><nbCar/><blocTexte>39</blocTexte><blocPub>2</blocPub><blocIllustration>0</blocIllustration><sommeWC>4220.939999999905</sommeWC></page><page><fichier>ALTO/18770512_1-0004.xml</fichier><nbString>4161</nbString><nbCar/><blocTexte>42</blocTexte><blocPub>8</blocPub><blocIllustration>0</blocIllustration><sommeWC>3045.1599999999976</sommeWC></page></contenus></analyseAlto>