<?xml version="1.0" encoding="UTF-8"?><analyseAlto xmlns:xlink="http://www.w3.org/1999/xlink" xmlns:mods="http://www.loc.gov/mods/v3" xmlns:mets="http://www.loc.gov/METS/" xmlns:alto="http://schema.ccs-gmbh.com/docworks/version20/alto-1-4.xsd"><metad><titre>Le Petit Parisien</titre><genre>PERIODIQUE</genre><dateEdition>10.04.1877</dateEdition><nbpages>4</nbpages></metad><ocr/><contenus><nbArticle>23</nbArticle><blocTab>1</blocTab><blocPub>15</blocPub><blocIllustration>0</blocIllustration><page><fichier>ALTO/18770410_1-0001.xml</fichier><nbString>3848</nbString><nbCar/><blocTexte>49</blocTexte><blocPub>2</blocPub><blocIllustration>0</blocIllustration><sommeWC>3003.4099999999858</sommeWC></page><page><fichier>ALTO/18770410_1-0002.xml</fichier><nbString>5015</nbString><nbCar/><blocTexte>34</blocTexte><blocPub>2</blocPub><blocIllustration>0</blocIllustration><sommeWC>3859.6099999999383</sommeWC></page><page><fichier>ALTO/18770410_1-0003.xml</fichier><nbString>4663</nbString><nbCar/><blocTexte>42</blocTexte><blocPub>2</blocPub><blocIllustration>0</blocIllustration><sommeWC>3593.429999999959</sommeWC></page><page><fichier>ALTO/18770410_1-0004.xml</fichier><nbString>3886</nbString><nbCar/><blocTexte>31</blocTexte><blocPub>9</blocPub><blocIllustration>0</blocIllustration><sommeWC>2799.0200000000027</sommeWC></page></contenus></analyseAlto>