<?xml version="1.0" encoding="UTF-8"?><analyseAlto xmlns:xlink="http://www.w3.org/1999/xlink" xmlns:mods="http://www.loc.gov/mods/v3" xmlns:mets="http://www.loc.gov/METS/" xmlns:alto="http://schema.ccs-gmbh.com/docworks/version20/alto-1-4.xsd"><metad><titre>Le Petit Parisien</titre><genre>PERIODIQUE</genre><dateEdition>03.09.1877</dateEdition><nbpages>4</nbpages></metad><ocr/><contenus><nbArticle>22</nbArticle><blocTab>2</blocTab><blocPub>13</blocPub><blocIllustration>0</blocIllustration><page><fichier>ALTO/18770903_1-0001.xml</fichier><nbString>3447</nbString><nbCar/><blocTexte>46</blocTexte><blocPub>3</blocPub><blocIllustration>0</blocIllustration><sommeWC>2776.8999999999905</sommeWC></page><page><fichier>ALTO/18770903_1-0002.xml</fichier><nbString>4141</nbString><nbCar/><blocTexte>36</blocTexte><blocPub>0</blocPub><blocIllustration>0</blocIllustration><sommeWC>3232.349999999981</sommeWC></page><page><fichier>ALTO/18770903_1-0003.xml</fichier><nbString>4638</nbString><nbCar/><blocTexte>47</blocTexte><blocPub>2</blocPub><blocIllustration>0</blocIllustration><sommeWC>3419.009999999979</sommeWC></page><page><fichier>ALTO/18770903_1-0004.xml</fichier><nbString>4352</nbString><nbCar/><blocTexte>32</blocTexte><blocPub>8</blocPub><blocIllustration>0</blocIllustration><sommeWC>2584.4600000000146</sommeWC></page></contenus></analyseAlto>