<?xml version="1.0" encoding="UTF-8"?><analyseAlto xmlns:xlink="http://www.w3.org/1999/xlink" xmlns:mods="http://www.loc.gov/mods/v3" xmlns:mets="http://www.loc.gov/METS/" xmlns:alto="http://schema.ccs-gmbh.com/docworks/version20/alto-1-4.xsd"><metad><titre>Le Petit Parisien</titre><genre>PERIODIQUE</genre><dateEdition>30.05.1877</dateEdition><nbpages>4</nbpages></metad><ocr/><contenus><nbArticle>26</nbArticle><blocTab>1</blocTab><blocPub>12</blocPub><blocIllustration>0</blocIllustration><page><fichier>ALTO/18770530_1-0001.xml</fichier><nbString>3747</nbString><nbCar/><blocTexte>39</blocTexte><blocPub>2</blocPub><blocIllustration>0</blocIllustration><sommeWC>3015.4399999999755</sommeWC></page><page><fichier>ALTO/18770530_1-0002.xml</fichier><nbString>4520</nbString><nbCar/><blocTexte>39</blocTexte><blocPub>0</blocPub><blocIllustration>0</blocIllustration><sommeWC>3747.6199999999276</sommeWC></page><page><fichier>ALTO/18770530_1-0003.xml</fichier><nbString>4887</nbString><nbCar/><blocTexte>39</blocTexte><blocPub>2</blocPub><blocIllustration>0</blocIllustration><sommeWC>3974.49999999992</sommeWC></page><page><fichier>ALTO/18770530_1-0004.xml</fichier><nbString>4136</nbString><nbCar/><blocTexte>47</blocTexte><blocPub>8</blocPub><blocIllustration>0</blocIllustration><sommeWC>2775.709999999991</sommeWC></page></contenus></analyseAlto>