<?xml version="1.0" encoding="UTF-8"?><analyseAlto xmlns:xlink="http://www.w3.org/1999/xlink" xmlns:mods="http://www.loc.gov/mods/v3" xmlns:mets="http://www.loc.gov/METS/" xmlns:alto="http://schema.ccs-gmbh.com/docworks/version20/alto-1-4.xsd"><metad><titre>Le Petit Parisien</titre><genre>PERIODIQUE</genre><dateEdition>24.03.1877</dateEdition><nbpages>4</nbpages></metad><ocr/><contenus><nbArticle>24</nbArticle><blocTab>7</blocTab><blocPub>9</blocPub><blocIllustration>0</blocIllustration><page><fichier>ALTO/18770324_1-0001.xml</fichier><nbString>4052</nbString><nbCar/><blocTexte>40</blocTexte><blocPub>1</blocPub><blocIllustration>0</blocIllustration><sommeWC>3239.0799999999663</sommeWC></page><page><fichier>ALTO/18770324_1-0002.xml</fichier><nbString>4851</nbString><nbCar/><blocTexte>37</blocTexte><blocPub>0</blocPub><blocIllustration>0</blocIllustration><sommeWC>3927.569999999931</sommeWC></page><page><fichier>ALTO/18770324_1-0003.xml</fichier><nbString>5653</nbString><nbCar/><blocTexte>33</blocTexte><blocPub>0</blocPub><blocIllustration>0</blocIllustration><sommeWC>4596.739999999861</sommeWC></page><page><fichier>ALTO/18770324_1-0004.xml</fichier><nbString>4300</nbString><nbCar/><blocTexte>41</blocTexte><blocPub>8</blocPub><blocIllustration>0</blocIllustration><sommeWC>2858.209999999996</sommeWC></page></contenus></analyseAlto>