<?xml version="1.0" encoding="UTF-8"?><analyseAlto xmlns:xlink="http://www.w3.org/1999/xlink" xmlns:mods="http://www.loc.gov/mods/v3" xmlns:mets="http://www.loc.gov/METS/" xmlns:alto="http://schema.ccs-gmbh.com/docworks/version20/alto-1-4.xsd"><metad><titre>Le Petit Parisien</titre><genre>PERIODIQUE</genre><dateEdition>23.10.1877</dateEdition><nbpages>4</nbpages></metad><ocr/><contenus><nbArticle>22</nbArticle><blocTab>1</blocTab><blocPub>6</blocPub><blocIllustration>0</blocIllustration><page><fichier>ALTO/18771023_1-0001.xml</fichier><nbString>3925</nbString><nbCar/><blocTexte>38</blocTexte><blocPub>1</blocPub><blocIllustration>0</blocIllustration><sommeWC>3119.839999999984</sommeWC></page><page><fichier>ALTO/18771023_1-0002.xml</fichier><nbString>4147</nbString><nbCar/><blocTexte>45</blocTexte><blocPub>0</blocPub><blocIllustration>0</blocIllustration><sommeWC>3197.239999999975</sommeWC></page><page><fichier>ALTO/18771023_1-0003.xml</fichier><nbString>4336</nbString><nbCar/><blocTexte>62</blocTexte><blocPub>0</blocPub><blocIllustration>0</blocIllustration><sommeWC>3274.2099999999714</sommeWC></page><page><fichier>ALTO/18771023_1-0004.xml</fichier><nbString>4471</nbString><nbCar/><blocTexte>36</blocTexte><blocPub>5</blocPub><blocIllustration>0</blocIllustration><sommeWC>2932.9200000000046</sommeWC></page></contenus></analyseAlto>