<?xml version="1.0" encoding="UTF-8"?><analyseAlto xmlns:xlink="http://www.w3.org/1999/xlink" xmlns:mods="http://www.loc.gov/mods/v3" xmlns:mets="http://www.loc.gov/METS/" xmlns:alto="http://schema.ccs-gmbh.com/docworks/version20/alto-1-4.xsd"><metad><titre>Le Petit Parisien</titre><genre>PERIODIQUE</genre><dateEdition>31.05.1877</dateEdition><nbpages>4</nbpages></metad><ocr/><contenus><nbArticle>26</nbArticle><blocTab>1</blocTab><blocPub>13</blocPub><blocIllustration>0</blocIllustration><page><fichier>ALTO/18770531_1-0001.xml</fichier><nbString>3810</nbString><nbCar/><blocTexte>40</blocTexte><blocPub>2</blocPub><blocIllustration>0</blocIllustration><sommeWC>3027.2699999999777</sommeWC></page><page><fichier>ALTO/18770531_1-0002.xml</fichier><nbString>4659</nbString><nbCar/><blocTexte>39</blocTexte><blocPub>0</blocPub><blocIllustration>0</blocIllustration><sommeWC>3852.5799999999244</sommeWC></page><page><fichier>ALTO/18770531_1-0003.xml</fichier><nbString>5335</nbString><nbCar/><blocTexte>39</blocTexte><blocPub>2</blocPub><blocIllustration>0</blocIllustration><sommeWC>4188.1899999999205</sommeWC></page><page><fichier>ALTO/18770531_1-0004.xml</fichier><nbString>4067</nbString><nbCar/><blocTexte>46</blocTexte><blocPub>9</blocPub><blocIllustration>0</blocIllustration><sommeWC>2687.199999999993</sommeWC></page></contenus></analyseAlto>