<?xml version="1.0" encoding="UTF-8"?><analyseAlto xmlns:xlink="http://www.w3.org/1999/xlink" xmlns:mods="http://www.loc.gov/mods/v3" xmlns:mets="http://www.loc.gov/METS/" xmlns:alto="http://schema.ccs-gmbh.com/docworks/version20/alto-1-4.xsd"><metad><titre>Le Petit Parisien</titre><genre>PERIODIQUE</genre><dateEdition>10.03.1877</dateEdition><nbpages>4</nbpages></metad><ocr/><contenus><nbArticle>22</nbArticle><blocTab>4</blocTab><blocPub>9</blocPub><blocIllustration>0</blocIllustration><page><fichier>ALTO/18770310_1-0001.xml</fichier><nbString>3771</nbString><nbCar/><blocTexte>45</blocTexte><blocPub>2</blocPub><blocIllustration>0</blocIllustration><sommeWC>3109.179999999966</sommeWC></page><page><fichier>ALTO/18770310_1-0002.xml</fichier><nbString>4734</nbString><nbCar/><blocTexte>28</blocTexte><blocPub>0</blocPub><blocIllustration>0</blocIllustration><sommeWC>3868.869999999941</sommeWC></page><page><fichier>ALTO/18770310_1-0003.xml</fichier><nbString>5579</nbString><nbCar/><blocTexte>32</blocTexte><blocPub>0</blocPub><blocIllustration>0</blocIllustration><sommeWC>4527.479999999881</sommeWC></page><page><fichier>ALTO/18770310_1-0004.xml</fichier><nbString>4305</nbString><nbCar/><blocTexte>42</blocTexte><blocPub>7</blocPub><blocIllustration>0</blocIllustration><sommeWC>2969.879999999988</sommeWC></page></contenus></analyseAlto>