<?xml version="1.0" encoding="UTF-8"?><analyseAlto xmlns:xlink="http://www.w3.org/1999/xlink" xmlns:mods="http://www.loc.gov/mods/v3" xmlns:mets="http://www.loc.gov/METS/" xmlns:alto="http://schema.ccs-gmbh.com/docworks/version20/alto-1-4.xsd"><metad><titre>Le Petit Parisien</titre><genre>PERIODIQUE</genre><dateEdition>19.01.1877</dateEdition><nbpages>4</nbpages></metad><ocr/><contenus><nbArticle>21</nbArticle><blocTab>1</blocTab><blocPub>11</blocPub><blocIllustration>0</blocIllustration><page><fichier>ALTO/18770119_1-0001.xml</fichier><nbString>3604</nbString><nbCar/><blocTexte>37</blocTexte><blocPub>5</blocPub><blocIllustration>0</blocIllustration><sommeWC>2839.8799999999965</sommeWC></page><page><fichier>ALTO/18770119_1-0002.xml</fichier><nbString>4028</nbString><nbCar/><blocTexte>41</blocTexte><blocPub>0</blocPub><blocIllustration>0</blocIllustration><sommeWC>3321.1899999999546</sommeWC></page><page><fichier>ALTO/18770119_1-0003.xml</fichier><nbString>4841</nbString><nbCar/><blocTexte>30</blocTexte><blocPub>2</blocPub><blocIllustration>0</blocIllustration><sommeWC>3927.299999999939</sommeWC></page><page><fichier>ALTO/18770119_1-0004.xml</fichier><nbString>4183</nbString><nbCar/><blocTexte>49</blocTexte><blocPub>4</blocPub><blocIllustration>0</blocIllustration><sommeWC>2851.8700000000003</sommeWC></page></contenus></analyseAlto>