<?xml version="1.0" encoding="UTF-8"?><analyseAlto xmlns:xlink="http://www.w3.org/1999/xlink" xmlns:mods="http://www.loc.gov/mods/v3" xmlns:mets="http://www.loc.gov/METS/" xmlns:alto="http://schema.ccs-gmbh.com/docworks/version20/alto-1-4.xsd"><metad><titre>Le Petit Parisien</titre><genre>PERIODIQUE</genre><dateEdition>26.10.1877</dateEdition><nbpages>4</nbpages></metad><ocr/><contenus><nbArticle>22</nbArticle><blocTab>2</blocTab><blocPub>8</blocPub><blocIllustration>0</blocIllustration><page><fichier>ALTO/18771026_1-0001.xml</fichier><nbString>3864</nbString><nbCar/><blocTexte>44</blocTexte><blocPub>1</blocPub><blocIllustration>0</blocIllustration><sommeWC>3003.6199999999835</sommeWC></page><page><fichier>ALTO/18771026_1-0002.xml</fichier><nbString>4165</nbString><nbCar/><blocTexte>42</blocTexte><blocPub>0</blocPub><blocIllustration>0</blocIllustration><sommeWC>3285.33999999997</sommeWC></page><page><fichier>ALTO/18771026_1-0003.xml</fichier><nbString>4778</nbString><nbCar/><blocTexte>43</blocTexte><blocPub>2</blocPub><blocIllustration>0</blocIllustration><sommeWC>3576.5399999999586</sommeWC></page><page><fichier>ALTO/18771026_1-0004.xml</fichier><nbString>4429</nbString><nbCar/><blocTexte>40</blocTexte><blocPub>5</blocPub><blocIllustration>0</blocIllustration><sommeWC>2814.8899999999817</sommeWC></page></contenus></analyseAlto>