<?xml version="1.0" encoding="UTF-8"?><analyseAlto xmlns:xlink="http://www.w3.org/1999/xlink" xmlns:mods="http://www.loc.gov/mods/v3" xmlns:mets="http://www.loc.gov/METS/" xmlns:alto="http://schema.ccs-gmbh.com/docworks/version20/alto-1-4.xsd"><metad><titre>Le Petit Parisien</titre><genre>PERIODIQUE</genre><dateEdition>30.03.1877</dateEdition><nbpages>4</nbpages></metad><ocr/><contenus><nbArticle>24</nbArticle><blocTab>5</blocTab><blocPub>11</blocPub><blocIllustration>0</blocIllustration><page><fichier>ALTO/18770330_1-0001.xml</fichier><nbString>3763</nbString><nbCar/><blocTexte>39</blocTexte><blocPub>1</blocPub><blocIllustration>0</blocIllustration><sommeWC>3040.989999999977</sommeWC></page><page><fichier>ALTO/18770330_1-0002.xml</fichier><nbString>4991</nbString><nbCar/><blocTexte>36</blocTexte><blocPub>1</blocPub><blocIllustration>0</blocIllustration><sommeWC>3937.6799999999457</sommeWC></page><page><fichier>ALTO/18770330_1-0003.xml</fichier><nbString>5348</nbString><nbCar/><blocTexte>31</blocTexte><blocPub>0</blocPub><blocIllustration>0</blocIllustration><sommeWC>4220.639999999937</sommeWC></page><page><fichier>ALTO/18770330_1-0004.xml</fichier><nbString>3391</nbString><nbCar/><blocTexte>27</blocTexte><blocPub>9</blocPub><blocIllustration>0</blocIllustration><sommeWC>2246.810000000023</sommeWC></page></contenus></analyseAlto>