<?xml version="1.0" encoding="UTF-8"?><analyseAlto xmlns:xlink="http://www.w3.org/1999/xlink" xmlns:mods="http://www.loc.gov/mods/v3" xmlns:mets="http://www.loc.gov/METS/" xmlns:alto="http://schema.ccs-gmbh.com/docworks/version20/alto-1-4.xsd"><metad><titre>Le Petit Parisien</titre><genre>PERIODIQUE</genre><dateEdition>25.11.1877</dateEdition><nbpages>4</nbpages></metad><ocr/><contenus><nbArticle>25</nbArticle><blocTab>1</blocTab><blocPub>10</blocPub><blocIllustration>0</blocIllustration><page><fichier>ALTO/18771125_1-0001.xml</fichier><nbString>3677</nbString><nbCar/><blocTexte>50</blocTexte><blocPub>1</blocPub><blocIllustration>0</blocIllustration><sommeWC>2814.2000000000025</sommeWC></page><page><fichier>ALTO/18771125_1-0002.xml</fichier><nbString>4333</nbString><nbCar/><blocTexte>48</blocTexte><blocPub>0</blocPub><blocIllustration>0</blocIllustration><sommeWC>3440.639999999955</sommeWC></page><page><fichier>ALTO/18771125_1-0003.xml</fichier><nbString>5186</nbString><nbCar/><blocTexte>35</blocTexte><blocPub>1</blocPub><blocIllustration>0</blocIllustration><sommeWC>3991.8799999999196</sommeWC></page><page><fichier>ALTO/18771125_1-0004.xml</fichier><nbString>4011</nbString><nbCar/><blocTexte>33</blocTexte><blocPub>8</blocPub><blocIllustration>0</blocIllustration><sommeWC>2557.4100000000017</sommeWC></page></contenus></analyseAlto>