<?xml version="1.0" encoding="UTF-8"?><analyseAlto xmlns:xlink="http://www.w3.org/1999/xlink" xmlns:mods="http://www.loc.gov/mods/v3" xmlns:mets="http://www.loc.gov/METS/" xmlns:alto="http://schema.ccs-gmbh.com/docworks/version20/alto-1-4.xsd"><metad><titre>Le Petit Parisien</titre><genre>PERIODIQUE</genre><dateEdition>31.12.1877</dateEdition><nbpages>4</nbpages></metad><ocr/><contenus><nbArticle>42</nbArticle><blocTab>3</blocTab><blocPub>12</blocPub><blocIllustration>0</blocIllustration><page><fichier>ALTO/18771231_1-0001.xml</fichier><nbString>3396</nbString><nbCar/><blocTexte>45</blocTexte><blocPub>2</blocPub><blocIllustration>0</blocIllustration><sommeWC>2733.1699999999987</sommeWC></page><page><fichier>ALTO/18771231_1-0002.xml</fichier><nbString>4006</nbString><nbCar/><blocTexte>53</blocTexte><blocPub>0</blocPub><blocIllustration>0</blocIllustration><sommeWC>3134.639999999964</sommeWC></page><page><fichier>ALTO/18771231_1-0003.xml</fichier><nbString>4588</nbString><nbCar/><blocTexte>41</blocTexte><blocPub>3</blocPub><blocIllustration>0</blocIllustration><sommeWC>3600.359999999942</sommeWC></page><page><fichier>ALTO/18771231_1-0004.xml</fichier><nbString>4608</nbString><nbCar/><blocTexte>38</blocTexte><blocPub>7</blocPub><blocIllustration>0</blocIllustration><sommeWC>2908.740000000008</sommeWC></page></contenus></analyseAlto>