<?xml version="1.0" encoding="UTF-8"?><analyseAlto xmlns:xlink="http://www.w3.org/1999/xlink" xmlns:mods="http://www.loc.gov/mods/v3" xmlns:mets="http://www.loc.gov/METS/" xmlns:alto="http://schema.ccs-gmbh.com/docworks/version20/alto-1-4.xsd"><metad><titre>Le Petit Parisien</titre><genre>PERIODIQUE</genre><dateEdition>22.05.1877</dateEdition><nbpages>4</nbpages></metad><ocr/><contenus><nbArticle>24</nbArticle><blocTab>3</blocTab><blocPub>12</blocPub><blocIllustration>0</blocIllustration><page><fichier>ALTO/18770522_1-0001.xml</fichier><nbString>3828</nbString><nbCar/><blocTexte>51</blocTexte><blocPub>1</blocPub><blocIllustration>0</blocIllustration><sommeWC>3158.4899999999693</sommeWC></page><page><fichier>ALTO/18770522_1-0002.xml</fichier><nbString>4682</nbString><nbCar/><blocTexte>35</blocTexte><blocPub>0</blocPub><blocIllustration>0</blocIllustration><sommeWC>3806.68999999994</sommeWC></page><page><fichier>ALTO/18770522_1-0003.xml</fichier><nbString>4983</nbString><nbCar/><blocTexte>49</blocTexte><blocPub>2</blocPub><blocIllustration>0</blocIllustration><sommeWC>3903.4999999999436</sommeWC></page><page><fichier>ALTO/18770522_1-0004.xml</fichier><nbString>3786</nbString><nbCar/><blocTexte>30</blocTexte><blocPub>9</blocPub><blocIllustration>0</blocIllustration><sommeWC>2854.2800000000007</sommeWC></page></contenus></analyseAlto>