<?xml version="1.0" encoding="UTF-8"?><analyseAlto xmlns:xlink="http://www.w3.org/1999/xlink" xmlns:mods="http://www.loc.gov/mods/v3" xmlns:mets="http://www.loc.gov/METS/" xmlns:alto="http://schema.ccs-gmbh.com/docworks/version20/alto-1-4.xsd"><metad><titre>Le Petit Parisien</titre><genre>PERIODIQUE</genre><dateEdition>01.11.1877</dateEdition><nbpages>4</nbpages></metad><ocr/><contenus><nbArticle>25</nbArticle><blocTab>1</blocTab><blocPub>9</blocPub><blocIllustration>0</blocIllustration><page><fichier>ALTO/18771101_1-0001.xml</fichier><nbString>3718</nbString><nbCar/><blocTexte>46</blocTexte><blocPub>1</blocPub><blocIllustration>0</blocIllustration><sommeWC>2796.15000000001</sommeWC></page><page><fichier>ALTO/18771101_1-0002.xml</fichier><nbString>4181</nbString><nbCar/><blocTexte>42</blocTexte><blocPub>1</blocPub><blocIllustration>0</blocIllustration><sommeWC>3257.7199999999675</sommeWC></page><page><fichier>ALTO/18771101_1-0003.xml</fichier><nbString>4506</nbString><nbCar/><blocTexte>51</blocTexte><blocPub>0</blocPub><blocIllustration>0</blocIllustration><sommeWC>3419.209999999964</sommeWC></page><page><fichier>ALTO/18771101_1-0004.xml</fichier><nbString>4216</nbString><nbCar/><blocTexte>44</blocTexte><blocPub>7</blocPub><blocIllustration>0</blocIllustration><sommeWC>2687.6500000000224</sommeWC></page></contenus></analyseAlto>