<?xml version="1.0" encoding="UTF-8"?><analyseAlto xmlns:xlink="http://www.w3.org/1999/xlink" xmlns:mods="http://www.loc.gov/mods/v3" xmlns:mets="http://www.loc.gov/METS/" xmlns:alto="http://schema.ccs-gmbh.com/docworks/version20/alto-1-4.xsd"><metad><titre>Le Petit Parisien</titre><genre>PERIODIQUE</genre><dateEdition>27.06.1877</dateEdition><nbpages>4</nbpages></metad><ocr/><contenus><nbArticle>36</nbArticle><blocTab>1</blocTab><blocPub>11</blocPub><blocIllustration>0</blocIllustration><page><fichier>ALTO/18770627_1-0001.xml</fichier><nbString>3825</nbString><nbCar/><blocTexte>45</blocTexte><blocPub>1</blocPub><blocIllustration>0</blocIllustration><sommeWC>2923.5899999999956</sommeWC></page><page><fichier>ALTO/18770627_1-0002.xml</fichier><nbString>5410</nbString><nbCar/><blocTexte>34</blocTexte><blocPub>0</blocPub><blocIllustration>0</blocIllustration><sommeWC>4273.379999999909</sommeWC></page><page><fichier>ALTO/18770627_1-0003.xml</fichier><nbString>5561</nbString><nbCar/><blocTexte>32</blocTexte><blocPub>3</blocPub><blocIllustration>0</blocIllustration><sommeWC>4383.119999999905</sommeWC></page><page><fichier>ALTO/18770627_1-0004.xml</fichier><nbString>3992</nbString><nbCar/><blocTexte>51</blocTexte><blocPub>7</blocPub><blocIllustration>0</blocIllustration><sommeWC>2618.9100000000167</sommeWC></page></contenus></analyseAlto>