<?xml version="1.0" encoding="UTF-8"?><analyseAlto xmlns:xlink="http://www.w3.org/1999/xlink" xmlns:mods="http://www.loc.gov/mods/v3" xmlns:mets="http://www.loc.gov/METS/" xmlns:alto="http://schema.ccs-gmbh.com/docworks/version20/alto-1-4.xsd"><metad><titre>Le Petit Parisien</titre><genre>PERIODIQUE</genre><dateEdition>07.09.1877</dateEdition><nbpages>4</nbpages></metad><ocr/><contenus><nbArticle>31</nbArticle><blocTab>6</blocTab><blocPub>16</blocPub><blocIllustration>0</blocIllustration><page><fichier>ALTO/18770907_1-0001.xml</fichier><nbString>3877</nbString><nbCar/><blocTexte>36</blocTexte><blocPub>1</blocPub><blocIllustration>0</blocIllustration><sommeWC>3054.4899999999866</sommeWC></page><page><fichier>ALTO/18770907_1-0002.xml</fichier><nbString>4917</nbString><nbCar/><blocTexte>36</blocTexte><blocPub>1</blocPub><blocIllustration>0</blocIllustration><sommeWC>3670.4499999999593</sommeWC></page><page><fichier>ALTO/18770907_1-0003.xml</fichier><nbString>4997</nbString><nbCar/><blocTexte>42</blocTexte><blocPub>0</blocPub><blocIllustration>0</blocIllustration><sommeWC>3771.589999999943</sommeWC></page><page><fichier>ALTO/18770907_1-0004.xml</fichier><nbString>4519</nbString><nbCar/><blocTexte>43</blocTexte><blocPub>14</blocPub><blocIllustration>0</blocIllustration><sommeWC>2911.3000000000034</sommeWC></page></contenus></analyseAlto>