<?xml version="1.0" encoding="UTF-8"?><analyseAlto xmlns:xlink="http://www.w3.org/1999/xlink" xmlns:mods="http://www.loc.gov/mods/v3" xmlns:mets="http://www.loc.gov/METS/" xmlns:alto="http://schema.ccs-gmbh.com/docworks/version20/alto-1-4.xsd"><metad><titre>Le Petit Parisien</titre><genre>PERIODIQUE</genre><dateEdition>18.09.1877</dateEdition><nbpages>4</nbpages></metad><ocr/><contenus><nbArticle>22</nbArticle><blocTab>1</blocTab><blocPub>8</blocPub><blocIllustration>0</blocIllustration><page><fichier>ALTO/18770918_1-0001.xml</fichier><nbString>3644</nbString><nbCar/><blocTexte>42</blocTexte><blocPub>1</blocPub><blocIllustration>0</blocIllustration><sommeWC>2896.739999999993</sommeWC></page><page><fichier>ALTO/18770918_1-0002.xml</fichier><nbString>4853</nbString><nbCar/><blocTexte>29</blocTexte><blocPub>0</blocPub><blocIllustration>0</blocIllustration><sommeWC>3861.9999999999413</sommeWC></page><page><fichier>ALTO/18770918_1-0003.xml</fichier><nbString>4415</nbString><nbCar/><blocTexte>41</blocTexte><blocPub>1</blocPub><blocIllustration>0</blocIllustration><sommeWC>3480.6099999999587</sommeWC></page><page><fichier>ALTO/18770918_1-0004.xml</fichier><nbString>3845</nbString><nbCar/><blocTexte>39</blocTexte><blocPub>6</blocPub><blocIllustration>0</blocIllustration><sommeWC>2746.3400000000124</sommeWC></page></contenus></analyseAlto>