<?xml version="1.0" encoding="UTF-8"?><analyseAlto xmlns:xlink="http://www.w3.org/1999/xlink" xmlns:mods="http://www.loc.gov/mods/v3" xmlns:mets="http://www.loc.gov/METS/" xmlns:alto="http://schema.ccs-gmbh.com/docworks/version20/alto-1-4.xsd"><metad><titre>Le Petit Parisien</titre><genre>PERIODIQUE</genre><dateEdition>23.06.1877</dateEdition><nbpages>4</nbpages></metad><ocr/><contenus><nbArticle>21</nbArticle><blocTab>1</blocTab><blocPub>14</blocPub><blocIllustration>0</blocIllustration><page><fichier>ALTO/18770623_1-0001.xml</fichier><nbString>3722</nbString><nbCar/><blocTexte>36</blocTexte><blocPub>2</blocPub><blocIllustration>0</blocIllustration><sommeWC>2883.0299999999957</sommeWC></page><page><fichier>ALTO/18770623_1-0002.xml</fichier><nbString>5493</nbString><nbCar/><blocTexte>30</blocTexte><blocPub>0</blocPub><blocIllustration>0</blocIllustration><sommeWC>4065.0299999999306</sommeWC></page><page><fichier>ALTO/18770623_1-0003.xml</fichier><nbString>6751</nbString><nbCar/><blocTexte>15</blocTexte><blocPub>0</blocPub><blocIllustration>0</blocIllustration><sommeWC>4956.799999999874</sommeWC></page><page><fichier>ALTO/18770623_1-0004.xml</fichier><nbString>3700</nbString><nbCar/><blocTexte>53</blocTexte><blocPub>12</blocPub><blocIllustration>0</blocIllustration><sommeWC>2539.5900000000165</sommeWC></page></contenus></analyseAlto>