<?xml version="1.0" encoding="UTF-8"?><analyseAlto xmlns:xlink="http://www.w3.org/1999/xlink" xmlns:mods="http://www.loc.gov/mods/v3" xmlns:mets="http://www.loc.gov/METS/" xmlns:alto="http://schema.ccs-gmbh.com/docworks/version20/alto-1-4.xsd"><metad><titre>Le Petit Parisien</titre><genre>PERIODIQUE</genre><dateEdition>05.04.1877</dateEdition><nbpages>4</nbpages></metad><ocr/><contenus><nbArticle>28</nbArticle><blocTab>4</blocTab><blocPub>11</blocPub><blocIllustration>0</blocIllustration><page><fichier>ALTO/18770405_1-0001.xml</fichier><nbString>3811</nbString><nbCar/><blocTexte>36</blocTexte><blocPub>1</blocPub><blocIllustration>0</blocIllustration><sommeWC>3106.0099999999693</sommeWC></page><page><fichier>ALTO/18770405_1-0002.xml</fichier><nbString>4515</nbString><nbCar/><blocTexte>33</blocTexte><blocPub>0</blocPub><blocIllustration>0</blocIllustration><sommeWC>3757.319999999922</sommeWC></page><page><fichier>ALTO/18770405_1-0003.xml</fichier><nbString>5286</nbString><nbCar/><blocTexte>38</blocTexte><blocPub>3</blocPub><blocIllustration>0</blocIllustration><sommeWC>4195.989999999905</sommeWC></page><page><fichier>ALTO/18770405_1-0004.xml</fichier><nbString>4289</nbString><nbCar/><blocTexte>31</blocTexte><blocPub>7</blocPub><blocIllustration>0</blocIllustration><sommeWC>2821.1799999999835</sommeWC></page></contenus></analyseAlto>