<?xml version="1.0" encoding="UTF-8"?><analyseAlto xmlns:xlink="http://www.w3.org/1999/xlink" xmlns:mods="http://www.loc.gov/mods/v3" xmlns:mets="http://www.loc.gov/METS/" xmlns:alto="http://schema.ccs-gmbh.com/docworks/version20/alto-1-4.xsd"><metad><titre>Le Petit Parisien</titre><genre>PERIODIQUE</genre><dateEdition>27.03.1877</dateEdition><nbpages>4</nbpages></metad><ocr/><contenus><nbArticle>23</nbArticle><blocTab>1</blocTab><blocPub>13</blocPub><blocIllustration>0</blocIllustration><page><fichier>ALTO/18770327_1-0001.xml</fichier><nbString>3777</nbString><nbCar/><blocTexte>39</blocTexte><blocPub>2</blocPub><blocIllustration>0</blocIllustration><sommeWC>3157.119999999963</sommeWC></page><page><fichier>ALTO/18770327_1-0002.xml</fichier><nbString>5132</nbString><nbCar/><blocTexte>33</blocTexte><blocPub>0</blocPub><blocIllustration>0</blocIllustration><sommeWC>4076.7099999999277</sommeWC></page><page><fichier>ALTO/18770327_1-0003.xml</fichier><nbString>5090</nbString><nbCar/><blocTexte>41</blocTexte><blocPub>1</blocPub><blocIllustration>0</blocIllustration><sommeWC>3958.9699999999257</sommeWC></page><page><fichier>ALTO/18770327_1-0004.xml</fichier><nbString>4071</nbString><nbCar/><blocTexte>33</blocTexte><blocPub>10</blocPub><blocIllustration>0</blocIllustration><sommeWC>3067.889999999985</sommeWC></page></contenus></analyseAlto>