<?xml version="1.0" encoding="UTF-8"?><analyseAlto xmlns:xlink="http://www.w3.org/1999/xlink" xmlns:mods="http://www.loc.gov/mods/v3" xmlns:mets="http://www.loc.gov/METS/" xmlns:alto="http://schema.ccs-gmbh.com/docworks/version20/alto-1-4.xsd"><metad><titre>Le Petit Parisien</titre><genre>PERIODIQUE</genre><dateEdition>27.12.1877</dateEdition><nbpages>4</nbpages></metad><ocr/><contenus><nbArticle>28</nbArticle><blocTab>3</blocTab><blocPub>9</blocPub><blocIllustration>0</blocIllustration><page><fichier>ALTO/18771227_1-0001.xml</fichier><nbString>3443</nbString><nbCar/><blocTexte>47</blocTexte><blocPub>1</blocPub><blocIllustration>0</blocIllustration><sommeWC>2777.890000000001</sommeWC></page><page><fichier>ALTO/18771227_1-0002.xml</fichier><nbString>4347</nbString><nbCar/><blocTexte>31</blocTexte><blocPub>0</blocPub><blocIllustration>0</blocIllustration><sommeWC>3514.7999999999497</sommeWC></page><page><fichier>ALTO/18771227_1-0003.xml</fichier><nbString>4204</nbString><nbCar/><blocTexte>36</blocTexte><blocPub>0</blocPub><blocIllustration>0</blocIllustration><sommeWC>3354.579999999957</sommeWC></page><page><fichier>ALTO/18771227_1-0004.xml</fichier><nbString>4249</nbString><nbCar/><blocTexte>46</blocTexte><blocPub>8</blocPub><blocIllustration>0</blocIllustration><sommeWC>3084.389999999995</sommeWC></page></contenus></analyseAlto>