<?xml version="1.0" encoding="UTF-8"?><analyseAlto xmlns:xlink="http://www.w3.org/1999/xlink" xmlns:mods="http://www.loc.gov/mods/v3" xmlns:mets="http://www.loc.gov/METS/" xmlns:alto="http://schema.ccs-gmbh.com/docworks/version20/alto-1-4.xsd"><metad><titre>Le Petit Parisien</titre><genre>PERIODIQUE</genre><dateEdition>30.12.1877</dateEdition><nbpages>4</nbpages></metad><ocr/><contenus><nbArticle>31</nbArticle><blocTab>1</blocTab><blocPub>19</blocPub><blocIllustration>0</blocIllustration><page><fichier>ALTO/18771230_1-0001.xml</fichier><nbString>3592</nbString><nbCar/><blocTexte>37</blocTexte><blocPub>3</blocPub><blocIllustration>0</blocIllustration><sommeWC>2852.209999999998</sommeWC></page><page><fichier>ALTO/18771230_1-0002.xml</fichier><nbString>3799</nbString><nbCar/><blocTexte>49</blocTexte><blocPub>0</blocPub><blocIllustration>0</blocIllustration><sommeWC>3002.6199999999885</sommeWC></page><page><fichier>ALTO/18771230_1-0003.xml</fichier><nbString>4332</nbString><nbCar/><blocTexte>42</blocTexte><blocPub>4</blocPub><blocIllustration>0</blocIllustration><sommeWC>3426.1999999999475</sommeWC></page><page><fichier>ALTO/18771230_1-0004.xml</fichier><nbString>4102</nbString><nbCar/><blocTexte>44</blocTexte><blocPub>12</blocPub><blocIllustration>0</blocIllustration><sommeWC>2595.9600000000064</sommeWC></page></contenus></analyseAlto>