<?xml version="1.0" encoding="UTF-8"?><analyseAlto xmlns:xlink="http://www.w3.org/1999/xlink" xmlns:mods="http://www.loc.gov/mods/v3" xmlns:mets="http://www.loc.gov/METS/" xmlns:alto="http://schema.ccs-gmbh.com/docworks/version20/alto-1-4.xsd"><metad><titre>Le Petit Parisien</titre><genre>PERIODIQUE</genre><dateEdition>25.01.1877</dateEdition><nbpages>4</nbpages></metad><ocr/><contenus><nbArticle>23</nbArticle><blocTab>1</blocTab><blocPub>10</blocPub><blocIllustration>0</blocIllustration><page><fichier>ALTO/18770125_1-0001.xml</fichier><nbString>3868</nbString><nbCar/><blocTexte>35</blocTexte><blocPub>5</blocPub><blocIllustration>0</blocIllustration><sommeWC>3101.499999999976</sommeWC></page><page><fichier>ALTO/18770125_1-0002.xml</fichier><nbString>4302</nbString><nbCar/><blocTexte>47</blocTexte><blocPub>0</blocPub><blocIllustration>0</blocIllustration><sommeWC>3507.7599999999547</sommeWC></page><page><fichier>ALTO/18770125_1-0003.xml</fichier><nbString>4842</nbString><nbCar/><blocTexte>35</blocTexte><blocPub>1</blocPub><blocIllustration>0</blocIllustration><sommeWC>3932.2899999999267</sommeWC></page><page><fichier>ALTO/18770125_1-0004.xml</fichier><nbString>4616</nbString><nbCar/><blocTexte>40</blocTexte><blocPub>4</blocPub><blocIllustration>0</blocIllustration><sommeWC>3317.399999999987</sommeWC></page></contenus></analyseAlto>