<?xml version="1.0" encoding="UTF-8"?><analyseAlto xmlns:xlink="http://www.w3.org/1999/xlink" xmlns:mods="http://www.loc.gov/mods/v3" xmlns:mets="http://www.loc.gov/METS/" xmlns:alto="http://schema.ccs-gmbh.com/docworks/version20/alto-1-4.xsd"><metad><titre>Le Petit Parisien</titre><genre>PERIODIQUE</genre><dateEdition>08.06.1877</dateEdition><nbpages>4</nbpages></metad><ocr/><contenus><nbArticle>29</nbArticle><blocTab>2</blocTab><blocPub>18</blocPub><blocIllustration>0</blocIllustration><page><fichier>ALTO/18770608_1-0001.xml</fichier><nbString>3986</nbString><nbCar/><blocTexte>47</blocTexte><blocPub>1</blocPub><blocIllustration>0</blocIllustration><sommeWC>3143.6299999999787</sommeWC></page><page><fichier>ALTO/18770608_1-0002.xml</fichier><nbString>4520</nbString><nbCar/><blocTexte>40</blocTexte><blocPub>0</blocPub><blocIllustration>0</blocIllustration><sommeWC>3572.669999999959</sommeWC></page><page><fichier>ALTO/18770608_1-0003.xml</fichier><nbString>4897</nbString><nbCar/><blocTexte>56</blocTexte><blocPub>8</blocPub><blocIllustration>0</blocIllustration><sommeWC>3755.649999999945</sommeWC></page><page><fichier>ALTO/18770608_1-0004.xml</fichier><nbString>3620</nbString><nbCar/><blocTexte>37</blocTexte><blocPub>9</blocPub><blocIllustration>0</blocIllustration><sommeWC>2270.900000000017</sommeWC></page></contenus></analyseAlto>