<?xml version="1.0" encoding="UTF-8"?><analyseAlto xmlns:xlink="http://www.w3.org/1999/xlink" xmlns:mods="http://www.loc.gov/mods/v3" xmlns:mets="http://www.loc.gov/METS/" xmlns:alto="http://schema.ccs-gmbh.com/docworks/version20/alto-1-4.xsd"><metad><titre>Le Petit Parisien</titre><genre>PERIODIQUE</genre><dateEdition>01.10.1877</dateEdition><nbpages>4</nbpages></metad><ocr/><contenus><nbArticle>24</nbArticle><blocTab>6</blocTab><blocPub>17</blocPub><blocIllustration>0</blocIllustration><page><fichier>ALTO/18771001_1-0001.xml</fichier><nbString>4088</nbString><nbCar/><blocTexte>26</blocTexte><blocPub>0</blocPub><blocIllustration>0</blocIllustration><sommeWC>3139.569999999985</sommeWC></page><page><fichier>ALTO/18771001_1-0002.xml</fichier><nbString>4224</nbString><nbCar/><blocTexte>43</blocTexte><blocPub>2</blocPub><blocIllustration>0</blocIllustration><sommeWC>3340.369999999958</sommeWC></page><page><fichier>ALTO/18771001_1-0003.xml</fichier><nbString>4564</nbString><nbCar/><blocTexte>48</blocTexte><blocPub>3</blocPub><blocIllustration>0</blocIllustration><sommeWC>3408.329999999984</sommeWC></page><page><fichier>ALTO/18771001_1-0004.xml</fichier><nbString>3314</nbString><nbCar/><blocTexte>19</blocTexte><blocPub>12</blocPub><blocIllustration>0</blocIllustration><sommeWC>2060.820000000033</sommeWC></page></contenus></analyseAlto>