<?xml version="1.0" encoding="UTF-8"?><analyseAlto xmlns:xlink="http://www.w3.org/1999/xlink" xmlns:mods="http://www.loc.gov/mods/v3" xmlns:mets="http://www.loc.gov/METS/" xmlns:alto="http://schema.ccs-gmbh.com/docworks/version20/alto-1-4.xsd"><metad><titre>Le Petit Parisien</titre><genre>PERIODIQUE</genre><dateEdition>15.11.1877</dateEdition><nbpages>4</nbpages></metad><ocr/><contenus><nbArticle>27</nbArticle><blocTab>1</blocTab><blocPub>6</blocPub><blocIllustration>0</blocIllustration><page><fichier>ALTO/18771115_1-0001.xml</fichier><nbString>3876</nbString><nbCar/><blocTexte>33</blocTexte><blocPub>1</blocPub><blocIllustration>0</blocIllustration><sommeWC>3020.909999999989</sommeWC></page><page><fichier>ALTO/18771115_1-0002.xml</fichier><nbString>4636</nbString><nbCar/><blocTexte>37</blocTexte><blocPub>0</blocPub><blocIllustration>0</blocIllustration><sommeWC>3532.769999999971</sommeWC></page><page><fichier>ALTO/18771115_1-0003.xml</fichier><nbString>4654</nbString><nbCar/><blocTexte>47</blocTexte><blocPub>1</blocPub><blocIllustration>0</blocIllustration><sommeWC>3661.929999999946</sommeWC></page><page><fichier>ALTO/18771115_1-0004.xml</fichier><nbString>5022</nbString><nbCar/><blocTexte>43</blocTexte><blocPub>4</blocPub><blocIllustration>0</blocIllustration><sommeWC>3454.7999999999847</sommeWC></page></contenus></analyseAlto>