<?xml version="1.0" encoding="UTF-8"?><analyseAlto xmlns:xlink="http://www.w3.org/1999/xlink" xmlns:mods="http://www.loc.gov/mods/v3" xmlns:mets="http://www.loc.gov/METS/" xmlns:alto="http://schema.ccs-gmbh.com/docworks/version20/alto-1-4.xsd"><metad><titre>Le Petit Parisien</titre><genre>PERIODIQUE</genre><dateEdition>11.12.1877</dateEdition><nbpages>4</nbpages></metad><ocr/><contenus><nbArticle>30</nbArticle><blocTab>1</blocTab><blocPub>12</blocPub><blocIllustration>0</blocIllustration><page><fichier>ALTO/18771211_1-0001.xml</fichier><nbString>3495</nbString><nbCar/><blocTexte>41</blocTexte><blocPub>2</blocPub><blocIllustration>0</blocIllustration><sommeWC>2632.0000000000095</sommeWC></page><page><fichier>ALTO/18771211_1-0002.xml</fichier><nbString>4175</nbString><nbCar/><blocTexte>48</blocTexte><blocPub>0</blocPub><blocIllustration>0</blocIllustration><sommeWC>3235.3599999999788</sommeWC></page><page><fichier>ALTO/18771211_1-0003.xml</fichier><nbString>4600</nbString><nbCar/><blocTexte>48</blocTexte><blocPub>1</blocPub><blocIllustration>0</blocIllustration><sommeWC>3483.939999999971</sommeWC></page><page><fichier>ALTO/18771211_1-0004.xml</fichier><nbString>4003</nbString><nbCar/><blocTexte>34</blocTexte><blocPub>9</blocPub><blocIllustration>0</blocIllustration><sommeWC>2749.9700000000003</sommeWC></page></contenus></analyseAlto>