<?xml version="1.0" encoding="UTF-8"?><analyseAlto xmlns:xlink="http://www.w3.org/1999/xlink" xmlns:mods="http://www.loc.gov/mods/v3" xmlns:mets="http://www.loc.gov/METS/" xmlns:alto="http://schema.ccs-gmbh.com/docworks/version20/alto-1-4.xsd"><metad><titre>Le Petit Parisien</titre><genre>PERIODIQUE</genre><dateEdition>18.05.1877</dateEdition><nbpages>4</nbpages></metad><ocr/><contenus><nbArticle>31</nbArticle><blocTab>1</blocTab><blocPub>12</blocPub><blocIllustration>0</blocIllustration><page><fichier>ALTO/18770518_1-0001.xml</fichier><nbString>3748</nbString><nbCar/><blocTexte>27</blocTexte><blocPub>2</blocPub><blocIllustration>0</blocIllustration><sommeWC>3013.5099999999875</sommeWC></page><page><fichier>ALTO/18770518_1-0002.xml</fichier><nbString>4380</nbString><nbCar/><blocTexte>33</blocTexte><blocPub>0</blocPub><blocIllustration>0</blocIllustration><sommeWC>3451.69999999996</sommeWC></page><page><fichier>ALTO/18770518_1-0003.xml</fichier><nbString>5139</nbString><nbCar/><blocTexte>50</blocTexte><blocPub>2</blocPub><blocIllustration>0</blocIllustration><sommeWC>4017.41999999993</sommeWC></page><page><fichier>ALTO/18770518_1-0004.xml</fichier><nbString>4208</nbString><nbCar/><blocTexte>43</blocTexte><blocPub>8</blocPub><blocIllustration>0</blocIllustration><sommeWC>2614.709999999999</sommeWC></page></contenus></analyseAlto>