<?xml version="1.0" encoding="UTF-8"?><analyseAlto xmlns:xlink="http://www.w3.org/1999/xlink" xmlns:mods="http://www.loc.gov/mods/v3" xmlns:mets="http://www.loc.gov/METS/" xmlns:alto="http://schema.ccs-gmbh.com/docworks/version20/alto-1-4.xsd"><metad><titre>Le Petit Parisien</titre><genre>PERIODIQUE</genre><dateEdition>19.09.1877</dateEdition><nbpages>4</nbpages></metad><ocr/><contenus><nbArticle>26</nbArticle><blocTab>5</blocTab><blocPub>10</blocPub><blocIllustration>0</blocIllustration><page><fichier>ALTO/18770919_1-0001.xml</fichier><nbString>3954</nbString><nbCar/><blocTexte>41</blocTexte><blocPub>1</blocPub><blocIllustration>0</blocIllustration><sommeWC>3179.019999999974</sommeWC></page><page><fichier>ALTO/18770919_1-0002.xml</fichier><nbString>4373</nbString><nbCar/><blocTexte>41</blocTexte><blocPub>0</blocPub><blocIllustration>0</blocIllustration><sommeWC>3541.7699999999404</sommeWC></page><page><fichier>ALTO/18770919_1-0003.xml</fichier><nbString>4325</nbString><nbCar/><blocTexte>45</blocTexte><blocPub>0</blocPub><blocIllustration>0</blocIllustration><sommeWC>3456.4499999999452</sommeWC></page><page><fichier>ALTO/18770919_1-0004.xml</fichier><nbString>4039</nbString><nbCar/><blocTexte>33</blocTexte><blocPub>9</blocPub><blocIllustration>0</blocIllustration><sommeWC>2685.949999999996</sommeWC></page></contenus></analyseAlto>