<?xml version="1.0" encoding="UTF-8"?><analyseAlto xmlns:xlink="http://www.w3.org/1999/xlink" xmlns:mods="http://www.loc.gov/mods/v3" xmlns:mets="http://www.loc.gov/METS/" xmlns:alto="http://schema.ccs-gmbh.com/docworks/version20/alto-1-4.xsd"><metad><titre>Le Petit Parisien</titre><genre>PERIODIQUE</genre><dateEdition>15.04.1877</dateEdition><nbpages>4</nbpages></metad><ocr/><contenus><nbArticle>32</nbArticle><blocTab>4</blocTab><blocPub>18</blocPub><blocIllustration>0</blocIllustration><page><fichier>ALTO/18770415_1-0001.xml</fichier><nbString>3853</nbString><nbCar/><blocTexte>46</blocTexte><blocPub>3</blocPub><blocIllustration>0</blocIllustration><sommeWC>3226.4199999999582</sommeWC></page><page><fichier>ALTO/18770415_1-0002.xml</fichier><nbString>4474</nbString><nbCar/><blocTexte>34</blocTexte><blocPub>0</blocPub><blocIllustration>0</blocIllustration><sommeWC>3636.0099999999557</sommeWC></page><page><fichier>ALTO/18770415_1-0003.xml</fichier><nbString>5117</nbString><nbCar/><blocTexte>41</blocTexte><blocPub>2</blocPub><blocIllustration>0</blocIllustration><sommeWC>4082.929999999935</sommeWC></page><page><fichier>ALTO/18770415_1-0004.xml</fichier><nbString>4166</nbString><nbCar/><blocTexte>43</blocTexte><blocPub>13</blocPub><blocIllustration>0</blocIllustration><sommeWC>2815.4399999999955</sommeWC></page></contenus></analyseAlto>