<?xml version="1.0" encoding="UTF-8"?><analyseAlto xmlns:xlink="http://www.w3.org/1999/xlink" xmlns:mods="http://www.loc.gov/mods/v3" xmlns:mets="http://www.loc.gov/METS/" xmlns:alto="http://schema.ccs-gmbh.com/docworks/version20/alto-1-4.xsd"><metad><titre>Le Petit Parisien</titre><genre>PERIODIQUE</genre><dateEdition>06.08.1877</dateEdition><nbpages>4</nbpages></metad><ocr/><contenus><nbArticle>29</nbArticle><blocTab>6</blocTab><blocPub>11</blocPub><blocIllustration>0</blocIllustration><page><fichier>ALTO/18770806_1-0001.xml</fichier><nbString>4108</nbString><nbCar/><blocTexte>40</blocTexte><blocPub>0</blocPub><blocIllustration>0</blocIllustration><sommeWC>3282.369999999959</sommeWC></page><page><fichier>ALTO/18770806_1-0002.xml</fichier><nbString>4636</nbString><nbCar/><blocTexte>45</blocTexte><blocPub>0</blocPub><blocIllustration>0</blocIllustration><sommeWC>3645.609999999947</sommeWC></page><page><fichier>ALTO/18770806_1-0003.xml</fichier><nbString>5622</nbString><nbCar/><blocTexte>25</blocTexte><blocPub>2</blocPub><blocIllustration>0</blocIllustration><sommeWC>4337.849999999916</sommeWC></page><page><fichier>ALTO/18770806_1-0004.xml</fichier><nbString>4009</nbString><nbCar/><blocTexte>45</blocTexte><blocPub>9</blocPub><blocIllustration>0</blocIllustration><sommeWC>2538.7400000000043</sommeWC></page></contenus></analyseAlto>