<?xml version="1.0" encoding="UTF-8"?><analyseAlto xmlns:xlink="http://www.w3.org/1999/xlink" xmlns:mods="http://www.loc.gov/mods/v3" xmlns:mets="http://www.loc.gov/METS/" xmlns:alto="http://schema.ccs-gmbh.com/docworks/version20/alto-1-4.xsd"><metad><titre>Le Petit Parisien</titre><genre>PERIODIQUE</genre><dateEdition>26.08.1877</dateEdition><nbpages>4</nbpages></metad><ocr/><contenus><nbArticle>31</nbArticle><blocTab>5</blocTab><blocPub>6</blocPub><blocIllustration>0</blocIllustration><page><fichier>ALTO/18770826_1-0001.xml</fichier><nbString>3655</nbString><nbCar/><blocTexte>53</blocTexte><blocPub>0</blocPub><blocIllustration>0</blocIllustration><sommeWC>2885.850000000004</sommeWC></page><page><fichier>ALTO/18770826_1-0002.xml</fichier><nbString>4344</nbString><nbCar/><blocTexte>40</blocTexte><blocPub>0</blocPub><blocIllustration>0</blocIllustration><sommeWC>3507.0799999999463</sommeWC></page><page><fichier>ALTO/18770826_1-0003.xml</fichier><nbString>5072</nbString><nbCar/><blocTexte>33</blocTexte><blocPub>2</blocPub><blocIllustration>0</blocIllustration><sommeWC>3960.7399999999407</sommeWC></page><page><fichier>ALTO/18770826_1-0004.xml</fichier><nbString>4454</nbString><nbCar/><blocTexte>31</blocTexte><blocPub>4</blocPub><blocIllustration>0</blocIllustration><sommeWC>2722.5700000000006</sommeWC></page></contenus></analyseAlto>