<?xml version="1.0" encoding="UTF-8"?><analyseAlto xmlns:xlink="http://www.w3.org/1999/xlink" xmlns:mods="http://www.loc.gov/mods/v3" xmlns:mets="http://www.loc.gov/METS/" xmlns:alto="http://schema.ccs-gmbh.com/docworks/version20/alto-1-4.xsd"><metad><titre>Le Petit Parisien</titre><genre>PERIODIQUE</genre><dateEdition>12.11.1877</dateEdition><nbpages>4</nbpages></metad><ocr/><contenus><nbArticle>26</nbArticle><blocTab>2</blocTab><blocPub>5</blocPub><blocIllustration>0</blocIllustration><page><fichier>ALTO/18771112_1-0001.xml</fichier><nbString>3315</nbString><nbCar/><blocTexte>54</blocTexte><blocPub>1</blocPub><blocIllustration>0</blocIllustration><sommeWC>2634.670000000002</sommeWC></page><page><fichier>ALTO/18771112_1-0002.xml</fichier><nbString>4561</nbString><nbCar/><blocTexte>25</blocTexte><blocPub>0</blocPub><blocIllustration>0</blocIllustration><sommeWC>3503.7799999999615</sommeWC></page><page><fichier>ALTO/18771112_1-0003.xml</fichier><nbString>4735</nbString><nbCar/><blocTexte>45</blocTexte><blocPub>0</blocPub><blocIllustration>0</blocIllustration><sommeWC>3507.899999999957</sommeWC></page><page><fichier>ALTO/18771112_1-0004.xml</fichier><nbString>4889</nbString><nbCar/><blocTexte>35</blocTexte><blocPub>4</blocPub><blocIllustration>0</blocIllustration><sommeWC>3153.4799999999886</sommeWC></page></contenus></analyseAlto>