<?xml version="1.0" encoding="UTF-8"?><analyseAlto xmlns:xlink="http://www.w3.org/1999/xlink" xmlns:mods="http://www.loc.gov/mods/v3" xmlns:mets="http://www.loc.gov/METS/" xmlns:alto="http://schema.ccs-gmbh.com/docworks/version20/alto-1-4.xsd"><metad><titre>Le Petit Parisien</titre><genre>PERIODIQUE</genre><dateEdition>15.12.1877</dateEdition><nbpages>4</nbpages></metad><ocr/><contenus><nbArticle>30</nbArticle><blocTab>3</blocTab><blocPub>7</blocPub><blocIllustration>0</blocIllustration><page><fichier>ALTO/18771215_1-0001.xml</fichier><nbString>2858</nbString><nbCar/><blocTexte>38</blocTexte><blocPub>1</blocPub><blocIllustration>0</blocIllustration><sommeWC>2259.7000000000276</sommeWC></page><page><fichier>ALTO/18771215_1-0002.xml</fichier><nbString>4262</nbString><nbCar/><blocTexte>52</blocTexte><blocPub>1</blocPub><blocIllustration>0</blocIllustration><sommeWC>3310.2399999999648</sommeWC></page><page><fichier>ALTO/18771215_1-0003.xml</fichier><nbString>4925</nbString><nbCar/><blocTexte>50</blocTexte><blocPub>1</blocPub><blocIllustration>0</blocIllustration><sommeWC>3840.2399999999375</sommeWC></page><page><fichier>ALTO/18771215_1-0004.xml</fichier><nbString>4456</nbString><nbCar/><blocTexte>31</blocTexte><blocPub>4</blocPub><blocIllustration>0</blocIllustration><sommeWC>2711.480000000002</sommeWC></page></contenus></analyseAlto>