<?xml version="1.0" encoding="UTF-8"?><analyseAlto xmlns:xlink="http://www.w3.org/1999/xlink" xmlns:mods="http://www.loc.gov/mods/v3" xmlns:mets="http://www.loc.gov/METS/" xmlns:alto="http://schema.ccs-gmbh.com/docworks/version20/alto-1-4.xsd"><metad><titre>Le Petit Parisien</titre><genre>PERIODIQUE</genre><dateEdition>13.11.1877</dateEdition><nbpages>4</nbpages></metad><ocr/><contenus><nbArticle>23</nbArticle><blocTab>2</blocTab><blocPub>4</blocPub><blocIllustration>0</blocIllustration><page><fichier>ALTO/18771113_1-0001.xml</fichier><nbString>3557</nbString><nbCar/><blocTexte>39</blocTexte><blocPub>1</blocPub><blocIllustration>0</blocIllustration><sommeWC>2772.8300000000045</sommeWC></page><page><fichier>ALTO/18771113_1-0002.xml</fichier><nbString>4314</nbString><nbCar/><blocTexte>45</blocTexte><blocPub>0</blocPub><blocIllustration>0</blocIllustration><sommeWC>3278.649999999971</sommeWC></page><page><fichier>ALTO/18771113_1-0003.xml</fichier><nbString>4272</nbString><nbCar/><blocTexte>33</blocTexte><blocPub>0</blocPub><blocIllustration>0</blocIllustration><sommeWC>3022.2600000000025</sommeWC></page><page><fichier>ALTO/18771113_1-0004.xml</fichier><nbString>4541</nbString><nbCar/><blocTexte>44</blocTexte><blocPub>3</blocPub><blocIllustration>0</blocIllustration><sommeWC>3189.8099999999863</sommeWC></page></contenus></analyseAlto>