<?xml version="1.0" encoding="UTF-8"?><analyseAlto xmlns:xlink="http://www.w3.org/1999/xlink" xmlns:mods="http://www.loc.gov/mods/v3" xmlns:mets="http://www.loc.gov/METS/" xmlns:alto="http://schema.ccs-gmbh.com/docworks/version20/alto-1-4.xsd"><metad><titre>Le Petit Parisien</titre><genre>PERIODIQUE</genre><dateEdition>21.02.1877</dateEdition><nbpages>4</nbpages></metad><ocr/><contenus><nbArticle>29</nbArticle><blocTab>4</blocTab><blocPub>9</blocPub><blocIllustration>0</blocIllustration><page><fichier>ALTO/18770221_1-0001.xml</fichier><nbString>3431</nbString><nbCar/><blocTexte>46</blocTexte><blocPub>1</blocPub><blocIllustration>0</blocIllustration><sommeWC>2792.329999999989</sommeWC></page><page><fichier>ALTO/18770221_1-0002.xml</fichier><nbString>4424</nbString><nbCar/><blocTexte>44</blocTexte><blocPub>0</blocPub><blocIllustration>0</blocIllustration><sommeWC>3577.5199999999513</sommeWC></page><page><fichier>ALTO/18770221_1-0003.xml</fichier><nbString>4669</nbString><nbCar/><blocTexte>39</blocTexte><blocPub>1</blocPub><blocIllustration>0</blocIllustration><sommeWC>3721.329999999943</sommeWC></page><page><fichier>ALTO/18770221_1-0004.xml</fichier><nbString>3773</nbString><nbCar/><blocTexte>42</blocTexte><blocPub>7</blocPub><blocIllustration>0</blocIllustration><sommeWC>2625.9500000000035</sommeWC></page></contenus></analyseAlto>