<?xml version="1.0" encoding="UTF-8"?><analyseAlto xmlns:xlink="http://www.w3.org/1999/xlink" xmlns:mods="http://www.loc.gov/mods/v3" xmlns:mets="http://www.loc.gov/METS/" xmlns:alto="http://schema.ccs-gmbh.com/docworks/version20/alto-1-4.xsd"><metad><titre>Le Petit Parisien</titre><genre>PERIODIQUE</genre><dateEdition>11.03.1877</dateEdition><nbpages>4</nbpages></metad><ocr/><contenus><nbArticle>28</nbArticle><blocTab>4</blocTab><blocPub>12</blocPub><blocIllustration>0</blocIllustration><page><fichier>ALTO/18770311_1-0001.xml</fichier><nbString>3821</nbString><nbCar/><blocTexte>44</blocTexte><blocPub>3</blocPub><blocIllustration>0</blocIllustration><sommeWC>3008.9599999999855</sommeWC></page><page><fichier>ALTO/18770311_1-0002.xml</fichier><nbString>4701</nbString><nbCar/><blocTexte>30</blocTexte><blocPub>1</blocPub><blocIllustration>0</blocIllustration><sommeWC>3672.689999999953</sommeWC></page><page><fichier>ALTO/18770311_1-0003.xml</fichier><nbString>6781</nbString><nbCar/><blocTexte>5</blocTexte><blocPub>0</blocPub><blocIllustration>0</blocIllustration><sommeWC>5342.0299999998715</sommeWC></page><page><fichier>ALTO/18770311_1-0004.xml</fichier><nbString>4005</nbString><nbCar/><blocTexte>41</blocTexte><blocPub>8</blocPub><blocIllustration>0</blocIllustration><sommeWC>2814.2200000000043</sommeWC></page></contenus></analyseAlto>