<?xml version="1.0" encoding="UTF-8"?><analyseAlto xmlns:xlink="http://www.w3.org/1999/xlink" xmlns:mods="http://www.loc.gov/mods/v3" xmlns:mets="http://www.loc.gov/METS/" xmlns:alto="http://schema.ccs-gmbh.com/docworks/version20/alto-1-4.xsd"><metad><titre>Le Petit Parisien</titre><genre>PERIODIQUE</genre><dateEdition>02.11.1877</dateEdition><nbpages>4</nbpages></metad><ocr/><contenus><nbArticle>24</nbArticle><blocTab>2</blocTab><blocPub>5</blocPub><blocIllustration>0</blocIllustration><page><fichier>ALTO/18771102_1-0001.xml</fichier><nbString>3720</nbString><nbCar/><blocTexte>40</blocTexte><blocPub>1</blocPub><blocIllustration>0</blocIllustration><sommeWC>2922.469999999989</sommeWC></page><page><fichier>ALTO/18771102_1-0002.xml</fichier><nbString>4194</nbString><nbCar/><blocTexte>48</blocTexte><blocPub>0</blocPub><blocIllustration>0</blocIllustration><sommeWC>3279.369999999974</sommeWC></page><page><fichier>ALTO/18771102_1-0003.xml</fichier><nbString>5107</nbString><nbCar/><blocTexte>43</blocTexte><blocPub>0</blocPub><blocIllustration>0</blocIllustration><sommeWC>3863.1699999999523</sommeWC></page><page><fichier>ALTO/18771102_1-0004.xml</fichier><nbString>3258</nbString><nbCar/><blocTexte>42</blocTexte><blocPub>4</blocPub><blocIllustration>0</blocIllustration><sommeWC>2211.6800000000267</sommeWC></page></contenus></analyseAlto>