<?xml version="1.0" encoding="UTF-8"?><analyseAlto xmlns:xlink="http://www.w3.org/1999/xlink" xmlns:mods="http://www.loc.gov/mods/v3" xmlns:mets="http://www.loc.gov/METS/" xmlns:alto="http://schema.ccs-gmbh.com/docworks/version20/alto-1-4.xsd"><metad><titre>Le Petit Parisien</titre><genre>PERIODIQUE</genre><dateEdition>20.01.1877</dateEdition><nbpages>4</nbpages></metad><ocr/><contenus><nbArticle>21</nbArticle><blocTab>1</blocTab><blocPub>11</blocPub><blocIllustration>0</blocIllustration><page><fichier>ALTO/18770120_1-0001.xml</fichier><nbString>3823</nbString><nbCar/><blocTexte>40</blocTexte><blocPub>5</blocPub><blocIllustration>0</blocIllustration><sommeWC>3119.9099999999735</sommeWC></page><page><fichier>ALTO/18770120_1-0002.xml</fichier><nbString>4121</nbString><nbCar/><blocTexte>37</blocTexte><blocPub>0</blocPub><blocIllustration>0</blocIllustration><sommeWC>3324.1999999999684</sommeWC></page><page><fichier>ALTO/18770120_1-0003.xml</fichier><nbString>4766</nbString><nbCar/><blocTexte>31</blocTexte><blocPub>2</blocPub><blocIllustration>0</blocIllustration><sommeWC>3859.2299999999336</sommeWC></page><page><fichier>ALTO/18770120_1-0004.xml</fichier><nbString>4498</nbString><nbCar/><blocTexte>43</blocTexte><blocPub>4</blocPub><blocIllustration>0</blocIllustration><sommeWC>3174.489999999974</sommeWC></page></contenus></analyseAlto>