<?xml version="1.0" encoding="UTF-8"?><analyseAlto xmlns:xlink="http://www.w3.org/1999/xlink" xmlns:mods="http://www.loc.gov/mods/v3" xmlns:mets="http://www.loc.gov/METS/" xmlns:alto="http://schema.ccs-gmbh.com/docworks/version20/alto-1-4.xsd"><metad><titre>Le Petit Parisien</titre><genre>PERIODIQUE</genre><dateEdition>26.12.1877</dateEdition><nbpages>4</nbpages></metad><ocr/><contenus><nbArticle>26</nbArticle><blocTab>1</blocTab><blocPub>14</blocPub><blocIllustration>0</blocIllustration><page><fichier>ALTO/18771226_1-0001.xml</fichier><nbString>3508</nbString><nbCar/><blocTexte>42</blocTexte><blocPub>2</blocPub><blocIllustration>0</blocIllustration><sommeWC>2768.53</sommeWC></page><page><fichier>ALTO/18771226_1-0002.xml</fichier><nbString>4222</nbString><nbCar/><blocTexte>30</blocTexte><blocPub>0</blocPub><blocIllustration>0</blocIllustration><sommeWC>3469.6899999999487</sommeWC></page><page><fichier>ALTO/18771226_1-0003.xml</fichier><nbString>4377</nbString><nbCar/><blocTexte>48</blocTexte><blocPub>2</blocPub><blocIllustration>0</blocIllustration><sommeWC>3394.979999999963</sommeWC></page><page><fichier>ALTO/18771226_1-0004.xml</fichier><nbString>3475</nbString><nbCar/><blocTexte>21</blocTexte><blocPub>10</blocPub><blocIllustration>0</blocIllustration><sommeWC>2032.1900000000317</sommeWC></page></contenus></analyseAlto>