<?xml version="1.0" encoding="UTF-8"?><analyseAlto xmlns:xlink="http://www.w3.org/1999/xlink" xmlns:mods="http://www.loc.gov/mods/v3" xmlns:mets="http://www.loc.gov/METS/" xmlns:alto="http://schema.ccs-gmbh.com/docworks/version20/alto-1-4.xsd"><metad><titre>Le Petit Parisien</titre><genre>PERIODIQUE</genre><dateEdition>07.02.1877</dateEdition><nbpages>4</nbpages></metad><ocr/><contenus><nbArticle>25</nbArticle><blocTab>4</blocTab><blocPub>10</blocPub><blocIllustration>0</blocIllustration><page><fichier>ALTO/18770207_1-0001.xml</fichier><nbString>3703</nbString><nbCar/><blocTexte>42</blocTexte><blocPub>1</blocPub><blocIllustration>0</blocIllustration><sommeWC>2936.3499999999894</sommeWC></page><page><fichier>ALTO/18770207_1-0002.xml</fichier><nbString>4576</nbString><nbCar/><blocTexte>42</blocTexte><blocPub>0</blocPub><blocIllustration>0</blocIllustration><sommeWC>3591.299999999947</sommeWC></page><page><fichier>ALTO/18770207_1-0003.xml</fichier><nbString>4576</nbString><nbCar/><blocTexte>44</blocTexte><blocPub>0</blocPub><blocIllustration>0</blocIllustration><sommeWC>3597.149999999947</sommeWC></page><page><fichier>ALTO/18770207_1-0004.xml</fichier><nbString>4364</nbString><nbCar/><blocTexte>41</blocTexte><blocPub>9</blocPub><blocIllustration>0</blocIllustration><sommeWC>2981.2499999999773</sommeWC></page></contenus></analyseAlto>