<?xml version="1.0" encoding="UTF-8"?><analyseAlto xmlns:xlink="http://www.w3.org/1999/xlink" xmlns:mods="http://www.loc.gov/mods/v3" xmlns:mets="http://www.loc.gov/METS/" xmlns:alto="http://schema.ccs-gmbh.com/docworks/version20/alto-1-4.xsd"><metad><titre>Le Petit Parisien</titre><genre>PERIODIQUE</genre><dateEdition>27.09.1877</dateEdition><nbpages>4</nbpages></metad><ocr/><contenus><nbArticle>26</nbArticle><blocTab>5</blocTab><blocPub>9</blocPub><blocIllustration>0</blocIllustration><page><fichier>ALTO/18770927_1-0001.xml</fichier><nbString>3445</nbString><nbCar/><blocTexte>43</blocTexte><blocPub>1</blocPub><blocIllustration>0</blocIllustration><sommeWC>2783.739999999991</sommeWC></page><page><fichier>ALTO/18770927_1-0002.xml</fichier><nbString>4385</nbString><nbCar/><blocTexte>37</blocTexte><blocPub>0</blocPub><blocIllustration>0</blocIllustration><sommeWC>3369.059999999972</sommeWC></page><page><fichier>ALTO/18770927_1-0003.xml</fichier><nbString>4713</nbString><nbCar/><blocTexte>32</blocTexte><blocPub>2</blocPub><blocIllustration>0</blocIllustration><sommeWC>3405.26999999997</sommeWC></page><page><fichier>ALTO/18770927_1-0004.xml</fichier><nbString>11010</nbString><nbCar/><blocTexte>36</blocTexte><blocPub>6</blocPub><blocIllustration>0</blocIllustration><sommeWC>7159.789999999716</sommeWC></page></contenus></analyseAlto>