<?xml version="1.0" encoding="UTF-8"?><analyseAlto xmlns:xlink="http://www.w3.org/1999/xlink" xmlns:mods="http://www.loc.gov/mods/v3" xmlns:mets="http://www.loc.gov/METS/" xmlns:alto="http://schema.ccs-gmbh.com/docworks/version20/alto-1-4.xsd"><metad><titre>Le Petit Parisien</titre><genre>PERIODIQUE</genre><dateEdition>13.01.1877</dateEdition><nbpages>4</nbpages></metad><ocr/><contenus><nbArticle>22</nbArticle><blocTab>1</blocTab><blocPub>14</blocPub><blocIllustration>0</blocIllustration><page><fichier>ALTO/18770113_1-0001.xml</fichier><nbString>3677</nbString><nbCar/><blocTexte>37</blocTexte><blocPub>6</blocPub><blocIllustration>0</blocIllustration><sommeWC>2960.849999999981</sommeWC></page><page><fichier>ALTO/18770113_1-0002.xml</fichier><nbString>4360</nbString><nbCar/><blocTexte>33</blocTexte><blocPub>0</blocPub><blocIllustration>0</blocIllustration><sommeWC>3491.4699999999525</sommeWC></page><page><fichier>ALTO/18770113_1-0003.xml</fichier><nbString>4605</nbString><nbCar/><blocTexte>53</blocTexte><blocPub>1</blocPub><blocIllustration>0</blocIllustration><sommeWC>3700.3099999999567</sommeWC></page><page><fichier>ALTO/18770113_1-0004.xml</fichier><nbString>4224</nbString><nbCar/><blocTexte>35</blocTexte><blocPub>7</blocPub><blocIllustration>0</blocIllustration><sommeWC>2951.679999999986</sommeWC></page></contenus></analyseAlto>