<?xml version="1.0" encoding="UTF-8"?><analyseAlto xmlns:xlink="http://www.w3.org/1999/xlink" xmlns:mods="http://www.loc.gov/mods/v3" xmlns:mets="http://www.loc.gov/METS/" xmlns:alto="http://schema.ccs-gmbh.com/docworks/version20/alto-1-4.xsd"><metad><titre>Le Petit Parisien</titre><genre>PERIODIQUE</genre><dateEdition>20.03.1877</dateEdition><nbpages>4</nbpages></metad><ocr/><contenus><nbArticle>20</nbArticle><blocTab>1</blocTab><blocPub>13</blocPub><blocIllustration>0</blocIllustration><page><fichier>ALTO/18770320_1-0001.xml</fichier><nbString>3942</nbString><nbCar/><blocTexte>40</blocTexte><blocPub>1</blocPub><blocIllustration>0</blocIllustration><sommeWC>3230.0099999999657</sommeWC></page><page><fichier>ALTO/18770320_1-0002.xml</fichier><nbString>4753</nbString><nbCar/><blocTexte>26</blocTexte><blocPub>0</blocPub><blocIllustration>0</blocIllustration><sommeWC>3876.9799999999223</sommeWC></page><page><fichier>ALTO/18770320_1-0003.xml</fichier><nbString>5254</nbString><nbCar/><blocTexte>46</blocTexte><blocPub>1</blocPub><blocIllustration>0</blocIllustration><sommeWC>4077.4999999999345</sommeWC></page><page><fichier>ALTO/18770320_1-0004.xml</fichier><nbString>4101</nbString><nbCar/><blocTexte>26</blocTexte><blocPub>11</blocPub><blocIllustration>0</blocIllustration><sommeWC>3201.649999999979</sommeWC></page></contenus></analyseAlto>