<?xml version="1.0" encoding="UTF-8"?><analyseAlto xmlns:xlink="http://www.w3.org/1999/xlink" xmlns:mods="http://www.loc.gov/mods/v3" xmlns:mets="http://www.loc.gov/METS/" xmlns:alto="http://schema.ccs-gmbh.com/docworks/version20/alto-1-4.xsd"><metad><titre>Le Petit Parisien</titre><genre>PERIODIQUE</genre><dateEdition>12.12.1877</dateEdition><nbpages>4</nbpages></metad><ocr/><contenus><nbArticle>31</nbArticle><blocTab>1</blocTab><blocPub>12</blocPub><blocIllustration>0</blocIllustration><page><fichier>ALTO/18771212_1-0001.xml</fichier><nbString>3588</nbString><nbCar/><blocTexte>37</blocTexte><blocPub>2</blocPub><blocIllustration>0</blocIllustration><sommeWC>2903.569999999992</sommeWC></page><page><fichier>ALTO/18771212_1-0002.xml</fichier><nbString>4285</nbString><nbCar/><blocTexte>43</blocTexte><blocPub>0</blocPub><blocIllustration>0</blocIllustration><sommeWC>3165.9999999999786</sommeWC></page><page><fichier>ALTO/18771212_1-0003.xml</fichier><nbString>4737</nbString><nbCar/><blocTexte>47</blocTexte><blocPub>1</blocPub><blocIllustration>0</blocIllustration><sommeWC>3432.9599999999705</sommeWC></page><page><fichier>ALTO/18771212_1-0004.xml</fichier><nbString>3581</nbString><nbCar/><blocTexte>38</blocTexte><blocPub>9</blocPub><blocIllustration>0</blocIllustration><sommeWC>2225.7100000000164</sommeWC></page></contenus></analyseAlto>