<?xml version="1.0" encoding="UTF-8"?><analyseAlto xmlns:xlink="http://www.w3.org/1999/xlink" xmlns:mods="http://www.loc.gov/mods/v3" xmlns:mets="http://www.loc.gov/METS/" xmlns:alto="http://schema.ccs-gmbh.com/docworks/version20/alto-1-4.xsd"><metad><titre>Le Petit Parisien</titre><genre>PERIODIQUE</genre><dateEdition>18.11.1877</dateEdition><nbpages>4</nbpages></metad><ocr/><contenus><nbArticle>28</nbArticle><blocTab>1</blocTab><blocPub>5</blocPub><blocIllustration>0</blocIllustration><page><fichier>ALTO/18771118_1-0001.xml</fichier><nbString>3521</nbString><nbCar/><blocTexte>49</blocTexte><blocPub>1</blocPub><blocIllustration>0</blocIllustration><sommeWC>2655.660000000002</sommeWC></page><page><fichier>ALTO/18771118_1-0002.xml</fichier><nbString>4193</nbString><nbCar/><blocTexte>37</blocTexte><blocPub>0</blocPub><blocIllustration>0</blocIllustration><sommeWC>3231.3199999999665</sommeWC></page><page><fichier>ALTO/18771118_1-0003.xml</fichier><nbString>4617</nbString><nbCar/><blocTexte>49</blocTexte><blocPub>0</blocPub><blocIllustration>0</blocIllustration><sommeWC>3578.089999999953</sommeWC></page><page><fichier>ALTO/18771118_1-0004.xml</fichier><nbString>4952</nbString><nbCar/><blocTexte>40</blocTexte><blocPub>4</blocPub><blocIllustration>0</blocIllustration><sommeWC>3303.8100000000054</sommeWC></page></contenus></analyseAlto>