<?xml version="1.0" encoding="UTF-8"?><analyseAlto xmlns:xlink="http://www.w3.org/1999/xlink" xmlns:mods="http://www.loc.gov/mods/v3" xmlns:mets="http://www.loc.gov/METS/" xmlns:alto="http://schema.ccs-gmbh.com/docworks/version20/alto-1-4.xsd"><metad><titre>Le Petit Parisien</titre><genre>PERIODIQUE</genre><dateEdition>17.06.1877</dateEdition><nbpages>4</nbpages></metad><ocr/><contenus><nbArticle>34</nbArticle><blocTab>1</blocTab><blocPub>27</blocPub><blocIllustration>0</blocIllustration><page><fichier>ALTO/18770617_1-0001.xml</fichier><nbString>3922</nbString><nbCar/><blocTexte>44</blocTexte><blocPub>2</blocPub><blocIllustration>0</blocIllustration><sommeWC>3214.2299999999627</sommeWC></page><page><fichier>ALTO/18770617_1-0002.xml</fichier><nbString>4670</nbString><nbCar/><blocTexte>41</blocTexte><blocPub>0</blocPub><blocIllustration>0</blocIllustration><sommeWC>3689.9899999999448</sommeWC></page><page><fichier>ALTO/18770617_1-0003.xml</fichier><nbString>5073</nbString><nbCar/><blocTexte>50</blocTexte><blocPub>4</blocPub><blocIllustration>0</blocIllustration><sommeWC>4005.1399999999253</sommeWC></page><page><fichier>ALTO/18770617_1-0004.xml</fichier><nbString>3720</nbString><nbCar/><blocTexte>73</blocTexte><blocPub>21</blocPub><blocIllustration>0</blocIllustration><sommeWC>2501.970000000014</sommeWC></page></contenus></analyseAlto>