<?xml version="1.0" encoding="UTF-8"?><analyseAlto xmlns:xlink="http://www.w3.org/1999/xlink" xmlns:mods="http://www.loc.gov/mods/v3" xmlns:mets="http://www.loc.gov/METS/" xmlns:alto="http://schema.ccs-gmbh.com/docworks/version20/alto-1-4.xsd"><metad><titre>Le Petit Parisien</titre><genre>PERIODIQUE</genre><dateEdition>27.10.1877</dateEdition><nbpages>4</nbpages></metad><ocr/><contenus><nbArticle>23</nbArticle><blocTab>3</blocTab><blocPub>3</blocPub><blocIllustration>0</blocIllustration><page><fichier>ALTO/18771027_1-0001.xml</fichier><nbString>3743</nbString><nbCar/><blocTexte>41</blocTexte><blocPub>1</blocPub><blocIllustration>0</blocIllustration><sommeWC>2895.0699999999956</sommeWC></page><page><fichier>ALTO/18771027_1-0002.xml</fichier><nbString>5087</nbString><nbCar/><blocTexte>30</blocTexte><blocPub>0</blocPub><blocIllustration>0</blocIllustration><sommeWC>3826.3899999999358</sommeWC></page><page><fichier>ALTO/18771027_1-0003.xml</fichier><nbString>4743</nbString><nbCar/><blocTexte>47</blocTexte><blocPub>0</blocPub><blocIllustration>0</blocIllustration><sommeWC>3587.819999999957</sommeWC></page><page><fichier>ALTO/18771027_1-0004.xml</fichier><nbString>4658</nbString><nbCar/><blocTexte>39</blocTexte><blocPub>2</blocPub><blocIllustration>0</blocIllustration><sommeWC>2897.2600000000193</sommeWC></page></contenus></analyseAlto>