<?xml version="1.0" encoding="UTF-8"?><analyseAlto xmlns:xlink="http://www.w3.org/1999/xlink" xmlns:mods="http://www.loc.gov/mods/v3" xmlns:mets="http://www.loc.gov/METS/" xmlns:alto="http://schema.ccs-gmbh.com/docworks/version20/alto-1-4.xsd"><metad><titre>Le Petit Parisien</titre><genre>PERIODIQUE</genre><dateEdition>09.04.1877</dateEdition><nbpages>4</nbpages></metad><ocr/><contenus><nbArticle>29</nbArticle><blocTab>8</blocTab><blocPub>18</blocPub><blocIllustration>0</blocIllustration><page><fichier>ALTO/18770409_1-0001.xml</fichier><nbString>4086</nbString><nbCar/><blocTexte>34</blocTexte><blocPub>1</blocPub><blocIllustration>0</blocIllustration><sommeWC>3259.0199999999677</sommeWC></page><page><fichier>ALTO/18770409_1-0002.xml</fichier><nbString>4746</nbString><nbCar/><blocTexte>40</blocTexte><blocPub>0</blocPub><blocIllustration>0</blocIllustration><sommeWC>3706.3499999999353</sommeWC></page><page><fichier>ALTO/18770409_1-0003.xml</fichier><nbString>6651</nbString><nbCar/><blocTexte>47</blocTexte><blocPub>4</blocPub><blocIllustration>0</blocIllustration><sommeWC>4871.16999999988</sommeWC></page><page><fichier>ALTO/18770409_1-0004.xml</fichier><nbString>3861</nbString><nbCar/><blocTexte>36</blocTexte><blocPub>13</blocPub><blocIllustration>0</blocIllustration><sommeWC>2471.0200000000114</sommeWC></page></contenus></analyseAlto>