<?xml version="1.0" encoding="UTF-8"?><analyseAlto xmlns:xlink="http://www.w3.org/1999/xlink" xmlns:mods="http://www.loc.gov/mods/v3" xmlns:mets="http://www.loc.gov/METS/" xmlns:alto="http://schema.ccs-gmbh.com/docworks/version20/alto-1-4.xsd"><metad><titre>Le Petit Parisien</titre><genre>PERIODIQUE</genre><dateEdition>19.05.1877</dateEdition><nbpages>4</nbpages></metad><ocr/><contenus><nbArticle>31</nbArticle><blocTab>1</blocTab><blocPub>11</blocPub><blocIllustration>0</blocIllustration><page><fichier>ALTO/18770519_1-0001.xml</fichier><nbString>3869</nbString><nbCar/><blocTexte>28</blocTexte><blocPub>1</blocPub><blocIllustration>0</blocIllustration><sommeWC>3083.6199999999817</sommeWC></page><page><fichier>ALTO/18770519_1-0002.xml</fichier><nbString>4444</nbString><nbCar/><blocTexte>46</blocTexte><blocPub>0</blocPub><blocIllustration>0</blocIllustration><sommeWC>3524.4799999999523</sommeWC></page><page><fichier>ALTO/18770519_1-0003.xml</fichier><nbString>5178</nbString><nbCar/><blocTexte>31</blocTexte><blocPub>0</blocPub><blocIllustration>0</blocIllustration><sommeWC>4065.6799999999275</sommeWC></page><page><fichier>ALTO/18770519_1-0004.xml</fichier><nbString>4303</nbString><nbCar/><blocTexte>45</blocTexte><blocPub>10</blocPub><blocIllustration>0</blocIllustration><sommeWC>2847.490000000003</sommeWC></page></contenus></analyseAlto>