<?xml version="1.0" encoding="UTF-8"?><analyseAlto xmlns:xlink="http://www.w3.org/1999/xlink" xmlns:mods="http://www.loc.gov/mods/v3" xmlns:mets="http://www.loc.gov/METS/" xmlns:alto="http://schema.ccs-gmbh.com/docworks/version20/alto-1-4.xsd"><metad><titre>Le Petit Parisien</titre><genre>PERIODIQUE</genre><dateEdition>23.11.1877</dateEdition><nbpages>4</nbpages></metad><ocr/><contenus><nbArticle>21</nbArticle><blocTab>3</blocTab><blocPub>11</blocPub><blocIllustration>0</blocIllustration><page><fichier>ALTO/18771123_1-0001.xml</fichier><nbString>3678</nbString><nbCar/><blocTexte>45</blocTexte><blocPub>1</blocPub><blocIllustration>0</blocIllustration><sommeWC>2899.959999999982</sommeWC></page><page><fichier>ALTO/18771123_1-0002.xml</fichier><nbString>4336</nbString><nbCar/><blocTexte>42</blocTexte><blocPub>0</blocPub><blocIllustration>0</blocIllustration><sommeWC>3332.3799999999706</sommeWC></page><page><fichier>ALTO/18771123_1-0003.xml</fichier><nbString>5274</nbString><nbCar/><blocTexte>30</blocTexte><blocPub>1</blocPub><blocIllustration>0</blocIllustration><sommeWC>4000.2899999999377</sommeWC></page><page><fichier>ALTO/18771123_1-0004.xml</fichier><nbString>3761</nbString><nbCar/><blocTexte>32</blocTexte><blocPub>9</blocPub><blocIllustration>0</blocIllustration><sommeWC>2267.910000000012</sommeWC></page></contenus></analyseAlto>