<?xml version="1.0" encoding="UTF-8"?><analyseAlto xmlns:xlink="http://www.w3.org/1999/xlink" xmlns:mods="http://www.loc.gov/mods/v3" xmlns:mets="http://www.loc.gov/METS/" xmlns:alto="http://schema.ccs-gmbh.com/docworks/version20/alto-1-4.xsd"><metad><titre>Le Petit Parisien</titre><genre>PERIODIQUE</genre><dateEdition>21.04.1877</dateEdition><nbpages>4</nbpages></metad><ocr/><contenus><nbArticle>27</nbArticle><blocTab>4</blocTab><blocPub>18</blocPub><blocIllustration>0</blocIllustration><page><fichier>ALTO/18770421_1-0001.xml</fichier><nbString>3906</nbString><nbCar/><blocTexte>34</blocTexte><blocPub>2</blocPub><blocIllustration>0</blocIllustration><sommeWC>3195.849999999963</sommeWC></page><page><fichier>ALTO/18770421_1-0002.xml</fichier><nbString>4595</nbString><nbCar/><blocTexte>36</blocTexte><blocPub>0</blocPub><blocIllustration>0</blocIllustration><sommeWC>3756.3899999999185</sommeWC></page><page><fichier>ALTO/18770421_1-0003.xml</fichier><nbString>4949</nbString><nbCar/><blocTexte>40</blocTexte><blocPub>2</blocPub><blocIllustration>0</blocIllustration><sommeWC>4048.029999999907</sommeWC></page><page><fichier>ALTO/18770421_1-0004.xml</fichier><nbString>3375</nbString><nbCar/><blocTexte>32</blocTexte><blocPub>14</blocPub><blocIllustration>0</blocIllustration><sommeWC>2162.4000000000215</sommeWC></page></contenus></analyseAlto>