<?xml version="1.0" encoding="UTF-8"?><analyseAlto xmlns:xlink="http://www.w3.org/1999/xlink" xmlns:mods="http://www.loc.gov/mods/v3" xmlns:mets="http://www.loc.gov/METS/" xmlns:alto="http://schema.ccs-gmbh.com/docworks/version20/alto-1-4.xsd"><metad><titre>Le Petit Parisien</titre><genre>PERIODIQUE</genre><dateEdition>22.04.1877</dateEdition><nbpages>4</nbpages></metad><ocr/><contenus><nbArticle>30</nbArticle><blocTab>5</blocTab><blocPub>12</blocPub><blocIllustration>0</blocIllustration><page><fichier>ALTO/18770422_1-0001.xml</fichier><nbString>4154</nbString><nbCar/><blocTexte>40</blocTexte><blocPub>1</blocPub><blocIllustration>0</blocIllustration><sommeWC>3348.649999999954</sommeWC></page><page><fichier>ALTO/18770422_1-0002.xml</fichier><nbString>4464</nbString><nbCar/><blocTexte>41</blocTexte><blocPub>0</blocPub><blocIllustration>0</blocIllustration><sommeWC>3641.2499999999486</sommeWC></page><page><fichier>ALTO/18770422_1-0003.xml</fichier><nbString>5060</nbString><nbCar/><blocTexte>37</blocTexte><blocPub>1</blocPub><blocIllustration>0</blocIllustration><sommeWC>4108.4299999999175</sommeWC></page><page><fichier>ALTO/18770422_1-0004.xml</fichier><nbString>3476</nbString><nbCar/><blocTexte>36</blocTexte><blocPub>10</blocPub><blocIllustration>0</blocIllustration><sommeWC>2274.720000000019</sommeWC></page></contenus></analyseAlto>