<?xml version="1.0" encoding="UTF-8"?><analyseAlto xmlns:xlink="http://www.w3.org/1999/xlink" xmlns:mods="http://www.loc.gov/mods/v3" xmlns:mets="http://www.loc.gov/METS/" xmlns:alto="http://schema.ccs-gmbh.com/docworks/version20/alto-1-4.xsd"><metad><titre>Le Petit Parisien</titre><genre>PERIODIQUE</genre><dateEdition>26.11.1877</dateEdition><nbpages>4</nbpages></metad><ocr/><contenus><nbArticle>30</nbArticle><blocTab>3</blocTab><blocPub>9</blocPub><blocIllustration>0</blocIllustration><page><fichier>ALTO/18771126_1-0001.xml</fichier><nbString>3401</nbString><nbCar/><blocTexte>37</blocTexte><blocPub>1</blocPub><blocIllustration>0</blocIllustration><sommeWC>2618.120000000009</sommeWC></page><page><fichier>ALTO/18771126_1-0002.xml</fichier><nbString>4381</nbString><nbCar/><blocTexte>40</blocTexte><blocPub>0</blocPub><blocIllustration>0</blocIllustration><sommeWC>3449.3799999999665</sommeWC></page><page><fichier>ALTO/18771126_1-0003.xml</fichier><nbString>4267</nbString><nbCar/><blocTexte>46</blocTexte><blocPub>1</blocPub><blocIllustration>0</blocIllustration><sommeWC>3279.4599999999723</sommeWC></page><page><fichier>ALTO/18771126_1-0004.xml</fichier><nbString>4079</nbString><nbCar/><blocTexte>42</blocTexte><blocPub>7</blocPub><blocIllustration>0</blocIllustration><sommeWC>2582.5800000000168</sommeWC></page></contenus></analyseAlto>