<?xml version="1.0" encoding="UTF-8"?><analyseAlto xmlns:xlink="http://www.w3.org/1999/xlink" xmlns:mods="http://www.loc.gov/mods/v3" xmlns:mets="http://www.loc.gov/METS/" xmlns:alto="http://schema.ccs-gmbh.com/docworks/version20/alto-1-4.xsd"><metad><titre>Le Petit Parisien</titre><genre>PERIODIQUE</genre><dateEdition>17.01.1877</dateEdition><nbpages>4</nbpages></metad><ocr/><contenus><nbArticle>26</nbArticle><blocTab>2</blocTab><blocPub>10</blocPub><blocIllustration>0</blocIllustration><page><fichier>ALTO/18770117_1-0001.xml</fichier><nbString>3629</nbString><nbCar/><blocTexte>45</blocTexte><blocPub>5</blocPub><blocIllustration>0</blocIllustration><sommeWC>2728.8300000000027</sommeWC></page><page><fichier>ALTO/18770117_1-0002.xml</fichier><nbString>4312</nbString><nbCar/><blocTexte>35</blocTexte><blocPub>0</blocPub><blocIllustration>0</blocIllustration><sommeWC>3391.939999999962</sommeWC></page><page><fichier>ALTO/18770117_1-0003.xml</fichier><nbString>4826</nbString><nbCar/><blocTexte>32</blocTexte><blocPub>1</blocPub><blocIllustration>0</blocIllustration><sommeWC>3821.759999999948</sommeWC></page><page><fichier>ALTO/18770117_1-0004.xml</fichier><nbString>4563</nbString><nbCar/><blocTexte>50</blocTexte><blocPub>4</blocPub><blocIllustration>0</blocIllustration><sommeWC>3029.539999999991</sommeWC></page></contenus></analyseAlto>