<?xml version="1.0" encoding="UTF-8"?><analyseAlto xmlns:xlink="http://www.w3.org/1999/xlink" xmlns:mods="http://www.loc.gov/mods/v3" xmlns:mets="http://www.loc.gov/METS/" xmlns:alto="http://schema.ccs-gmbh.com/docworks/version20/alto-1-4.xsd"><metad><titre>Le Petit Parisien</titre><genre>PERIODIQUE</genre><dateEdition>19.11.1877</dateEdition><nbpages>4</nbpages></metad><ocr/><contenus><nbArticle>22</nbArticle><blocTab>2</blocTab><blocPub>16</blocPub><blocIllustration>0</blocIllustration><page><fichier>ALTO/18771119_1-0001.xml</fichier><nbString>3377</nbString><nbCar/><blocTexte>43</blocTexte><blocPub>1</blocPub><blocIllustration>0</blocIllustration><sommeWC>2663.0900000000097</sommeWC></page><page><fichier>ALTO/18771119_1-0002.xml</fichier><nbString>4333</nbString><nbCar/><blocTexte>61</blocTexte><blocPub>0</blocPub><blocIllustration>0</blocIllustration><sommeWC>3349.5499999999756</sommeWC></page><page><fichier>ALTO/18771119_1-0003.xml</fichier><nbString>5024</nbString><nbCar/><blocTexte>47</blocTexte><blocPub>3</blocPub><blocIllustration>0</blocIllustration><sommeWC>3731.489999999969</sommeWC></page><page><fichier>ALTO/18771119_1-0004.xml</fichier><nbString>3673</nbString><nbCar/><blocTexte>16</blocTexte><blocPub>12</blocPub><blocIllustration>0</blocIllustration><sommeWC>2201.260000000017</sommeWC></page></contenus></analyseAlto>