<?xml version="1.0" encoding="UTF-8"?><analyseAlto xmlns:xlink="http://www.w3.org/1999/xlink" xmlns:mods="http://www.loc.gov/mods/v3" xmlns:mets="http://www.loc.gov/METS/" xmlns:alto="http://schema.ccs-gmbh.com/docworks/version20/alto-1-4.xsd"><metad><titre>Le Petit Parisien</titre><genre>PERIODIQUE</genre><dateEdition>17.12.1877</dateEdition><nbpages>4</nbpages></metad><ocr/><contenus><nbArticle>31</nbArticle><blocTab>2</blocTab><blocPub>7</blocPub><blocIllustration>0</blocIllustration><page><fichier>ALTO/18771217_1-0001.xml</fichier><nbString>3109</nbString><nbCar/><blocTexte>32</blocTexte><blocPub>1</blocPub><blocIllustration>0</blocIllustration><sommeWC>2530.2000000000135</sommeWC></page><page><fichier>ALTO/18771217_1-0002.xml</fichier><nbString>4200</nbString><nbCar/><blocTexte>48</blocTexte><blocPub>0</blocPub><blocIllustration>0</blocIllustration><sommeWC>3307.859999999964</sommeWC></page><page><fichier>ALTO/18771217_1-0003.xml</fichier><nbString>4551</nbString><nbCar/><blocTexte>46</blocTexte><blocPub>1</blocPub><blocIllustration>0</blocIllustration><sommeWC>3548.2299999999605</sommeWC></page><page><fichier>ALTO/18771217_1-0004.xml</fichier><nbString>4500</nbString><nbCar/><blocTexte>26</blocTexte><blocPub>5</blocPub><blocIllustration>0</blocIllustration><sommeWC>2668.0599999999986</sommeWC></page></contenus></analyseAlto>