<?xml version="1.0" encoding="UTF-8"?><analyseAlto xmlns:xlink="http://www.w3.org/1999/xlink" xmlns:mods="http://www.loc.gov/mods/v3" xmlns:mets="http://www.loc.gov/METS/" xmlns:alto="http://schema.ccs-gmbh.com/docworks/version20/alto-1-4.xsd"><metad><titre>Le Petit Parisien</titre><genre>PERIODIQUE</genre><dateEdition>29.08.1877</dateEdition><nbpages>4</nbpages></metad><ocr/><contenus><nbArticle>26</nbArticle><blocTab>10</blocTab><blocPub>3</blocPub><blocIllustration>0</blocIllustration><page><fichier>ALTO/18770829_1-0001.xml</fichier><nbString>3730</nbString><nbCar/><blocTexte>46</blocTexte><blocPub>0</blocPub><blocIllustration>0</blocIllustration><sommeWC>3043.519999999977</sommeWC></page><page><fichier>ALTO/18770829_1-0002.xml</fichier><nbString>4200</nbString><nbCar/><blocTexte>38</blocTexte><blocPub>0</blocPub><blocIllustration>0</blocIllustration><sommeWC>3256.6199999999753</sommeWC></page><page><fichier>ALTO/18770829_1-0003.xml</fichier><nbString>4829</nbString><nbCar/><blocTexte>41</blocTexte><blocPub>0</blocPub><blocIllustration>0</blocIllustration><sommeWC>3723.3599999999506</sommeWC></page><page><fichier>ALTO/18770829_1-0004.xml</fichier><nbString>4316</nbString><nbCar/><blocTexte>34</blocTexte><blocPub>3</blocPub><blocIllustration>0</blocIllustration><sommeWC>2933.0600000000027</sommeWC></page></contenus></analyseAlto>