<?xml version="1.0" encoding="UTF-8"?><analyseAlto xmlns:xlink="http://www.w3.org/1999/xlink" xmlns:mods="http://www.loc.gov/mods/v3" xmlns:mets="http://www.loc.gov/METS/" xmlns:alto="http://schema.ccs-gmbh.com/docworks/version20/alto-1-4.xsd"><metad><titre>Le Petit Parisien</titre><genre>PERIODIQUE</genre><dateEdition>21.05.1877</dateEdition><nbpages>4</nbpages></metad><ocr/><contenus><nbArticle>26</nbArticle><blocTab>1</blocTab><blocPub>11</blocPub><blocIllustration>0</blocIllustration><page><fichier>ALTO/18770521_1-0001.xml</fichier><nbString>3839</nbString><nbCar/><blocTexte>50</blocTexte><blocPub>1</blocPub><blocIllustration>0</blocIllustration><sommeWC>3144.159999999975</sommeWC></page><page><fichier>ALTO/18770521_1-0002.xml</fichier><nbString>4689</nbString><nbCar/><blocTexte>39</blocTexte><blocPub>0</blocPub><blocIllustration>0</blocIllustration><sommeWC>3725.2499999999454</sommeWC></page><page><fichier>ALTO/18770521_1-0003.xml</fichier><nbString>4885</nbString><nbCar/><blocTexte>36</blocTexte><blocPub>3</blocPub><blocIllustration>0</blocIllustration><sommeWC>3782.299999999931</sommeWC></page><page><fichier>ALTO/18770521_1-0004.xml</fichier><nbString>3308</nbString><nbCar/><blocTexte>24</blocTexte><blocPub>7</blocPub><blocIllustration>0</blocIllustration><sommeWC>2202.870000000021</sommeWC></page></contenus></analyseAlto>