<?xml version="1.0" encoding="UTF-8"?><analyseAlto xmlns:xlink="http://www.w3.org/1999/xlink" xmlns:mods="http://www.loc.gov/mods/v3" xmlns:mets="http://www.loc.gov/METS/" xmlns:alto="http://schema.ccs-gmbh.com/docworks/version20/alto-1-4.xsd"><metad><titre>Le Petit Parisien</titre><genre>PERIODIQUE</genre><dateEdition>04.10.1877</dateEdition><nbpages>4</nbpages></metad><ocr/><contenus><nbArticle>28</nbArticle><blocTab>1</blocTab><blocPub>7</blocPub><blocIllustration>0</blocIllustration><page><fichier>ALTO/18771004_1-0001.xml</fichier><nbString>3789</nbString><nbCar/><blocTexte>44</blocTexte><blocPub>1</blocPub><blocIllustration>0</blocIllustration><sommeWC>3020.4499999999803</sommeWC></page><page><fichier>ALTO/18771004_1-0002.xml</fichier><nbString>4313</nbString><nbCar/><blocTexte>41</blocTexte><blocPub>0</blocPub><blocIllustration>0</blocIllustration><sommeWC>3412.5999999999563</sommeWC></page><page><fichier>ALTO/18771004_1-0003.xml</fichier><nbString>4548</nbString><nbCar/><blocTexte>41</blocTexte><blocPub>2</blocPub><blocIllustration>0</blocIllustration><sommeWC>3530.709999999957</sommeWC></page><page><fichier>ALTO/18771004_1-0004.xml</fichier><nbString>4478</nbString><nbCar/><blocTexte>40</blocTexte><blocPub>4</blocPub><blocIllustration>0</blocIllustration><sommeWC>3019.370000000004</sommeWC></page></contenus></analyseAlto>