<?xml version="1.0" encoding="UTF-8"?><analyseAlto xmlns:xlink="http://www.w3.org/1999/xlink" xmlns:mods="http://www.loc.gov/mods/v3" xmlns:mets="http://www.loc.gov/METS/" xmlns:alto="http://schema.ccs-gmbh.com/docworks/version20/alto-1-4.xsd"><metad><titre>Le Petit Parisien</titre><genre>PERIODIQUE</genre><dateEdition>30.04.1877</dateEdition><nbpages>4</nbpages></metad><ocr/><contenus><nbArticle>24</nbArticle><blocTab>2</blocTab><blocPub>15</blocPub><blocIllustration>0</blocIllustration><page><fichier>ALTO/18770430_1-0001.xml</fichier><nbString>4101</nbString><nbCar/><blocTexte>38</blocTexte><blocPub>3</blocPub><blocIllustration>0</blocIllustration><sommeWC>3222.9799999999655</sommeWC></page><page><fichier>ALTO/18770430_1-0002.xml</fichier><nbString>4978</nbString><nbCar/><blocTexte>33</blocTexte><blocPub>0</blocPub><blocIllustration>0</blocIllustration><sommeWC>3926.669999999944</sommeWC></page><page><fichier>ALTO/18770430_1-0003.xml</fichier><nbString>4763</nbString><nbCar/><blocTexte>57</blocTexte><blocPub>1</blocPub><blocIllustration>0</blocIllustration><sommeWC>3683.829999999939</sommeWC></page><page><fichier>ALTO/18770430_1-0004.xml</fichier><nbString>3903</nbString><nbCar/><blocTexte>18</blocTexte><blocPub>11</blocPub><blocIllustration>0</blocIllustration><sommeWC>2424.6800000000117</sommeWC></page></contenus></analyseAlto>