<?xml version="1.0" encoding="UTF-8"?><analyseAlto xmlns:xlink="http://www.w3.org/1999/xlink" xmlns:mods="http://www.loc.gov/mods/v3" xmlns:mets="http://www.loc.gov/METS/" xmlns:alto="http://schema.ccs-gmbh.com/docworks/version20/alto-1-4.xsd"><metad><titre>Le Petit Parisien</titre><genre>PERIODIQUE</genre><dateEdition>28.09.1877</dateEdition><nbpages>4</nbpages></metad><ocr/><contenus><nbArticle>28</nbArticle><blocTab>6</blocTab><blocPub>8</blocPub><blocIllustration>0</blocIllustration><page><fichier>ALTO/18770928_1-0001.xml</fichier><nbString>3550</nbString><nbCar/><blocTexte>49</blocTexte><blocPub>1</blocPub><blocIllustration>0</blocIllustration><sommeWC>2782.960000000003</sommeWC></page><page><fichier>ALTO/18770928_1-0002.xml</fichier><nbString>4245</nbString><nbCar/><blocTexte>42</blocTexte><blocPub>0</blocPub><blocIllustration>0</blocIllustration><sommeWC>3297.259999999971</sommeWC></page><page><fichier>ALTO/18770928_1-0003.xml</fichier><nbString>5091</nbString><nbCar/><blocTexte>39</blocTexte><blocPub>2</blocPub><blocIllustration>0</blocIllustration><sommeWC>3982.799999999932</sommeWC></page><page><fichier>ALTO/18770928_1-0004.xml</fichier><nbString>3695</nbString><nbCar/><blocTexte>37</blocTexte><blocPub>5</blocPub><blocIllustration>0</blocIllustration><sommeWC>2352.8000000000156</sommeWC></page></contenus></analyseAlto>