<?xml version="1.0" encoding="UTF-8"?><analyseAlto xmlns:xlink="http://www.w3.org/1999/xlink" xmlns:mods="http://www.loc.gov/mods/v3" xmlns:mets="http://www.loc.gov/METS/" xmlns:alto="http://schema.ccs-gmbh.com/docworks/version20/alto-1-4.xsd"><metad><titre>Le Petit Parisien</titre><genre>PERIODIQUE</genre><dateEdition>04.11.1877</dateEdition><nbpages>4</nbpages></metad><ocr/><contenus><nbArticle>19</nbArticle><blocTab>1</blocTab><blocPub>6</blocPub><blocIllustration>0</blocIllustration><page><fichier>ALTO/18771104_1-0001.xml</fichier><nbString>3612</nbString><nbCar/><blocTexte>49</blocTexte><blocPub>1</blocPub><blocIllustration>0</blocIllustration><sommeWC>2937.2399999999784</sommeWC></page><page><fichier>ALTO/18771104_1-0002.xml</fichier><nbString>4690</nbString><nbCar/><blocTexte>41</blocTexte><blocPub>0</blocPub><blocIllustration>0</blocIllustration><sommeWC>3507.209999999959</sommeWC></page><page><fichier>ALTO/18771104_1-0003.xml</fichier><nbString>4952</nbString><nbCar/><blocTexte>52</blocTexte><blocPub>3</blocPub><blocIllustration>0</blocIllustration><sommeWC>3328.459999999994</sommeWC></page><page><fichier>ALTO/18771104_1-0004.xml</fichier><nbString>847</nbString><nbCar/><blocTexte>2</blocTexte><blocPub>2</blocPub><blocIllustration>0</blocIllustration><sommeWC>558.4700000000023</sommeWC></page></contenus></analyseAlto>