<?xml version="1.0" encoding="UTF-8"?><analyseAlto xmlns:xlink="http://www.w3.org/1999/xlink" xmlns:mods="http://www.loc.gov/mods/v3" xmlns:mets="http://www.loc.gov/METS/" xmlns:alto="http://schema.ccs-gmbh.com/docworks/version20/alto-1-4.xsd"><metad><titre>Le Petit Parisien</titre><genre>PERIODIQUE</genre><dateEdition>15.10.1877</dateEdition><nbpages>4</nbpages></metad><ocr/><contenus><nbArticle>29</nbArticle><blocTab>2</blocTab><blocPub>9</blocPub><blocIllustration>0</blocIllustration><page><fichier>ALTO/18771015_1-0001.xml</fichier><nbString>3700</nbString><nbCar/><blocTexte>50</blocTexte><blocPub>3</blocPub><blocIllustration>0</blocIllustration><sommeWC>2852.639999999999</sommeWC></page><page><fichier>ALTO/18771015_1-0002.xml</fichier><nbString>4320</nbString><nbCar/><blocTexte>38</blocTexte><blocPub>0</blocPub><blocIllustration>0</blocIllustration><sommeWC>3153.4099999999776</sommeWC></page><page><fichier>ALTO/18771015_1-0003.xml</fichier><nbString>4783</nbString><nbCar/><blocTexte>53</blocTexte><blocPub>2</blocPub><blocIllustration>0</blocIllustration><sommeWC>3521.82999999997</sommeWC></page><page><fichier>ALTO/18771015_1-0004.xml</fichier><nbString>4151</nbString><nbCar/><blocTexte>26</blocTexte><blocPub>4</blocPub><blocIllustration>0</blocIllustration><sommeWC>2504.88000000001</sommeWC></page></contenus></analyseAlto>