<?xml version="1.0" encoding="UTF-8"?><analyseAlto xmlns:xlink="http://www.w3.org/1999/xlink" xmlns:mods="http://www.loc.gov/mods/v3" xmlns:mets="http://www.loc.gov/METS/" xmlns:alto="http://schema.ccs-gmbh.com/docworks/version20/alto-1-4.xsd"><metad><titre>Le Petit Parisien</titre><genre>PERIODIQUE</genre><dateEdition>03.01.1877</dateEdition><nbpages>4</nbpages></metad><ocr/><contenus><nbArticle>24</nbArticle><blocTab>1</blocTab><blocPub>5</blocPub><blocIllustration>0</blocIllustration><page><fichier>ALTO/18770103_1-0001.xml</fichier><nbString>4230</nbString><nbCar/><blocTexte>37</blocTexte><blocPub>1</blocPub><blocIllustration>0</blocIllustration><sommeWC>3405.2399999999616</sommeWC></page><page><fichier>ALTO/18770103_1-0002.xml</fichier><nbString>4356</nbString><nbCar/><blocTexte>33</blocTexte><blocPub>0</blocPub><blocIllustration>0</blocIllustration><sommeWC>3612.0199999999413</sommeWC></page><page><fichier>ALTO/18770103_1-0003.xml</fichier><nbString>4855</nbString><nbCar/><blocTexte>38</blocTexte><blocPub>1</blocPub><blocIllustration>0</blocIllustration><sommeWC>4012.47999999991</sommeWC></page><page><fichier>ALTO/18770103_1-0004.xml</fichier><nbString>4502</nbString><nbCar/><blocTexte>37</blocTexte><blocPub>3</blocPub><blocIllustration>0</blocIllustration><sommeWC>3516.9699999999552</sommeWC></page></contenus></analyseAlto>