<?xml version="1.0" encoding="UTF-8"?><analyseAlto xmlns:xlink="http://www.w3.org/1999/xlink" xmlns:mods="http://www.loc.gov/mods/v3" xmlns:mets="http://www.loc.gov/METS/" xmlns:alto="http://schema.ccs-gmbh.com/docworks/version20/alto-1-4.xsd"><metad><titre>Le Petit Parisien</titre><genre>PERIODIQUE</genre><dateEdition>25.05.1877</dateEdition><nbpages>4</nbpages></metad><ocr/><contenus><nbArticle>25</nbArticle><blocTab>2</blocTab><blocPub>13</blocPub><blocIllustration>0</blocIllustration><page><fichier>ALTO/18770525_1-0001.xml</fichier><nbString>3838</nbString><nbCar/><blocTexte>41</blocTexte><blocPub>1</blocPub><blocIllustration>0</blocIllustration><sommeWC>3097.9799999999796</sommeWC></page><page><fichier>ALTO/18770525_1-0002.xml</fichier><nbString>4763</nbString><nbCar/><blocTexte>38</blocTexte><blocPub>0</blocPub><blocIllustration>0</blocIllustration><sommeWC>3760.609999999933</sommeWC></page><page><fichier>ALTO/18770525_1-0003.xml</fichier><nbString>5008</nbString><nbCar/><blocTexte>48</blocTexte><blocPub>2</blocPub><blocIllustration>0</blocIllustration><sommeWC>3905.9799999999364</sommeWC></page><page><fichier>ALTO/18770525_1-0004.xml</fichier><nbString>2872</nbString><nbCar/><blocTexte>40</blocTexte><blocPub>10</blocPub><blocIllustration>0</blocIllustration><sommeWC>1945.8200000000313</sommeWC></page></contenus></analyseAlto>