<?xml version="1.0" encoding="UTF-8"?><analyseAlto xmlns:xlink="http://www.w3.org/1999/xlink" xmlns:mods="http://www.loc.gov/mods/v3" xmlns:mets="http://www.loc.gov/METS/" xmlns:alto="http://schema.ccs-gmbh.com/docworks/version20/alto-1-4.xsd"><metad><titre>Le Petit Parisien</titre><genre>PERIODIQUE</genre><dateEdition>02.07.1877</dateEdition><nbpages>4</nbpages></metad><ocr/><contenus><nbArticle>29</nbArticle><blocTab>2</blocTab><blocPub>12</blocPub><blocIllustration>0</blocIllustration><page><fichier>ALTO/18770702_1-0001.xml</fichier><nbString>3965</nbString><nbCar/><blocTexte>46</blocTexte><blocPub>2</blocPub><blocIllustration>0</blocIllustration><sommeWC>3166.619999999967</sommeWC></page><page><fichier>ALTO/18770702_1-0002.xml</fichier><nbString>4536</nbString><nbCar/><blocTexte>44</blocTexte><blocPub>0</blocPub><blocIllustration>0</blocIllustration><sommeWC>3568.629999999955</sommeWC></page><page><fichier>ALTO/18770702_1-0003.xml</fichier><nbString>5475</nbString><nbCar/><blocTexte>43</blocTexte><blocPub>4</blocPub><blocIllustration>0</blocIllustration><sommeWC>4175.069999999931</sommeWC></page><page><fichier>ALTO/18770702_1-0004.xml</fichier><nbString>3380</nbString><nbCar/><blocTexte>23</blocTexte><blocPub>6</blocPub><blocIllustration>0</blocIllustration><sommeWC>2204.640000000021</sommeWC></page></contenus></analyseAlto>