<?xml version="1.0" encoding="UTF-8"?><analyseAlto xmlns:xlink="http://www.w3.org/1999/xlink" xmlns:mods="http://www.loc.gov/mods/v3" xmlns:mets="http://www.loc.gov/METS/" xmlns:alto="http://schema.ccs-gmbh.com/docworks/version20/alto-1-4.xsd"><metad><titre>Le Petit Parisien</titre><genre>PERIODIQUE</genre><dateEdition>25.09.1877</dateEdition><nbpages>4</nbpages></metad><ocr/><contenus><nbArticle>19</nbArticle><blocTab>1</blocTab><blocPub>7</blocPub><blocIllustration>0</blocIllustration><page><fichier>ALTO/18770925_1-0001.xml</fichier><nbString>3595</nbString><nbCar/><blocTexte>43</blocTexte><blocPub>1</blocPub><blocIllustration>0</blocIllustration><sommeWC>2851.2999999999897</sommeWC></page><page><fichier>ALTO/18770925_1-0002.xml</fichier><nbString>4511</nbString><nbCar/><blocTexte>37</blocTexte><blocPub>0</blocPub><blocIllustration>0</blocIllustration><sommeWC>3561.439999999956</sommeWC></page><page><fichier>ALTO/18770925_1-0003.xml</fichier><nbString>5493</nbString><nbCar/><blocTexte>38</blocTexte><blocPub>1</blocPub><blocIllustration>0</blocIllustration><sommeWC>4133.229999999933</sommeWC></page><page><fichier>ALTO/18770925_1-0004.xml</fichier><nbString>4739</nbString><nbCar/><blocTexte>24</blocTexte><blocPub>5</blocPub><blocIllustration>0</blocIllustration><sommeWC>3379.099999999982</sommeWC></page></contenus></analyseAlto>