<?xml version="1.0" encoding="UTF-8"?><analyseAlto xmlns:xlink="http://www.w3.org/1999/xlink" xmlns:mods="http://www.loc.gov/mods/v3" xmlns:mets="http://www.loc.gov/METS/" xmlns:alto="http://schema.ccs-gmbh.com/docworks/version20/alto-1-4.xsd"><metad><titre>Le Petit Parisien</titre><genre>PERIODIQUE</genre><dateEdition>05.03.1877</dateEdition><nbpages>4</nbpages></metad><ocr/><contenus><nbArticle>16</nbArticle><blocTab>2</blocTab><blocPub>7</blocPub><blocIllustration>0</blocIllustration><page><fichier>ALTO/18770305_1-0001.xml</fichier><nbString>3990</nbString><nbCar/><blocTexte>42</blocTexte><blocPub>0</blocPub><blocIllustration>0</blocIllustration><sommeWC>3247.7699999999627</sommeWC></page><page><fichier>ALTO/18770305_1-0002.xml</fichier><nbString>4801</nbString><nbCar/><blocTexte>36</blocTexte><blocPub>0</blocPub><blocIllustration>0</blocIllustration><sommeWC>3768.8299999999367</sommeWC></page><page><fichier>ALTO/18770305_1-0003.xml</fichier><nbString>4900</nbString><nbCar/><blocTexte>44</blocTexte><blocPub>2</blocPub><blocIllustration>0</blocIllustration><sommeWC>3713.8299999999467</sommeWC></page><page><fichier>ALTO/18770305_1-0004.xml</fichier><nbString>3186</nbString><nbCar/><blocTexte>10</blocTexte><blocPub>5</blocPub><blocIllustration>0</blocIllustration><sommeWC>2019.0200000000316</sommeWC></page></contenus></analyseAlto>