<?xml version="1.0" encoding="UTF-8"?><analyseAlto xmlns:xlink="http://www.w3.org/1999/xlink" xmlns:mods="http://www.loc.gov/mods/v3" xmlns:mets="http://www.loc.gov/METS/" xmlns:alto="http://schema.ccs-gmbh.com/docworks/version20/alto-1-4.xsd"><metad><titre>Le Petit Parisien</titre><genre>PERIODIQUE</genre><dateEdition>10.12.1877</dateEdition><nbpages>4</nbpages></metad><ocr/><contenus><nbArticle>29</nbArticle><blocTab>2</blocTab><blocPub>8</blocPub><blocIllustration>0</blocIllustration><page><fichier>ALTO/18771210_1-0001.xml</fichier><nbString>3241</nbString><nbCar/><blocTexte>31</blocTexte><blocPub>2</blocPub><blocIllustration>0</blocIllustration><sommeWC>2680.249999999994</sommeWC></page><page><fichier>ALTO/18771210_1-0002.xml</fichier><nbString>4148</nbString><nbCar/><blocTexte>49</blocTexte><blocPub>0</blocPub><blocIllustration>0</blocIllustration><sommeWC>3207.559999999975</sommeWC></page><page><fichier>ALTO/18771210_1-0003.xml</fichier><nbString>4465</nbString><nbCar/><blocTexte>51</blocTexte><blocPub>1</blocPub><blocIllustration>0</blocIllustration><sommeWC>3449.239999999945</sommeWC></page><page><fichier>ALTO/18771210_1-0004.xml</fichier><nbString>5289</nbString><nbCar/><blocTexte>32</blocTexte><blocPub>5</blocPub><blocIllustration>0</blocIllustration><sommeWC>3504.859999999949</sommeWC></page></contenus></analyseAlto>