<?xml version="1.0" encoding="UTF-8"?><analyseAlto xmlns:xlink="http://www.w3.org/1999/xlink" xmlns:mods="http://www.loc.gov/mods/v3" xmlns:mets="http://www.loc.gov/METS/" xmlns:alto="http://schema.ccs-gmbh.com/docworks/version20/alto-1-4.xsd"><metad><titre>Le Petit Parisien</titre><genre>PERIODIQUE</genre><dateEdition>13.09.1877</dateEdition><nbpages>4</nbpages></metad><ocr/><contenus><nbArticle>28</nbArticle><blocTab>5</blocTab><blocPub>9</blocPub><blocIllustration>0</blocIllustration><page><fichier>ALTO/18770913_1-0001.xml</fichier><nbString>3803</nbString><nbCar/><blocTexte>38</blocTexte><blocPub>1</blocPub><blocIllustration>0</blocIllustration><sommeWC>3057.1599999999808</sommeWC></page><page><fichier>ALTO/18770913_1-0002.xml</fichier><nbString>4491</nbString><nbCar/><blocTexte>41</blocTexte><blocPub>0</blocPub><blocIllustration>0</blocIllustration><sommeWC>3591.5699999999515</sommeWC></page><page><fichier>ALTO/18770913_1-0003.xml</fichier><nbString>5212</nbString><nbCar/><blocTexte>35</blocTexte><blocPub>1</blocPub><blocIllustration>0</blocIllustration><sommeWC>4096.309999999927</sommeWC></page><page><fichier>ALTO/18770913_1-0004.xml</fichier><nbString>4100</nbString><nbCar/><blocTexte>43</blocTexte><blocPub>7</blocPub><blocIllustration>0</blocIllustration><sommeWC>2633.770000000012</sommeWC></page></contenus></analyseAlto>