<?xml version="1.0" encoding="UTF-8"?><analyseAlto xmlns:xlink="http://www.w3.org/1999/xlink" xmlns:mods="http://www.loc.gov/mods/v3" xmlns:mets="http://www.loc.gov/METS/" xmlns:alto="http://schema.ccs-gmbh.com/docworks/version20/alto-1-4.xsd"><metad><titre>Le Petit Parisien</titre><genre>PERIODIQUE</genre><dateEdition>21.01.1877</dateEdition><nbpages>4</nbpages></metad><ocr/><contenus><nbArticle>21</nbArticle><blocTab>1</blocTab><blocPub>11</blocPub><blocIllustration>0</blocIllustration><page><fichier>ALTO/18770121_1-0001.xml</fichier><nbString>3864</nbString><nbCar/><blocTexte>39</blocTexte><blocPub>5</blocPub><blocIllustration>0</blocIllustration><sommeWC>3092.94999999997</sommeWC></page><page><fichier>ALTO/18770121_1-0002.xml</fichier><nbString>4185</nbString><nbCar/><blocTexte>44</blocTexte><blocPub>0</blocPub><blocIllustration>0</blocIllustration><sommeWC>3436.4199999999505</sommeWC></page><page><fichier>ALTO/18770121_1-0003.xml</fichier><nbString>4665</nbString><nbCar/><blocTexte>37</blocTexte><blocPub>1</blocPub><blocIllustration>0</blocIllustration><sommeWC>3784.099999999926</sommeWC></page><page><fichier>ALTO/18770121_1-0004.xml</fichier><nbString>4539</nbString><nbCar/><blocTexte>32</blocTexte><blocPub>5</blocPub><blocIllustration>0</blocIllustration><sommeWC>3243.3699999999903</sommeWC></page></contenus></analyseAlto>