<?xml version="1.0" encoding="UTF-8"?><analyseAlto xmlns:xlink="http://www.w3.org/1999/xlink" xmlns:mods="http://www.loc.gov/mods/v3" xmlns:mets="http://www.loc.gov/METS/" xmlns:alto="http://schema.ccs-gmbh.com/docworks/version20/alto-1-4.xsd"><metad><titre>Le Petit Parisien</titre><genre>PERIODIQUE</genre><dateEdition>13.12.1877</dateEdition><nbpages>4</nbpages></metad><ocr/><contenus><nbArticle>26</nbArticle><blocTab>1</blocTab><blocPub>7</blocPub><blocIllustration>0</blocIllustration><page><fichier>ALTO/18771213_1-0001.xml</fichier><nbString>2931</nbString><nbCar/><blocTexte>52</blocTexte><blocPub>1</blocPub><blocIllustration>0</blocIllustration><sommeWC>2291.110000000028</sommeWC></page><page><fichier>ALTO/18771213_1-0002.xml</fichier><nbString>4660</nbString><nbCar/><blocTexte>40</blocTexte><blocPub>0</blocPub><blocIllustration>0</blocIllustration><sommeWC>3551.619999999959</sommeWC></page><page><fichier>ALTO/18771213_1-0003.xml</fichier><nbString>4991</nbString><nbCar/><blocTexte>37</blocTexte><blocPub>0</blocPub><blocIllustration>0</blocIllustration><sommeWC>3811.119999999943</sommeWC></page><page><fichier>ALTO/18771213_1-0004.xml</fichier><nbString>4219</nbString><nbCar/><blocTexte>42</blocTexte><blocPub>6</blocPub><blocIllustration>0</blocIllustration><sommeWC>2599.779999999999</sommeWC></page></contenus></analyseAlto>