<?xml version="1.0" encoding="UTF-8"?><analyseAlto xmlns:xlink="http://www.w3.org/1999/xlink" xmlns:mods="http://www.loc.gov/mods/v3" xmlns:mets="http://www.loc.gov/METS/" xmlns:alto="http://schema.ccs-gmbh.com/docworks/version20/alto-1-4.xsd"><metad><titre>Le Petit Parisien</titre><genre>PERIODIQUE</genre><dateEdition>31.03.1877</dateEdition><nbpages>4</nbpages></metad><ocr/><contenus><nbArticle>28</nbArticle><blocTab>5</blocTab><blocPub>10</blocPub><blocIllustration>0</blocIllustration><page><fichier>ALTO/18770331_1-0001.xml</fichier><nbString>3997</nbString><nbCar/><blocTexte>38</blocTexte><blocPub>1</blocPub><blocIllustration>0</blocIllustration><sommeWC>3295.649999999963</sommeWC></page><page><fichier>ALTO/18770331_1-0002.xml</fichier><nbString>4761</nbString><nbCar/><blocTexte>36</blocTexte><blocPub>1</blocPub><blocIllustration>0</blocIllustration><sommeWC>3829.549999999928</sommeWC></page><page><fichier>ALTO/18770331_1-0003.xml</fichier><nbString>5321</nbString><nbCar/><blocTexte>37</blocTexte><blocPub>0</blocPub><blocIllustration>0</blocIllustration><sommeWC>4161.40999999992</sommeWC></page><page><fichier>ALTO/18770331_1-0004.xml</fichier><nbString>4052</nbString><nbCar/><blocTexte>34</blocTexte><blocPub>8</blocPub><blocIllustration>0</blocIllustration><sommeWC>2751.8899999999926</sommeWC></page></contenus></analyseAlto>