<?xml version="1.0" encoding="UTF-8"?><analyseAlto xmlns:xlink="http://www.w3.org/1999/xlink" xmlns:mods="http://www.loc.gov/mods/v3" xmlns:mets="http://www.loc.gov/METS/" xmlns:alto="http://schema.ccs-gmbh.com/docworks/version20/alto-1-4.xsd"><metad><titre>Le Petit Parisien</titre><genre>PERIODIQUE</genre><dateEdition>31.10.1877</dateEdition><nbpages>4</nbpages></metad><ocr/><contenus><nbArticle>23</nbArticle><blocTab>1</blocTab><blocPub>6</blocPub><blocIllustration>0</blocIllustration><page><fichier>ALTO/18771031_1-0001.xml</fichier><nbString>3282</nbString><nbCar/><blocTexte>32</blocTexte><blocPub>2</blocPub><blocIllustration>0</blocIllustration><sommeWC>2525.960000000017</sommeWC></page><page><fichier>ALTO/18771031_1-0002.xml</fichier><nbString>4267</nbString><nbCar/><blocTexte>56</blocTexte><blocPub>0</blocPub><blocIllustration>0</blocIllustration><sommeWC>3252.569999999972</sommeWC></page><page><fichier>ALTO/18771031_1-0003.xml</fichier><nbString>4540</nbString><nbCar/><blocTexte>48</blocTexte><blocPub>0</blocPub><blocIllustration>0</blocIllustration><sommeWC>3475.3099999999686</sommeWC></page><page><fichier>ALTO/18771031_1-0004.xml</fichier><nbString>5166</nbString><nbCar/><blocTexte>33</blocTexte><blocPub>4</blocPub><blocIllustration>0</blocIllustration><sommeWC>3341.959999999987</sommeWC></page></contenus></analyseAlto>