<?xml version="1.0" encoding="UTF-8"?><analyseAlto xmlns:xlink="http://www.w3.org/1999/xlink" xmlns:mods="http://www.loc.gov/mods/v3" xmlns:mets="http://www.loc.gov/METS/" xmlns:alto="http://schema.ccs-gmbh.com/docworks/version20/alto-1-4.xsd"><metad><titre>Le Petit Parisien</titre><genre>PERIODIQUE</genre><dateEdition>13.10.1877</dateEdition><nbpages>4</nbpages></metad><ocr/><contenus><nbArticle>24</nbArticle><blocTab>2</blocTab><blocPub>6</blocPub><blocIllustration>0</blocIllustration><page><fichier>ALTO/18771013_1-0001.xml</fichier><nbString>3337</nbString><nbCar/><blocTexte>44</blocTexte><blocPub>1</blocPub><blocIllustration>0</blocIllustration><sommeWC>2586.290000000016</sommeWC></page><page><fichier>ALTO/18771013_1-0002.xml</fichier><nbString>4351</nbString><nbCar/><blocTexte>42</blocTexte><blocPub>0</blocPub><blocIllustration>0</blocIllustration><sommeWC>3251.3099999999645</sommeWC></page><page><fichier>ALTO/18771013_1-0003.xml</fichier><nbString>4140</nbString><nbCar/><blocTexte>55</blocTexte><blocPub>2</blocPub><blocIllustration>0</blocIllustration><sommeWC>3262.1599999999717</sommeWC></page><page><fichier>ALTO/18771013_1-0004.xml</fichier><nbString>5136</nbString><nbCar/><blocTexte>38</blocTexte><blocPub>3</blocPub><blocIllustration>0</blocIllustration><sommeWC>3144.160000000007</sommeWC></page></contenus></analyseAlto>