<?xml version="1.0" encoding="UTF-8"?><analyseAlto xmlns:xlink="http://www.w3.org/1999/xlink" xmlns:mods="http://www.loc.gov/mods/v3" xmlns:mets="http://www.loc.gov/METS/" xmlns:alto="http://schema.ccs-gmbh.com/docworks/version20/alto-1-4.xsd"><metad><titre>Le Petit Parisien</titre><genre>PERIODIQUE</genre><dateEdition>23.08.1877</dateEdition><nbpages>4</nbpages></metad><ocr/><contenus><nbArticle>29</nbArticle><blocTab>10</blocTab><blocPub>9</blocPub><blocIllustration>0</blocIllustration><page><fichier>ALTO/18770823_1-0001.xml</fichier><nbString>3796</nbString><nbCar/><blocTexte>45</blocTexte><blocPub>1</blocPub><blocIllustration>0</blocIllustration><sommeWC>3042.719999999982</sommeWC></page><page><fichier>ALTO/18770823_1-0002.xml</fichier><nbString>4524</nbString><nbCar/><blocTexte>37</blocTexte><blocPub>0</blocPub><blocIllustration>0</blocIllustration><sommeWC>3483.6499999999614</sommeWC></page><page><fichier>ALTO/18770823_1-0003.xml</fichier><nbString>5048</nbString><nbCar/><blocTexte>36</blocTexte><blocPub>0</blocPub><blocIllustration>0</blocIllustration><sommeWC>3854.369999999946</sommeWC></page><page><fichier>ALTO/18770823_1-0004.xml</fichier><nbString>4193</nbString><nbCar/><blocTexte>42</blocTexte><blocPub>8</blocPub><blocIllustration>0</blocIllustration><sommeWC>2698.7000000000075</sommeWC></page></contenus></analyseAlto>