<?xml version="1.0" encoding="UTF-8"?><analyseAlto xmlns:xlink="http://www.w3.org/1999/xlink" xmlns:mods="http://www.loc.gov/mods/v3" xmlns:mets="http://www.loc.gov/METS/" xmlns:alto="http://schema.ccs-gmbh.com/docworks/version20/alto-1-4.xsd"><metad><titre>Le Petit Parisien</titre><genre>PERIODIQUE</genre><dateEdition>06.02.1877</dateEdition><nbpages>4</nbpages></metad><ocr/><contenus><nbArticle>21</nbArticle><blocTab>1</blocTab><blocPub>9</blocPub><blocIllustration>0</blocIllustration><page><fichier>ALTO/18770206_1-0001.xml</fichier><nbString>3905</nbString><nbCar/><blocTexte>35</blocTexte><blocPub>1</blocPub><blocIllustration>0</blocIllustration><sommeWC>3178.129999999967</sommeWC></page><page><fichier>ALTO/18770206_1-0002.xml</fichier><nbString>4166</nbString><nbCar/><blocTexte>57</blocTexte><blocPub>1</blocPub><blocIllustration>0</blocIllustration><sommeWC>3416.029999999949</sommeWC></page><page><fichier>ALTO/18770206_1-0003.xml</fichier><nbString>5184</nbString><nbCar/><blocTexte>42</blocTexte><blocPub>0</blocPub><blocIllustration>0</blocIllustration><sommeWC>4114.609999999909</sommeWC></page><page><fichier>ALTO/18770206_1-0004.xml</fichier><nbString>4611</nbString><nbCar/><blocTexte>28</blocTexte><blocPub>7</blocPub><blocIllustration>0</blocIllustration><sommeWC>3675.2099999999427</sommeWC></page></contenus></analyseAlto>