<?xml version="1.0" encoding="UTF-8"?><analyseAlto xmlns:xlink="http://www.w3.org/1999/xlink" xmlns:mods="http://www.loc.gov/mods/v3" xmlns:mets="http://www.loc.gov/METS/" xmlns:alto="http://schema.ccs-gmbh.com/docworks/version20/alto-1-4.xsd"><metad><titre>Le Petit Parisien</titre><genre>PERIODIQUE</genre><dateEdition>27.07.1877</dateEdition><nbpages>4</nbpages></metad><ocr/><contenus><nbArticle>26</nbArticle><blocTab>2</blocTab><blocPub>12</blocPub><blocIllustration>0</blocIllustration><page><fichier>ALTO/18770727_1-0001.xml</fichier><nbString>3897</nbString><nbCar/><blocTexte>39</blocTexte><blocPub>0</blocPub><blocIllustration>0</blocIllustration><sommeWC>2853.7799999999975</sommeWC></page><page><fichier>ALTO/18770727_1-0002.xml</fichier><nbString>5398</nbString><nbCar/><blocTexte>37</blocTexte><blocPub>0</blocPub><blocIllustration>0</blocIllustration><sommeWC>3976.329999999935</sommeWC></page><page><fichier>ALTO/18770727_1-0003.xml</fichier><nbString>6502</nbString><nbCar/><blocTexte>20</blocTexte><blocPub>1</blocPub><blocIllustration>0</blocIllustration><sommeWC>4721.0699999998915</sommeWC></page><page><fichier>ALTO/18770727_1-0004.xml</fichier><nbString>4206</nbString><nbCar/><blocTexte>32</blocTexte><blocPub>11</blocPub><blocIllustration>0</blocIllustration><sommeWC>2529.330000000025</sommeWC></page></contenus></analyseAlto>