<?xml version="1.0" encoding="UTF-8"?><analyseAlto xmlns:xlink="http://www.w3.org/1999/xlink" xmlns:mods="http://www.loc.gov/mods/v3" xmlns:mets="http://www.loc.gov/METS/" xmlns:alto="http://schema.ccs-gmbh.com/docworks/version20/alto-1-4.xsd"><metad><titre>Le Petit Parisien</titre><genre>PERIODIQUE</genre><dateEdition>20.04.1877</dateEdition><nbpages>4</nbpages></metad><ocr/><contenus><nbArticle>32</nbArticle><blocTab>5</blocTab><blocPub>14</blocPub><blocIllustration>0</blocIllustration><page><fichier>ALTO/18770420_1-0001.xml</fichier><nbString>3917</nbString><nbCar/><blocTexte>36</blocTexte><blocPub>2</blocPub><blocIllustration>0</blocIllustration><sommeWC>3222.259999999965</sommeWC></page><page><fichier>ALTO/18770420_1-0002.xml</fichier><nbString>4704</nbString><nbCar/><blocTexte>44</blocTexte><blocPub>0</blocPub><blocIllustration>0</blocIllustration><sommeWC>3752.599999999935</sommeWC></page><page><fichier>ALTO/18770420_1-0003.xml</fichier><nbString>5482</nbString><nbCar/><blocTexte>30</blocTexte><blocPub>1</blocPub><blocIllustration>0</blocIllustration><sommeWC>4371.779999999897</sommeWC></page><page><fichier>ALTO/18770420_1-0004.xml</fichier><nbString>3710</nbString><nbCar/><blocTexte>50</blocTexte><blocPub>11</blocPub><blocIllustration>0</blocIllustration><sommeWC>2592.6300000000024</sommeWC></page></contenus></analyseAlto>