<?xml version="1.0" encoding="UTF-8"?><analyseAlto xmlns:xlink="http://www.w3.org/1999/xlink" xmlns:mods="http://www.loc.gov/mods/v3" xmlns:mets="http://www.loc.gov/METS/" xmlns:alto="http://schema.ccs-gmbh.com/docworks/version20/alto-1-4.xsd"><metad><titre>Le Petit Parisien</titre><genre>PERIODIQUE</genre><dateEdition>15.02.1877</dateEdition><nbpages>4</nbpages></metad><ocr/><contenus><nbArticle>28</nbArticle><blocTab>4</blocTab><blocPub>8</blocPub><blocIllustration>0</blocIllustration><page><fichier>ALTO/18770215_1-0001.xml</fichier><nbString>3593</nbString><nbCar/><blocTexte>42</blocTexte><blocPub>1</blocPub><blocIllustration>0</blocIllustration><sommeWC>2931.8699999999867</sommeWC></page><page><fichier>ALTO/18770215_1-0002.xml</fichier><nbString>4154</nbString><nbCar/><blocTexte>49</blocTexte><blocPub>0</blocPub><blocIllustration>0</blocIllustration><sommeWC>3376.909999999955</sommeWC></page><page><fichier>ALTO/18770215_1-0003.xml</fichier><nbString>4439</nbString><nbCar/><blocTexte>45</blocTexte><blocPub>1</blocPub><blocIllustration>0</blocIllustration><sommeWC>3548.1599999999457</sommeWC></page><page><fichier>ALTO/18770215_1-0004.xml</fichier><nbString>3939</nbString><nbCar/><blocTexte>43</blocTexte><blocPub>6</blocPub><blocIllustration>0</blocIllustration><sommeWC>2649.7700000000004</sommeWC></page></contenus></analyseAlto>