<?xml version="1.0" encoding="UTF-8"?><analyseAlto xmlns:xlink="http://www.w3.org/1999/xlink" xmlns:mods="http://www.loc.gov/mods/v3" xmlns:mets="http://www.loc.gov/METS/" xmlns:alto="http://schema.ccs-gmbh.com/docworks/version20/alto-1-4.xsd"><metad><titre>Le Petit Parisien</titre><genre>PERIODIQUE</genre><dateEdition>08.08.1877</dateEdition><nbpages>4</nbpages></metad><ocr/><contenus><nbArticle>26</nbArticle><blocTab>5</blocTab><blocPub>13</blocPub><blocIllustration>0</blocIllustration><page><fichier>ALTO/18770808_1-0001.xml</fichier><nbString>4025</nbString><nbCar/><blocTexte>52</blocTexte><blocPub>0</blocPub><blocIllustration>0</blocIllustration><sommeWC>3011.4699999999893</sommeWC></page><page><fichier>ALTO/18770808_1-0002.xml</fichier><nbString>5042</nbString><nbCar/><blocTexte>26</blocTexte><blocPub>0</blocPub><blocIllustration>0</blocIllustration><sommeWC>3634.529999999952</sommeWC></page><page><fichier>ALTO/18770808_1-0003.xml</fichier><nbString>4979</nbString><nbCar/><blocTexte>26</blocTexte><blocPub>0</blocPub><blocIllustration>0</blocIllustration><sommeWC>3578.4699999999502</sommeWC></page><page><fichier>ALTO/18770808_1-0004.xml</fichier><nbString>4197</nbString><nbCar/><blocTexte>47</blocTexte><blocPub>13</blocPub><blocIllustration>0</blocIllustration><sommeWC>2770.6500000000133</sommeWC></page></contenus></analyseAlto>