<?xml version="1.0" encoding="UTF-8"?><analyseAlto xmlns:xlink="http://www.w3.org/1999/xlink" xmlns:mods="http://www.loc.gov/mods/v3" xmlns:mets="http://www.loc.gov/METS/" xmlns:alto="http://schema.ccs-gmbh.com/docworks/version20/alto-1-4.xsd"><metad><titre>Le Petit Parisien</titre><genre>PERIODIQUE</genre><dateEdition>08.10.1877</dateEdition><nbpages>4</nbpages></metad><ocr/><contenus><nbArticle>24</nbArticle><blocTab>2</blocTab><blocPub>13</blocPub><blocIllustration>0</blocIllustration><page><fichier>ALTO/18771008_1-0001.xml</fichier><nbString>3852</nbString><nbCar/><blocTexte>41</blocTexte><blocPub>1</blocPub><blocIllustration>0</blocIllustration><sommeWC>3037.50999999999</sommeWC></page><page><fichier>ALTO/18771008_1-0002.xml</fichier><nbString>4723</nbString><nbCar/><blocTexte>40</blocTexte><blocPub>0</blocPub><blocIllustration>0</blocIllustration><sommeWC>3577.7499999999536</sommeWC></page><page><fichier>ALTO/18771008_1-0003.xml</fichier><nbString>4442</nbString><nbCar/><blocTexte>45</blocTexte><blocPub>3</blocPub><blocIllustration>0</blocIllustration><sommeWC>3171.219999999996</sommeWC></page><page><fichier>ALTO/18771008_1-0004.xml</fichier><nbString>3225</nbString><nbCar/><blocTexte>12</blocTexte><blocPub>9</blocPub><blocIllustration>0</blocIllustration><sommeWC>1934.3400000000283</sommeWC></page></contenus></analyseAlto>