<?xml version="1.0" encoding="UTF-8"?><analyseAlto xmlns:xlink="http://www.w3.org/1999/xlink" xmlns:mods="http://www.loc.gov/mods/v3" xmlns:mets="http://www.loc.gov/METS/" xmlns:alto="http://schema.ccs-gmbh.com/docworks/version20/alto-1-4.xsd"><metad><titre>Le Petit Parisien</titre><genre>PERIODIQUE</genre><dateEdition>22.01.1877</dateEdition><nbpages>4</nbpages></metad><ocr/><contenus><nbArticle>21</nbArticle><blocTab>1</blocTab><blocPub>11</blocPub><blocIllustration>0</blocIllustration><page><fichier>ALTO/18770122_1-0001.xml</fichier><nbString>4039</nbString><nbCar/><blocTexte>35</blocTexte><blocPub>5</blocPub><blocIllustration>0</blocIllustration><sommeWC>3100.4599999999828</sommeWC></page><page><fichier>ALTO/18770122_1-0002.xml</fichier><nbString>4448</nbString><nbCar/><blocTexte>34</blocTexte><blocPub>0</blocPub><blocIllustration>0</blocIllustration><sommeWC>3565.7499999999395</sommeWC></page><page><fichier>ALTO/18770122_1-0003.xml</fichier><nbString>4997</nbString><nbCar/><blocTexte>31</blocTexte><blocPub>2</blocPub><blocIllustration>0</blocIllustration><sommeWC>3973.5099999999225</sommeWC></page><page><fichier>ALTO/18770122_1-0004.xml</fichier><nbString>4412</nbString><nbCar/><blocTexte>27</blocTexte><blocPub>4</blocPub><blocIllustration>0</blocIllustration><sommeWC>2974.839999999989</sommeWC></page></contenus></analyseAlto>