<?xml version="1.0" encoding="UTF-8"?><analyseAlto xmlns:xlink="http://www.w3.org/1999/xlink" xmlns:mods="http://www.loc.gov/mods/v3" xmlns:mets="http://www.loc.gov/METS/" xmlns:alto="http://schema.ccs-gmbh.com/docworks/version20/alto-1-4.xsd"><metad><titre>Le Petit Parisien</titre><genre>PERIODIQUE</genre><dateEdition>02.02.1877</dateEdition><nbpages>4</nbpages></metad><ocr/><contenus><nbArticle>25</nbArticle><blocTab>4</blocTab><blocPub>11</blocPub><blocIllustration>0</blocIllustration><page><fichier>ALTO/18770202_1-0001.xml</fichier><nbString>3791</nbString><nbCar/><blocTexte>45</blocTexte><blocPub>1</blocPub><blocIllustration>0</blocIllustration><sommeWC>3023.9199999999737</sommeWC></page><page><fichier>ALTO/18770202_1-0002.xml</fichier><nbString>4507</nbString><nbCar/><blocTexte>46</blocTexte><blocPub>0</blocPub><blocIllustration>0</blocIllustration><sommeWC>3709.3299999999276</sommeWC></page><page><fichier>ALTO/18770202_1-0003.xml</fichier><nbString>4657</nbString><nbCar/><blocTexte>45</blocTexte><blocPub>3</blocPub><blocIllustration>0</blocIllustration><sommeWC>3816.889999999935</sommeWC></page><page><fichier>ALTO/18770202_1-0004.xml</fichier><nbString>4605</nbString><nbCar/><blocTexte>50</blocTexte><blocPub>7</blocPub><blocIllustration>0</blocIllustration><sommeWC>3134.849999999994</sommeWC></page></contenus></analyseAlto>