<?xml version="1.0" encoding="UTF-8"?><analyseAlto xmlns:xlink="http://www.w3.org/1999/xlink" xmlns:mods="http://www.loc.gov/mods/v3" xmlns:mets="http://www.loc.gov/METS/" xmlns:alto="http://schema.ccs-gmbh.com/docworks/version20/alto-1-4.xsd"><metad><titre>Le Petit Parisien</titre><genre>PERIODIQUE</genre><dateEdition>15.03.1877</dateEdition><nbpages>4</nbpages></metad><ocr/><contenus><nbArticle>23</nbArticle><blocTab>5</blocTab><blocPub>12</blocPub><blocIllustration>0</blocIllustration><page><fichier>ALTO/18770315_1-0001.xml</fichier><nbString>3382</nbString><nbCar/><blocTexte>42</blocTexte><blocPub>4</blocPub><blocIllustration>0</blocIllustration><sommeWC>2795.009999999989</sommeWC></page><page><fichier>ALTO/18770315_1-0002.xml</fichier><nbString>4564</nbString><nbCar/><blocTexte>31</blocTexte><blocPub>0</blocPub><blocIllustration>0</blocIllustration><sommeWC>3770.249999999936</sommeWC></page><page><fichier>ALTO/18770315_1-0003.xml</fichier><nbString>5414</nbString><nbCar/><blocTexte>38</blocTexte><blocPub>0</blocPub><blocIllustration>0</blocIllustration><sommeWC>4356.069999999905</sommeWC></page><page><fichier>ALTO/18770315_1-0004.xml</fichier><nbString>4095</nbString><nbCar/><blocTexte>51</blocTexte><blocPub>8</blocPub><blocIllustration>0</blocIllustration><sommeWC>2889.2799999999984</sommeWC></page></contenus></analyseAlto>