<?xml version="1.0" encoding="UTF-8"?><analyseAlto xmlns:xlink="http://www.w3.org/1999/xlink" xmlns:mods="http://www.loc.gov/mods/v3" xmlns:mets="http://www.loc.gov/METS/" xmlns:alto="http://schema.ccs-gmbh.com/docworks/version20/alto-1-4.xsd"><metad><titre>Le Petit Parisien</titre><genre>PERIODIQUE</genre><dateEdition>20.05.1877</dateEdition><nbpages>4</nbpages></metad><ocr/><contenus><nbArticle>31</nbArticle><blocTab>2</blocTab><blocPub>8</blocPub><blocIllustration>0</blocIllustration><page><fichier>ALTO/18770520_1-0001.xml</fichier><nbString>3662</nbString><nbCar/><blocTexte>34</blocTexte><blocPub>1</blocPub><blocIllustration>0</blocIllustration><sommeWC>2987.839999999978</sommeWC></page><page><fichier>ALTO/18770520_1-0002.xml</fichier><nbString>4677</nbString><nbCar/><blocTexte>41</blocTexte><blocPub>0</blocPub><blocIllustration>0</blocIllustration><sommeWC>3712.4099999999544</sommeWC></page><page><fichier>ALTO/18770520_1-0003.xml</fichier><nbString>5045</nbString><nbCar/><blocTexte>43</blocTexte><blocPub>1</blocPub><blocIllustration>0</blocIllustration><sommeWC>3528.1099999999706</sommeWC></page><page><fichier>ALTO/18770520_1-0004.xml</fichier><nbString>2612</nbString><nbCar/><blocTexte>21</blocTexte><blocPub>6</blocPub><blocIllustration>0</blocIllustration><sommeWC>1895.9500000000291</sommeWC></page></contenus></analyseAlto>