<?xml version="1.0" encoding="UTF-8"?><analyseAlto xmlns:xlink="http://www.w3.org/1999/xlink" xmlns:mods="http://www.loc.gov/mods/v3" xmlns:mets="http://www.loc.gov/METS/" xmlns:alto="http://schema.ccs-gmbh.com/docworks/version20/alto-1-4.xsd"><metad><titre>Le Petit Parisien</titre><genre>PERIODIQUE</genre><dateEdition>14.01.1877</dateEdition><nbpages>4</nbpages></metad><ocr/><contenus><nbArticle>21</nbArticle><blocTab>1</blocTab><blocPub>13</blocPub><blocIllustration>0</blocIllustration><page><fichier>ALTO/18770114_1-0001.xml</fichier><nbString>3739</nbString><nbCar/><blocTexte>37</blocTexte><blocPub>6</blocPub><blocIllustration>0</blocIllustration><sommeWC>2963.4699999999866</sommeWC></page><page><fichier>ALTO/18770114_1-0002.xml</fichier><nbString>4313</nbString><nbCar/><blocTexte>28</blocTexte><blocPub>0</blocPub><blocIllustration>0</blocIllustration><sommeWC>3516.979999999958</sommeWC></page><page><fichier>ALTO/18770114_1-0003.xml</fichier><nbString>4700</nbString><nbCar/><blocTexte>46</blocTexte><blocPub>1</blocPub><blocIllustration>0</blocIllustration><sommeWC>3698.7499999999395</sommeWC></page><page><fichier>ALTO/18770114_1-0004.xml</fichier><nbString>4204</nbString><nbCar/><blocTexte>39</blocTexte><blocPub>6</blocPub><blocIllustration>0</blocIllustration><sommeWC>2888.809999999987</sommeWC></page></contenus></analyseAlto>