<?xml version="1.0" encoding="UTF-8"?><analyseAlto xmlns:xlink="http://www.w3.org/1999/xlink" xmlns:mods="http://www.loc.gov/mods/v3" xmlns:mets="http://www.loc.gov/METS/" xmlns:alto="http://schema.ccs-gmbh.com/docworks/version20/alto-1-4.xsd"><metad><titre>Le Petit Parisien</titre><genre>PERIODIQUE</genre><dateEdition>02.08.1877</dateEdition><nbpages>4</nbpages></metad><ocr/><contenus><nbArticle>31</nbArticle><blocTab>10</blocTab><blocPub>15</blocPub><blocIllustration>1</blocIllustration><page><fichier>ALTO/18770802_1-0001.xml</fichier><nbString>1534</nbString><nbCar/><blocTexte>20</blocTexte><blocPub>0</blocPub><blocIllustration>1</blocIllustration><sommeWC>1086.07000000001</sommeWC></page><page><fichier>ALTO/18770802_1-0002.xml</fichier><nbString>4213</nbString><nbCar/><blocTexte>34</blocTexte><blocPub>0</blocPub><blocIllustration>0</blocIllustration><sommeWC>2675.02999999999</sommeWC></page><page><fichier>ALTO/18770802_1-0003.xml</fichier><nbString>4824</nbString><nbCar/><blocTexte>41</blocTexte><blocPub>0</blocPub><blocIllustration>0</blocIllustration><sommeWC>3597.3599999999556</sommeWC></page><page><fichier>ALTO/18770802_1-0004.xml</fichier><nbString>4161</nbString><nbCar/><blocTexte>53</blocTexte><blocPub>15</blocPub><blocIllustration>0</blocIllustration><sommeWC>2778.4500000000016</sommeWC></page></contenus></analyseAlto>