<?xml version="1.0" encoding="UTF-8"?><analyseAlto xmlns:xlink="http://www.w3.org/1999/xlink" xmlns:mods="http://www.loc.gov/mods/v3" xmlns:mets="http://www.loc.gov/METS/" xmlns:alto="http://schema.ccs-gmbh.com/docworks/version20/alto-1-4.xsd"><metad><titre>Le Petit Parisien</titre><genre>PERIODIQUE</genre><dateEdition>24.09.1877</dateEdition><nbpages>4</nbpages></metad><ocr/><contenus><nbArticle>24</nbArticle><blocTab>6</blocTab><blocPub>17</blocPub><blocIllustration>0</blocIllustration><page><fichier>ALTO/18770924_1-0001.xml</fichier><nbString>3307</nbString><nbCar/><blocTexte>27</blocTexte><blocPub>0</blocPub><blocIllustration>0</blocIllustration><sommeWC>2540.9900000000157</sommeWC></page><page><fichier>ALTO/18770924_1-0002.xml</fichier><nbString>4249</nbString><nbCar/><blocTexte>45</blocTexte><blocPub>1</blocPub><blocIllustration>0</blocIllustration><sommeWC>3296.089999999975</sommeWC></page><page><fichier>ALTO/18770924_1-0003.xml</fichier><nbString>4396</nbString><nbCar/><blocTexte>39</blocTexte><blocPub>2</blocPub><blocIllustration>0</blocIllustration><sommeWC>3370.409999999969</sommeWC></page><page><fichier>ALTO/18770924_1-0004.xml</fichier><nbString>4222</nbString><nbCar/><blocTexte>32</blocTexte><blocPub>14</blocPub><blocIllustration>0</blocIllustration><sommeWC>2614.6499999999983</sommeWC></page></contenus></analyseAlto>