<?xml version="1.0" encoding="UTF-8"?><analyseAlto xmlns:xlink="http://www.w3.org/1999/xlink" xmlns:mods="http://www.loc.gov/mods/v3" xmlns:mets="http://www.loc.gov/METS/" xmlns:alto="http://schema.ccs-gmbh.com/docworks/version20/alto-1-4.xsd"><metad><titre>Le Petit Parisien</titre><genre>PERIODIQUE</genre><dateEdition>02.09.1877</dateEdition><nbpages>4</nbpages></metad><ocr/><contenus><nbArticle>27</nbArticle><blocTab>7</blocTab><blocPub>9</blocPub><blocIllustration>0</blocIllustration><page><fichier>ALTO/18770902_1-0001.xml</fichier><nbString>3558</nbString><nbCar/><blocTexte>51</blocTexte><blocPub>0</blocPub><blocIllustration>0</blocIllustration><sommeWC>2734.2300000000073</sommeWC></page><page><fichier>ALTO/18770902_1-0002.xml</fichier><nbString>4311</nbString><nbCar/><blocTexte>45</blocTexte><blocPub>0</blocPub><blocIllustration>0</blocIllustration><sommeWC>3405.22999999996</sommeWC></page><page><fichier>ALTO/18770902_1-0003.xml</fichier><nbString>4855</nbString><nbCar/><blocTexte>42</blocTexte><blocPub>0</blocPub><blocIllustration>0</blocIllustration><sommeWC>3790.109999999952</sommeWC></page><page><fichier>ALTO/18770902_1-0004.xml</fichier><nbString>3804</nbString><nbCar/><blocTexte>40</blocTexte><blocPub>9</blocPub><blocIllustration>0</blocIllustration><sommeWC>2501.1100000000165</sommeWC></page></contenus></analyseAlto>