<?xml version="1.0" encoding="UTF-8"?><analyseAlto xmlns:xlink="http://www.w3.org/1999/xlink" xmlns:mods="http://www.loc.gov/mods/v3" xmlns:mets="http://www.loc.gov/METS/" xmlns:alto="http://schema.ccs-gmbh.com/docworks/version20/alto-1-4.xsd"><metad><titre>Le Petit Parisien</titre><genre>PERIODIQUE</genre><dateEdition>07.03.1877</dateEdition><nbpages>4</nbpages></metad><ocr/><contenus><nbArticle>23</nbArticle><blocTab>6</blocTab><blocPub>8</blocPub><blocIllustration>0</blocIllustration><page><fichier>ALTO/18770307_1-0001.xml</fichier><nbString>3872</nbString><nbCar/><blocTexte>38</blocTexte><blocPub>0</blocPub><blocIllustration>0</blocIllustration><sommeWC>3193.9399999999664</sommeWC></page><page><fichier>ALTO/18770307_1-0002.xml</fichier><nbString>4285</nbString><nbCar/><blocTexte>37</blocTexte><blocPub>0</blocPub><blocIllustration>0</blocIllustration><sommeWC>3625.9399999999346</sommeWC></page><page><fichier>ALTO/18770307_1-0003.xml</fichier><nbString>5482</nbString><nbCar/><blocTexte>33</blocTexte><blocPub>0</blocPub><blocIllustration>0</blocIllustration><sommeWC>4537.34999999987</sommeWC></page><page><fichier>ALTO/18770307_1-0004.xml</fichier><nbString>4596</nbString><nbCar/><blocTexte>40</blocTexte><blocPub>8</blocPub><blocIllustration>0</blocIllustration><sommeWC>3212.4199999999805</sommeWC></page></contenus></analyseAlto>