<?xml version="1.0" encoding="UTF-8"?><analyseAlto xmlns:xlink="http://www.w3.org/1999/xlink" xmlns:mods="http://www.loc.gov/mods/v3" xmlns:mets="http://www.loc.gov/METS/" xmlns:alto="http://schema.ccs-gmbh.com/docworks/version20/alto-1-4.xsd"><metad><titre>Le Petit Parisien</titre><genre>PERIODIQUE</genre><dateEdition>07.12.1877</dateEdition><nbpages>4</nbpages></metad><ocr/><contenus><nbArticle>32</nbArticle><blocTab>3</blocTab><blocPub>6</blocPub><blocIllustration>0</blocIllustration><page><fichier>ALTO/18771207_1-0001.xml</fichier><nbString>3310</nbString><nbCar/><blocTexte>42</blocTexte><blocPub>1</blocPub><blocIllustration>0</blocIllustration><sommeWC>2611.1400000000103</sommeWC></page><page><fichier>ALTO/18771207_1-0002.xml</fichier><nbString>4157</nbString><nbCar/><blocTexte>51</blocTexte><blocPub>0</blocPub><blocIllustration>0</blocIllustration><sommeWC>3168.0899999999815</sommeWC></page><page><fichier>ALTO/18771207_1-0003.xml</fichier><nbString>4586</nbString><nbCar/><blocTexte>48</blocTexte><blocPub>0</blocPub><blocIllustration>0</blocIllustration><sommeWC>3627.299999999942</sommeWC></page><page><fichier>ALTO/18771207_1-0004.xml</fichier><nbString>4484</nbString><nbCar/><blocTexte>37</blocTexte><blocPub>5</blocPub><blocIllustration>0</blocIllustration><sommeWC>2813.4400000000005</sommeWC></page></contenus></analyseAlto>