<?xml version="1.0" encoding="UTF-8"?><analyseAlto xmlns:xlink="http://www.w3.org/1999/xlink" xmlns:mods="http://www.loc.gov/mods/v3" xmlns:mets="http://www.loc.gov/METS/" xmlns:alto="http://schema.ccs-gmbh.com/docworks/version20/alto-1-4.xsd"><metad><titre>Le Petit Parisien</titre><genre>PERIODIQUE</genre><dateEdition>25.12.1877</dateEdition><nbpages>4</nbpages></metad><ocr/><contenus><nbArticle>31</nbArticle><blocTab>0</blocTab><blocPub>10</blocPub><blocIllustration>0</blocIllustration><page><fichier>ALTO/18771225_1-0001.xml</fichier><nbString>3513</nbString><nbCar/><blocTexte>41</blocTexte><blocPub>1</blocPub><blocIllustration>0</blocIllustration><sommeWC>2847.519999999987</sommeWC></page><page><fichier>ALTO/18771225_1-0002.xml</fichier><nbString>4269</nbString><nbCar/><blocTexte>40</blocTexte><blocPub>0</blocPub><blocIllustration>0</blocIllustration><sommeWC>3508.289999999959</sommeWC></page><page><fichier>ALTO/18771225_1-0003.xml</fichier><nbString>4340</nbString><nbCar/><blocTexte>42</blocTexte><blocPub>2</blocPub><blocIllustration>0</blocIllustration><sommeWC>3490.8699999999535</sommeWC></page><page><fichier>ALTO/18771225_1-0004.xml</fichier><nbString>4931</nbString><nbCar/><blocTexte>39</blocTexte><blocPub>7</blocPub><blocIllustration>0</blocIllustration><sommeWC>3543.359999999966</sommeWC></page></contenus></analyseAlto>