<?xml version="1.0" encoding="UTF-8"?><analyseAlto xmlns:xlink="http://www.w3.org/1999/xlink" xmlns:mods="http://www.loc.gov/mods/v3" xmlns:mets="http://www.loc.gov/METS/" xmlns:alto="http://schema.ccs-gmbh.com/docworks/version20/alto-1-4.xsd"><metad><titre>Le Petit Parisien</titre><genre>PERIODIQUE</genre><dateEdition>02.03.1877</dateEdition><nbpages>4</nbpages></metad><ocr/><contenus><nbArticle>28</nbArticle><blocTab>5</blocTab><blocPub>11</blocPub><blocIllustration>0</blocIllustration><page><fichier>ALTO/18770302_1-0001.xml</fichier><nbString>3770</nbString><nbCar/><blocTexte>52</blocTexte><blocPub>1</blocPub><blocIllustration>0</blocIllustration><sommeWC>3067.199999999976</sommeWC></page><page><fichier>ALTO/18770302_1-0002.xml</fichier><nbString>4640</nbString><nbCar/><blocTexte>52</blocTexte><blocPub>0</blocPub><blocIllustration>0</blocIllustration><sommeWC>3764.109999999933</sommeWC></page><page><fichier>ALTO/18770302_1-0003.xml</fichier><nbString>5482</nbString><nbCar/><blocTexte>44</blocTexte><blocPub>2</blocPub><blocIllustration>0</blocIllustration><sommeWC>4404.159999999892</sommeWC></page><page><fichier>ALTO/18770302_1-0004.xml</fichier><nbString>3787</nbString><nbCar/><blocTexte>35</blocTexte><blocPub>8</blocPub><blocIllustration>0</blocIllustration><sommeWC>2502.8400000000056</sommeWC></page></contenus></analyseAlto>