<?xml version="1.0" encoding="UTF-8"?><analyseAlto xmlns:xlink="http://www.w3.org/1999/xlink" xmlns:mods="http://www.loc.gov/mods/v3" xmlns:mets="http://www.loc.gov/METS/" xmlns:alto="http://schema.ccs-gmbh.com/docworks/version20/alto-1-4.xsd"><metad><titre>Le Petit Parisien</titre><genre>PERIODIQUE</genre><dateEdition>30.07.1877</dateEdition><nbpages>4</nbpages></metad><ocr/><contenus><nbArticle>31</nbArticle><blocTab>5</blocTab><blocPub>30</blocPub><blocIllustration>0</blocIllustration><page><fichier>ALTO/18770730_1-0001.xml</fichier><nbString>4025</nbString><nbCar/><blocTexte>49</blocTexte><blocPub>0</blocPub><blocIllustration>0</blocIllustration><sommeWC>3125.4699999999807</sommeWC></page><page><fichier>ALTO/18770730_1-0002.xml</fichier><nbString>4304</nbString><nbCar/><blocTexte>41</blocTexte><blocPub>0</blocPub><blocIllustration>0</blocIllustration><sommeWC>3391.589999999953</sommeWC></page><page><fichier>ALTO/18770730_1-0003.xml</fichier><nbString>5150</nbString><nbCar/><blocTexte>38</blocTexte><blocPub>3</blocPub><blocIllustration>0</blocIllustration><sommeWC>3938.139999999934</sommeWC></page><page><fichier>ALTO/18770730_1-0004.xml</fichier><nbString>3648</nbString><nbCar/><blocTexte>50</blocTexte><blocPub>27</blocPub><blocIllustration>0</blocIllustration><sommeWC>2174.3000000000193</sommeWC></page></contenus></analyseAlto>