<?xml version="1.0" encoding="UTF-8"?><analyseAlto xmlns:xlink="http://www.w3.org/1999/xlink" xmlns:mods="http://www.loc.gov/mods/v3" xmlns:mets="http://www.loc.gov/METS/" xmlns:alto="http://schema.ccs-gmbh.com/docworks/version20/alto-1-4.xsd"><metad><titre>Le Petit Parisien</titre><genre>PERIODIQUE</genre><dateEdition>23.05.1877</dateEdition><nbpages>4</nbpages></metad><ocr/><contenus><nbArticle>29</nbArticle><blocTab>1</blocTab><blocPub>9</blocPub><blocIllustration>0</blocIllustration><page><fichier>ALTO/18770523_1-0001.xml</fichier><nbString>3736</nbString><nbCar/><blocTexte>55</blocTexte><blocPub>1</blocPub><blocIllustration>0</blocIllustration><sommeWC>2993.5999999999804</sommeWC></page><page><fichier>ALTO/18770523_1-0002.xml</fichier><nbString>4558</nbString><nbCar/><blocTexte>33</blocTexte><blocPub>0</blocPub><blocIllustration>0</blocIllustration><sommeWC>3689.9499999999307</sommeWC></page><page><fichier>ALTO/18770523_1-0003.xml</fichier><nbString>5373</nbString><nbCar/><blocTexte>37</blocTexte><blocPub>2</blocPub><blocIllustration>0</blocIllustration><sommeWC>4313.209999999897</sommeWC></page><page><fichier>ALTO/18770523_1-0004.xml</fichier><nbString>4201</nbString><nbCar/><blocTexte>35</blocTexte><blocPub>6</blocPub><blocIllustration>0</blocIllustration><sommeWC>2772.179999999997</sommeWC></page></contenus></analyseAlto>