<?xml version="1.0" encoding="UTF-8"?><analyseAlto xmlns:xlink="http://www.w3.org/1999/xlink" xmlns:mods="http://www.loc.gov/mods/v3" xmlns:mets="http://www.loc.gov/METS/" xmlns:alto="http://schema.ccs-gmbh.com/docworks/version20/alto-1-4.xsd"><metad><titre>Le Petit Parisien</titre><genre>PERIODIQUE</genre><dateEdition>12.02.1877</dateEdition><nbpages>4</nbpages></metad><ocr/><contenus><nbArticle>29</nbArticle><blocTab>6</blocTab><blocPub>11</blocPub><blocIllustration>0</blocIllustration><page><fichier>ALTO/18770212_1-0001.xml</fichier><nbString>3659</nbString><nbCar/><blocTexte>47</blocTexte><blocPub>1</blocPub><blocIllustration>0</blocIllustration><sommeWC>2958.779999999981</sommeWC></page><page><fichier>ALTO/18770212_1-0002.xml</fichier><nbString>4175</nbString><nbCar/><blocTexte>44</blocTexte><blocPub>0</blocPub><blocIllustration>0</blocIllustration><sommeWC>3318.2899999999654</sommeWC></page><page><fichier>ALTO/18770212_1-0003.xml</fichier><nbString>4911</nbString><nbCar/><blocTexte>35</blocTexte><blocPub>1</blocPub><blocIllustration>0</blocIllustration><sommeWC>4061.7899999999204</sommeWC></page><page><fichier>ALTO/18770212_1-0004.xml</fichier><nbString>4201</nbString><nbCar/><blocTexte>41</blocTexte><blocPub>9</blocPub><blocIllustration>0</blocIllustration><sommeWC>2850.82</sommeWC></page></contenus></analyseAlto>