<?xml version="1.0" encoding="UTF-8"?><analyseAlto xmlns:xlink="http://www.w3.org/1999/xlink" xmlns:mods="http://www.loc.gov/mods/v3" xmlns:mets="http://www.loc.gov/METS/" xmlns:alto="http://schema.ccs-gmbh.com/docworks/version20/alto-1-4.xsd"><metad><titre>Le Petit Parisien</titre><genre>PERIODIQUE</genre><dateEdition>04.12.1877</dateEdition><nbpages>4</nbpages></metad><ocr/><contenus><nbArticle>27</nbArticle><blocTab>3</blocTab><blocPub>7</blocPub><blocIllustration>0</blocIllustration><page><fichier>ALTO/18771204_1-0001.xml</fichier><nbString>3558</nbString><nbCar/><blocTexte>41</blocTexte><blocPub>1</blocPub><blocIllustration>0</blocIllustration><sommeWC>2704.8500000000017</sommeWC></page><page><fichier>ALTO/18771204_1-0002.xml</fichier><nbString>4094</nbString><nbCar/><blocTexte>30</blocTexte><blocPub>0</blocPub><blocIllustration>0</blocIllustration><sommeWC>3138.1699999999823</sommeWC></page><page><fichier>ALTO/18771204_1-0003.xml</fichier><nbString>4536</nbString><nbCar/><blocTexte>61</blocTexte><blocPub>1</blocPub><blocIllustration>0</blocIllustration><sommeWC>3247.3199999999833</sommeWC></page><page><fichier>ALTO/18771204_1-0004.xml</fichier><nbString>4854</nbString><nbCar/><blocTexte>29</blocTexte><blocPub>5</blocPub><blocIllustration>0</blocIllustration><sommeWC>3289.159999999989</sommeWC></page></contenus></analyseAlto>