<?xml version="1.0" encoding="UTF-8"?><analyseAlto xmlns:xlink="http://www.w3.org/1999/xlink" xmlns:mods="http://www.loc.gov/mods/v3" xmlns:mets="http://www.loc.gov/METS/" xmlns:alto="http://schema.ccs-gmbh.com/docworks/version20/alto-1-4.xsd"><metad><titre>Le Petit Parisien</titre><genre>PERIODIQUE</genre><dateEdition>06.01.1877</dateEdition><nbpages>4</nbpages></metad><ocr/><contenus><nbArticle>26</nbArticle><blocTab>1</blocTab><blocPub>7</blocPub><blocIllustration>0</blocIllustration><page><fichier>ALTO/18770106_1-0001.xml</fichier><nbString>3823</nbString><nbCar/><blocTexte>43</blocTexte><blocPub>1</blocPub><blocIllustration>0</blocIllustration><sommeWC>3088.5699999999806</sommeWC></page><page><fichier>ALTO/18770106_1-0002.xml</fichier><nbString>4482</nbString><nbCar/><blocTexte>37</blocTexte><blocPub>0</blocPub><blocIllustration>0</blocIllustration><sommeWC>3650.04999999995</sommeWC></page><page><fichier>ALTO/18770106_1-0003.xml</fichier><nbString>4795</nbString><nbCar/><blocTexte>32</blocTexte><blocPub>2</blocPub><blocIllustration>0</blocIllustration><sommeWC>3975.8699999999153</sommeWC></page><page><fichier>ALTO/18770106_1-0004.xml</fichier><nbString>4449</nbString><nbCar/><blocTexte>41</blocTexte><blocPub>4</blocPub><blocIllustration>0</blocIllustration><sommeWC>3252.5399999999822</sommeWC></page></contenus></analyseAlto>