<?xml version="1.0" encoding="UTF-8"?><analyseAlto xmlns:xlink="http://www.w3.org/1999/xlink" xmlns:mods="http://www.loc.gov/mods/v3" xmlns:mets="http://www.loc.gov/METS/" xmlns:alto="http://schema.ccs-gmbh.com/docworks/version20/alto-1-4.xsd"><metad><titre>Le Petit Parisien</titre><genre>PERIODIQUE</genre><dateEdition>08.12.1877</dateEdition><nbpages>4</nbpages></metad><ocr/><contenus><nbArticle>28</nbArticle><blocTab>7</blocTab><blocPub>8</blocPub><blocIllustration>0</blocIllustration><page><fichier>ALTO/18771208_1-0001.xml</fichier><nbString>3217</nbString><nbCar/><blocTexte>45</blocTexte><blocPub>1</blocPub><blocIllustration>0</blocIllustration><sommeWC>2534.000000000013</sommeWC></page><page><fichier>ALTO/18771208_1-0002.xml</fichier><nbString>4343</nbString><nbCar/><blocTexte>44</blocTexte><blocPub>1</blocPub><blocIllustration>0</blocIllustration><sommeWC>3338.029999999972</sommeWC></page><page><fichier>ALTO/18771208_1-0003.xml</fichier><nbString>4602</nbString><nbCar/><blocTexte>58</blocTexte><blocPub>1</blocPub><blocIllustration>0</blocIllustration><sommeWC>3599.549999999949</sommeWC></page><page><fichier>ALTO/18771208_1-0004.xml</fichier><nbString>4292</nbString><nbCar/><blocTexte>37</blocTexte><blocPub>5</blocPub><blocIllustration>0</blocIllustration><sommeWC>2749.5400000000045</sommeWC></page></contenus></analyseAlto>