<?xml version="1.0" encoding="UTF-8"?><analyseAlto xmlns:xlink="http://www.w3.org/1999/xlink" xmlns:mods="http://www.loc.gov/mods/v3" xmlns:mets="http://www.loc.gov/METS/" xmlns:alto="http://schema.ccs-gmbh.com/docworks/version20/alto-1-4.xsd"><metad><titre>Le Petit Parisien</titre><genre>PERIODIQUE</genre><dateEdition>05.07.1877</dateEdition><nbpages>4</nbpages></metad><ocr/><contenus><nbArticle>29</nbArticle><blocTab>1</blocTab><blocPub>29</blocPub><blocIllustration>0</blocIllustration><page><fichier>ALTO/18770705_1-0001.xml</fichier><nbString>4153</nbString><nbCar/><blocTexte>34</blocTexte><blocPub>2</blocPub><blocIllustration>0</blocIllustration><sommeWC>3170.029999999982</sommeWC></page><page><fichier>ALTO/18770705_1-0002.xml</fichier><nbString>4398</nbString><nbCar/><blocTexte>52</blocTexte><blocPub>0</blocPub><blocIllustration>0</blocIllustration><sommeWC>3515.8499999999603</sommeWC></page><page><fichier>ALTO/18770705_1-0003.xml</fichier><nbString>5063</nbString><nbCar/><blocTexte>44</blocTexte><blocPub>5</blocPub><blocIllustration>0</blocIllustration><sommeWC>3957.279999999944</sommeWC></page><page><fichier>ALTO/18770705_1-0004.xml</fichier><nbString>4260</nbString><nbCar/><blocTexte>58</blocTexte><blocPub>22</blocPub><blocIllustration>0</blocIllustration><sommeWC>2800.6300000000015</sommeWC></page></contenus></analyseAlto>