<?xml version="1.0" encoding="UTF-8"?><analyseAlto xmlns:xlink="http://www.w3.org/1999/xlink" xmlns:mods="http://www.loc.gov/mods/v3" xmlns:mets="http://www.loc.gov/METS/" xmlns:alto="http://schema.ccs-gmbh.com/docworks/version20/alto-1-4.xsd"><metad><titre>Le Petit Parisien</titre><genre>PERIODIQUE</genre><dateEdition>11.07.1877</dateEdition><nbpages>4</nbpages></metad><ocr/><contenus><nbArticle>30</nbArticle><blocTab>1</blocTab><blocPub>11</blocPub><blocIllustration>0</blocIllustration><page><fichier>ALTO/18770711_1-0001.xml</fichier><nbString>3917</nbString><nbCar/><blocTexte>48</blocTexte><blocPub>1</blocPub><blocIllustration>0</blocIllustration><sommeWC>3071.2499999999786</sommeWC></page><page><fichier>ALTO/18770711_1-0002.xml</fichier><nbString>4767</nbString><nbCar/><blocTexte>38</blocTexte><blocPub>0</blocPub><blocIllustration>0</blocIllustration><sommeWC>3630.5299999999515</sommeWC></page><page><fichier>ALTO/18770711_1-0003.xml</fichier><nbString>5064</nbString><nbCar/><blocTexte>55</blocTexte><blocPub>4</blocPub><blocIllustration>0</blocIllustration><sommeWC>3814.449999999966</sommeWC></page><page><fichier>ALTO/18770711_1-0004.xml</fichier><nbString>1040</nbString><nbCar/><blocTexte>9</blocTexte><blocPub>6</blocPub><blocIllustration>0</blocIllustration><sommeWC>648.0500000000033</sommeWC></page></contenus></analyseAlto>