<?xml version="1.0" encoding="UTF-8"?><analyseAlto xmlns:xlink="http://www.w3.org/1999/xlink" xmlns:mods="http://www.loc.gov/mods/v3" xmlns:mets="http://www.loc.gov/METS/" xmlns:alto="http://schema.ccs-gmbh.com/docworks/version20/alto-1-4.xsd"><metad><titre>Le Petit Parisien</titre><genre>PERIODIQUE</genre><dateEdition>05.08.1877</dateEdition><nbpages>4</nbpages></metad><ocr/><contenus><nbArticle>35</nbArticle><blocTab>11</blocTab><blocPub>3</blocPub><blocIllustration>0</blocIllustration><page><fichier>ALTO/18770805_1-0001.xml</fichier><nbString>3897</nbString><nbCar/><blocTexte>38</blocTexte><blocPub>0</blocPub><blocIllustration>0</blocIllustration><sommeWC>3004.809999999983</sommeWC></page><page><fichier>ALTO/18770805_1-0002.xml</fichier><nbString>4457</nbString><nbCar/><blocTexte>51</blocTexte><blocPub>0</blocPub><blocIllustration>0</blocIllustration><sommeWC>3440.4899999999575</sommeWC></page><page><fichier>ALTO/18770805_1-0003.xml</fichier><nbString>4982</nbString><nbCar/><blocTexte>37</blocTexte><blocPub>0</blocPub><blocIllustration>0</blocIllustration><sommeWC>3829.869999999947</sommeWC></page><page><fichier>ALTO/18770805_1-0004.xml</fichier><nbString>12513</nbString><nbCar/><blocTexte>51</blocTexte><blocPub>3</blocPub><blocIllustration>0</blocIllustration><sommeWC>8124.749999999732</sommeWC></page></contenus></analyseAlto>