<?xml version="1.0" encoding="UTF-8"?><analyseAlto xmlns:xlink="http://www.w3.org/1999/xlink" xmlns:mods="http://www.loc.gov/mods/v3" xmlns:mets="http://www.loc.gov/METS/" xmlns:alto="http://schema.ccs-gmbh.com/docworks/version20/alto-1-4.xsd"><metad><titre>Le Petit Parisien</titre><genre>PERIODIQUE</genre><dateEdition>10.07.1877</dateEdition><nbpages>4</nbpages></metad><ocr/><contenus><nbArticle>19</nbArticle><blocTab>0</blocTab><blocPub>15</blocPub><blocIllustration>0</blocIllustration><page><fichier>ALTO/18770710_1-0001.xml</fichier><nbString>4100</nbString><nbCar/><blocTexte>41</blocTexte><blocPub>1</blocPub><blocIllustration>0</blocIllustration><sommeWC>3192.569999999973</sommeWC></page><page><fichier>ALTO/18770710_1-0002.xml</fichier><nbString>4824</nbString><nbCar/><blocTexte>26</blocTexte><blocPub>0</blocPub><blocIllustration>0</blocIllustration><sommeWC>3746.529999999933</sommeWC></page><page><fichier>ALTO/18770710_1-0003.xml</fichier><nbString>5158</nbString><nbCar/><blocTexte>43</blocTexte><blocPub>4</blocPub><blocIllustration>0</blocIllustration><sommeWC>3922.019999999946</sommeWC></page><page><fichier>ALTO/18770710_1-0004.xml</fichier><nbString>4313</nbString><nbCar/><blocTexte>35</blocTexte><blocPub>10</blocPub><blocIllustration>0</blocIllustration><sommeWC>2965.480000000005</sommeWC></page></contenus></analyseAlto>