<?xml version="1.0" encoding="UTF-8"?><analyseAlto xmlns:xlink="http://www.w3.org/1999/xlink" xmlns:mods="http://www.loc.gov/mods/v3" xmlns:mets="http://www.loc.gov/METS/" xmlns:alto="http://schema.ccs-gmbh.com/docworks/version20/alto-1-4.xsd"><metad><titre>Le Petit Parisien</titre><genre>PERIODIQUE</genre><dateEdition>20.11.1877</dateEdition><nbpages>4</nbpages></metad><ocr/><contenus><nbArticle>21</nbArticle><blocTab>2</blocTab><blocPub>12</blocPub><blocIllustration>0</blocIllustration><page><fichier>ALTO/18771120_1-0001.xml</fichier><nbString>3493</nbString><nbCar/><blocTexte>45</blocTexte><blocPub>1</blocPub><blocIllustration>0</blocIllustration><sommeWC>2625.910000000017</sommeWC></page><page><fichier>ALTO/18771120_1-0002.xml</fichier><nbString>4325</nbString><nbCar/><blocTexte>42</blocTexte><blocPub>0</blocPub><blocIllustration>0</blocIllustration><sommeWC>3218.559999999985</sommeWC></page><page><fichier>ALTO/18771120_1-0003.xml</fichier><nbString>5361</nbString><nbCar/><blocTexte>38</blocTexte><blocPub>2</blocPub><blocIllustration>0</blocIllustration><sommeWC>4015.8699999999494</sommeWC></page><page><fichier>ALTO/18771120_1-0004.xml</fichier><nbString>3565</nbString><nbCar/><blocTexte>26</blocTexte><blocPub>9</blocPub><blocIllustration>0</blocIllustration><sommeWC>2290.3100000000222</sommeWC></page></contenus></analyseAlto>