<?xml version="1.0" encoding="UTF-8"?><analyseAlto xmlns:xlink="http://www.w3.org/1999/xlink" xmlns:mods="http://www.loc.gov/mods/v3" xmlns:mets="http://www.loc.gov/METS/" xmlns:alto="http://schema.ccs-gmbh.com/docworks/version20/alto-1-4.xsd"><metad><titre>Le Petit Parisien</titre><genre>PERIODIQUE</genre><dateEdition>27.05.1877</dateEdition><nbpages>4</nbpages></metad><ocr/><contenus><nbArticle>24</nbArticle><blocTab>1</blocTab><blocPub>13</blocPub><blocIllustration>0</blocIllustration><page><fichier>ALTO/18770527_1-0001.xml</fichier><nbString>3971</nbString><nbCar/><blocTexte>42</blocTexte><blocPub>2</blocPub><blocIllustration>0</blocIllustration><sommeWC>3141.72999999998</sommeWC></page><page><fichier>ALTO/18770527_1-0002.xml</fichier><nbString>4480</nbString><nbCar/><blocTexte>34</blocTexte><blocPub>0</blocPub><blocIllustration>0</blocIllustration><sommeWC>3704.5099999999343</sommeWC></page><page><fichier>ALTO/18770527_1-0003.xml</fichier><nbString>4670</nbString><nbCar/><blocTexte>36</blocTexte><blocPub>4</blocPub><blocIllustration>0</blocIllustration><sommeWC>3329.529999999981</sommeWC></page><page><fichier>ALTO/18770527_1-0004.xml</fichier><nbString>2427</nbString><nbCar/><blocTexte>23</blocTexte><blocPub>7</blocPub><blocIllustration>0</blocIllustration><sommeWC>1699.8400000000213</sommeWC></page></contenus></analyseAlto>