<?xml version="1.0" encoding="UTF-8"?><analyseAlto xmlns:xlink="http://www.w3.org/1999/xlink" xmlns:mods="http://www.loc.gov/mods/v3" xmlns:mets="http://www.loc.gov/METS/" xmlns:alto="http://schema.ccs-gmbh.com/docworks/version20/alto-1-4.xsd"><metad><titre>Le Petit Parisien</titre><genre>PERIODIQUE</genre><dateEdition>04.07.1877</dateEdition><nbpages>4</nbpages></metad><ocr/><contenus><nbArticle>27</nbArticle><blocTab>1</blocTab><blocPub>13</blocPub><blocIllustration>0</blocIllustration><page><fichier>ALTO/18770704_1-0001.xml</fichier><nbString>3797</nbString><nbCar/><blocTexte>56</blocTexte><blocPub>1</blocPub><blocIllustration>0</blocIllustration><sommeWC>2954.319999999991</sommeWC></page><page><fichier>ALTO/18770704_1-0002.xml</fichier><nbString>5051</nbString><nbCar/><blocTexte>31</blocTexte><blocPub>0</blocPub><blocIllustration>0</blocIllustration><sommeWC>4051.799999999918</sommeWC></page><page><fichier>ALTO/18770704_1-0003.xml</fichier><nbString>5764</nbString><nbCar/><blocTexte>35</blocTexte><blocPub>2</blocPub><blocIllustration>0</blocIllustration><sommeWC>4642.949999999871</sommeWC></page><page><fichier>ALTO/18770704_1-0004.xml</fichier><nbString>4107</nbString><nbCar/><blocTexte>35</blocTexte><blocPub>10</blocPub><blocIllustration>0</blocIllustration><sommeWC>2606.130000000001</sommeWC></page></contenus></analyseAlto>