<?xml version="1.0" encoding="UTF-8"?><analyseAlto xmlns:xlink="http://www.w3.org/1999/xlink" xmlns:mods="http://www.loc.gov/mods/v3" xmlns:mets="http://www.loc.gov/METS/" xmlns:alto="http://schema.ccs-gmbh.com/docworks/version20/alto-1-4.xsd"><metad><titre>Le Petit Parisien</titre><genre>PERIODIQUE</genre><dateEdition>01.12.1877</dateEdition><nbpages>4</nbpages></metad><ocr/><contenus><nbArticle>25</nbArticle><blocTab>3</blocTab><blocPub>9</blocPub><blocIllustration>0</blocIllustration><page><fichier>ALTO/18771201_1-0001.xml</fichier><nbString>3339</nbString><nbCar/><blocTexte>40</blocTexte><blocPub>2</blocPub><blocIllustration>0</blocIllustration><sommeWC>2583.700000000013</sommeWC></page><page><fichier>ALTO/18771201_1-0002.xml</fichier><nbString>4222</nbString><nbCar/><blocTexte>45</blocTexte><blocPub>0</blocPub><blocIllustration>0</blocIllustration><sommeWC>3200.5399999999777</sommeWC></page><page><fichier>ALTO/18771201_1-0003.xml</fichier><nbString>5134</nbString><nbCar/><blocTexte>39</blocTexte><blocPub>0</blocPub><blocIllustration>0</blocIllustration><sommeWC>3790.9599999999523</sommeWC></page><page><fichier>ALTO/18771201_1-0004.xml</fichier><nbString>3062</nbString><nbCar/><blocTexte>32</blocTexte><blocPub>7</blocPub><blocIllustration>0</blocIllustration><sommeWC>2032.4300000000328</sommeWC></page></contenus></analyseAlto>