<?xml version="1.0" encoding="UTF-8"?><analyseAlto xmlns:xlink="http://www.w3.org/1999/xlink" xmlns:mods="http://www.loc.gov/mods/v3" xmlns:mets="http://www.loc.gov/METS/" xmlns:alto="http://schema.ccs-gmbh.com/docworks/version20/alto-1-4.xsd"><metad><titre>Le Petit Parisien</titre><genre>PERIODIQUE</genre><dateEdition>13.05.1877</dateEdition><nbpages>4</nbpages></metad><ocr/><contenus><nbArticle>27</nbArticle><blocTab>1</blocTab><blocPub>12</blocPub><blocIllustration>0</blocIllustration><page><fichier>ALTO/18770513_1-0001.xml</fichier><nbString>3961</nbString><nbCar/><blocTexte>36</blocTexte><blocPub>2</blocPub><blocIllustration>0</blocIllustration><sommeWC>3167.14999999997</sommeWC></page><page><fichier>ALTO/18770513_1-0002.xml</fichier><nbString>4464</nbString><nbCar/><blocTexte>40</blocTexte><blocPub>0</blocPub><blocIllustration>0</blocIllustration><sommeWC>3588.9799999999514</sommeWC></page><page><fichier>ALTO/18770513_1-0003.xml</fichier><nbString>5366</nbString><nbCar/><blocTexte>36</blocTexte><blocPub>3</blocPub><blocIllustration>0</blocIllustration><sommeWC>4319.739999999903</sommeWC></page><page><fichier>ALTO/18770513_1-0004.xml</fichier><nbString>4148</nbString><nbCar/><blocTexte>42</blocTexte><blocPub>7</blocPub><blocIllustration>0</blocIllustration><sommeWC>2591.500000000012</sommeWC></page></contenus></analyseAlto>