<?xml version="1.0" encoding="UTF-8"?><analyseAlto xmlns:xlink="http://www.w3.org/1999/xlink" xmlns:mods="http://www.loc.gov/mods/v3" xmlns:mets="http://www.loc.gov/METS/" xmlns:alto="http://schema.ccs-gmbh.com/docworks/version20/alto-1-4.xsd"><metad><titre>Le Petit Parisien</titre><genre>PERIODIQUE</genre><dateEdition>25.03.1877</dateEdition><nbpages>4</nbpages></metad><ocr/><contenus><nbArticle>28</nbArticle><blocTab>4</blocTab><blocPub>8</blocPub><blocIllustration>0</blocIllustration><page><fichier>ALTO/18770325_1-0001.xml</fichier><nbString>4054</nbString><nbCar/><blocTexte>32</blocTexte><blocPub>1</blocPub><blocIllustration>0</blocIllustration><sommeWC>3351.0799999999504</sommeWC></page><page><fichier>ALTO/18770325_1-0002.xml</fichier><nbString>4689</nbString><nbCar/><blocTexte>32</blocTexte><blocPub>0</blocPub><blocIllustration>0</blocIllustration><sommeWC>3832.609999999921</sommeWC></page><page><fichier>ALTO/18770325_1-0003.xml</fichier><nbString>5334</nbString><nbCar/><blocTexte>29</blocTexte><blocPub>0</blocPub><blocIllustration>0</blocIllustration><sommeWC>4382.649999999871</sommeWC></page><page><fichier>ALTO/18770325_1-0004.xml</fichier><nbString>4308</nbString><nbCar/><blocTexte>47</blocTexte><blocPub>7</blocPub><blocIllustration>0</blocIllustration><sommeWC>2908.3599999999997</sommeWC></page></contenus></analyseAlto>