<?xml version="1.0" encoding="UTF-8"?><analyseAlto xmlns:xlink="http://www.w3.org/1999/xlink" xmlns:mods="http://www.loc.gov/mods/v3" xmlns:mets="http://www.loc.gov/METS/" xmlns:alto="http://schema.ccs-gmbh.com/docworks/version20/alto-1-4.xsd"><metad><titre>Le Petit Parisien</titre><genre>PERIODIQUE</genre><dateEdition>25.04.1877</dateEdition><nbpages>4</nbpages></metad><ocr/><contenus><nbArticle>32</nbArticle><blocTab>4</blocTab><blocPub>11</blocPub><blocIllustration>0</blocIllustration><page><fichier>ALTO/18770425_1-0001.xml</fichier><nbString>3811</nbString><nbCar/><blocTexte>37</blocTexte><blocPub>1</blocPub><blocIllustration>0</blocIllustration><sommeWC>3024.219999999976</sommeWC></page><page><fichier>ALTO/18770425_1-0002.xml</fichier><nbString>4781</nbString><nbCar/><blocTexte>40</blocTexte><blocPub>0</blocPub><blocIllustration>0</blocIllustration><sommeWC>3766.6599999999357</sommeWC></page><page><fichier>ALTO/18770425_1-0003.xml</fichier><nbString>5103</nbString><nbCar/><blocTexte>24</blocTexte><blocPub>1</blocPub><blocIllustration>0</blocIllustration><sommeWC>4163.139999999909</sommeWC></page><page><fichier>ALTO/18770425_1-0004.xml</fichier><nbString>4051</nbString><nbCar/><blocTexte>42</blocTexte><blocPub>9</blocPub><blocIllustration>0</blocIllustration><sommeWC>2696.429999999995</sommeWC></page></contenus></analyseAlto>