<?xml version="1.0" encoding="UTF-8"?><analyseAlto xmlns:xlink="http://www.w3.org/1999/xlink" xmlns:mods="http://www.loc.gov/mods/v3" xmlns:mets="http://www.loc.gov/METS/" xmlns:alto="http://schema.ccs-gmbh.com/docworks/version20/alto-1-4.xsd"><metad><titre>Le Petit Parisien</titre><genre>PERIODIQUE</genre><dateEdition>14.11.1877</dateEdition><nbpages>4</nbpages></metad><ocr/><contenus><nbArticle>25</nbArticle><blocTab>1</blocTab><blocPub>4</blocPub><blocIllustration>0</blocIllustration><page><fichier>ALTO/18771114_1-0001.xml</fichier><nbString>3601</nbString><nbCar/><blocTexte>40</blocTexte><blocPub>1</blocPub><blocIllustration>0</blocIllustration><sommeWC>2880.2799999999897</sommeWC></page><page><fichier>ALTO/18771114_1-0002.xml</fichier><nbString>4160</nbString><nbCar/><blocTexte>57</blocTexte><blocPub>0</blocPub><blocIllustration>0</blocIllustration><sommeWC>3220.139999999983</sommeWC></page><page><fichier>ALTO/18771114_1-0003.xml</fichier><nbString>4592</nbString><nbCar/><blocTexte>41</blocTexte><blocPub>0</blocPub><blocIllustration>0</blocIllustration><sommeWC>3616.1599999999526</sommeWC></page><page><fichier>ALTO/18771114_1-0004.xml</fichier><nbString>5081</nbString><nbCar/><blocTexte>38</blocTexte><blocPub>3</blocPub><blocIllustration>0</blocIllustration><sommeWC>3553.429999999987</sommeWC></page></contenus></analyseAlto>