<?xml version="1.0" encoding="UTF-8"?><analyseAlto xmlns:xlink="http://www.w3.org/1999/xlink" xmlns:mods="http://www.loc.gov/mods/v3" xmlns:mets="http://www.loc.gov/METS/" xmlns:alto="http://schema.ccs-gmbh.com/docworks/version20/alto-1-4.xsd"><metad><titre>Le Petit Parisien</titre><genre>PERIODIQUE</genre><dateEdition>15.06.1877</dateEdition><nbpages>4</nbpages></metad><ocr/><contenus><nbArticle>29</nbArticle><blocTab>2</blocTab><blocPub>36</blocPub><blocIllustration>0</blocIllustration><page><fichier>ALTO/18770615_1-0001.xml</fichier><nbString>3574</nbString><nbCar/><blocTexte>40</blocTexte><blocPub>2</blocPub><blocIllustration>0</blocIllustration><sommeWC>2854.1599999999917</sommeWC></page><page><fichier>ALTO/18770615_1-0002.xml</fichier><nbString>4409</nbString><nbCar/><blocTexte>42</blocTexte><blocPub>0</blocPub><blocIllustration>0</blocIllustration><sommeWC>3554.5199999999563</sommeWC></page><page><fichier>ALTO/18770615_1-0003.xml</fichier><nbString>4570</nbString><nbCar/><blocTexte>64</blocTexte><blocPub>4</blocPub><blocIllustration>0</blocIllustration><sommeWC>3552.789999999949</sommeWC></page><page><fichier>ALTO/18770615_1-0004.xml</fichier><nbString>2668</nbString><nbCar/><blocTexte>45</blocTexte><blocPub>30</blocPub><blocIllustration>0</blocIllustration><sommeWC>1674.41000000002</sommeWC></page></contenus></analyseAlto>