<?xml version="1.0" encoding="UTF-8"?><analyseAlto xmlns:xlink="http://www.w3.org/1999/xlink" xmlns:mods="http://www.loc.gov/mods/v3" xmlns:mets="http://www.loc.gov/METS/" xmlns:alto="http://schema.ccs-gmbh.com/docworks/version20/alto-1-4.xsd"><metad><titre>Le Petit Parisien</titre><genre>PERIODIQUE</genre><dateEdition>21.11.1877</dateEdition><nbpages>4</nbpages></metad><ocr/><contenus><nbArticle>24</nbArticle><blocTab>1</blocTab><blocPub>16</blocPub><blocIllustration>0</blocIllustration><page><fichier>ALTO/18771121_1-0001.xml</fichier><nbString>4385</nbString><nbCar/><blocTexte>37</blocTexte><blocPub>1</blocPub><blocIllustration>0</blocIllustration><sommeWC>3272.2299999999786</sommeWC></page><page><fichier>ALTO/18771121_1-0002.xml</fichier><nbString>4601</nbString><nbCar/><blocTexte>49</blocTexte><blocPub>0</blocPub><blocIllustration>0</blocIllustration><sommeWC>3567.139999999959</sommeWC></page><page><fichier>ALTO/18771121_1-0003.xml</fichier><nbString>4767</nbString><nbCar/><blocTexte>43</blocTexte><blocPub>4</blocPub><blocIllustration>0</blocIllustration><sommeWC>3638.8899999999485</sommeWC></page><page><fichier>ALTO/18771121_1-0004.xml</fichier><nbString>2675</nbString><nbCar/><blocTexte>14</blocTexte><blocPub>11</blocPub><blocIllustration>0</blocIllustration><sommeWC>1581.8200000000177</sommeWC></page></contenus></analyseAlto>