<?xml version="1.0" encoding="UTF-8"?><analyseAlto xmlns:xlink="http://www.w3.org/1999/xlink" xmlns:mods="http://www.loc.gov/mods/v3" xmlns:mets="http://www.loc.gov/METS/" xmlns:alto="http://schema.ccs-gmbh.com/docworks/version20/alto-1-4.xsd"><metad><titre>Le Petit Parisien</titre><genre>PERIODIQUE</genre><dateEdition>29.11.1877</dateEdition><nbpages>4</nbpages></metad><ocr/><contenus><nbArticle>30</nbArticle><blocTab>1</blocTab><blocPub>8</blocPub><blocIllustration>0</blocIllustration><page><fichier>ALTO/18771129_1-0001.xml</fichier><nbString>3498</nbString><nbCar/><blocTexte>40</blocTexte><blocPub>1</blocPub><blocIllustration>0</blocIllustration><sommeWC>2869.439999999988</sommeWC></page><page><fichier>ALTO/18771129_1-0002.xml</fichier><nbString>4179</nbString><nbCar/><blocTexte>52</blocTexte><blocPub>0</blocPub><blocIllustration>0</blocIllustration><sommeWC>3267.8599999999674</sommeWC></page><page><fichier>ALTO/18771129_1-0003.xml</fichier><nbString>4874</nbString><nbCar/><blocTexte>41</blocTexte><blocPub>0</blocPub><blocIllustration>0</blocIllustration><sommeWC>3802.909999999945</sommeWC></page><page><fichier>ALTO/18771129_1-0004.xml</fichier><nbString>3878</nbString><nbCar/><blocTexte>28</blocTexte><blocPub>7</blocPub><blocIllustration>0</blocIllustration><sommeWC>2515.260000000002</sommeWC></page></contenus></analyseAlto>