<?xml version="1.0" encoding="UTF-8"?><analyseAlto xmlns:xlink="http://www.w3.org/1999/xlink" xmlns:mods="http://www.loc.gov/mods/v3" xmlns:mets="http://www.loc.gov/METS/" xmlns:alto="http://schema.ccs-gmbh.com/docworks/version20/alto-1-4.xsd"><metad><titre>Le Petit Parisien</titre><genre>PERIODIQUE</genre><dateEdition>27.04.1877</dateEdition><nbpages>4</nbpages></metad><ocr/><contenus><nbArticle>31</nbArticle><blocTab>2</blocTab><blocPub>6</blocPub><blocIllustration>0</blocIllustration><page><fichier>ALTO/18770427_1-0001.xml</fichier><nbString>4032</nbString><nbCar/><blocTexte>39</blocTexte><blocPub>0</blocPub><blocIllustration>0</blocIllustration><sommeWC>3266.0699999999624</sommeWC></page><page><fichier>ALTO/18770427_1-0002.xml</fichier><nbString>4869</nbString><nbCar/><blocTexte>40</blocTexte><blocPub>0</blocPub><blocIllustration>0</blocIllustration><sommeWC>3922.209999999928</sommeWC></page><page><fichier>ALTO/18770427_1-0003.xml</fichier><nbString>5326</nbString><nbCar/><blocTexte>32</blocTexte><blocPub>0</blocPub><blocIllustration>0</blocIllustration><sommeWC>4281.279999999908</sommeWC></page><page><fichier>ALTO/18770427_1-0004.xml</fichier><nbString>4206</nbString><nbCar/><blocTexte>48</blocTexte><blocPub>6</blocPub><blocIllustration>0</blocIllustration><sommeWC>2864.7599999999898</sommeWC></page></contenus></analyseAlto>