<?xml version="1.0" encoding="UTF-8"?><analyseAlto xmlns:xlink="http://www.w3.org/1999/xlink" xmlns:mods="http://www.loc.gov/mods/v3" xmlns:mets="http://www.loc.gov/METS/" xmlns:alto="http://schema.ccs-gmbh.com/docworks/version20/alto-1-4.xsd"><metad><titre>Le Petit Parisien</titre><genre>PERIODIQUE</genre><dateEdition>01.06.1877</dateEdition><nbpages>4</nbpages></metad><ocr/><contenus><nbArticle>27</nbArticle><blocTab>2</blocTab><blocPub>11</blocPub><blocIllustration>0</blocIllustration><page><fichier>ALTO/18770601_1-0001.xml</fichier><nbString>3963</nbString><nbCar/><blocTexte>44</blocTexte><blocPub>1</blocPub><blocIllustration>0</blocIllustration><sommeWC>3054.1899999999887</sommeWC></page><page><fichier>ALTO/18770601_1-0002.xml</fichier><nbString>4557</nbString><nbCar/><blocTexte>37</blocTexte><blocPub>0</blocPub><blocIllustration>0</blocIllustration><sommeWC>3626.799999999947</sommeWC></page><page><fichier>ALTO/18770601_1-0003.xml</fichier><nbString>4943</nbString><nbCar/><blocTexte>51</blocTexte><blocPub>2</blocPub><blocIllustration>0</blocIllustration><sommeWC>3874.1999999999284</sommeWC></page><page><fichier>ALTO/18770601_1-0004.xml</fichier><nbString>2678</nbString><nbCar/><blocTexte>32</blocTexte><blocPub>8</blocPub><blocIllustration>0</blocIllustration><sommeWC>1840.4100000000326</sommeWC></page></contenus></analyseAlto>