<?xml version="1.0" encoding="UTF-8"?><analyseAlto xmlns:xlink="http://www.w3.org/1999/xlink" xmlns:mods="http://www.loc.gov/mods/v3" xmlns:mets="http://www.loc.gov/METS/" xmlns:alto="http://schema.ccs-gmbh.com/docworks/version20/alto-1-4.xsd"><metad><titre>Le Petit Parisien</titre><genre>PERIODIQUE</genre><dateEdition>04.08.1877</dateEdition><nbpages>4</nbpages></metad><ocr/><contenus><nbArticle>34</nbArticle><blocTab>6</blocTab><blocPub>14</blocPub><blocIllustration>0</blocIllustration><page><fichier>ALTO/18770804_1-0001.xml</fichier><nbString>3826</nbString><nbCar/><blocTexte>35</blocTexte><blocPub>0</blocPub><blocIllustration>0</blocIllustration><sommeWC>3019.5499999999897</sommeWC></page><page><fichier>ALTO/18770804_1-0002.xml</fichier><nbString>4334</nbString><nbCar/><blocTexte>63</blocTexte><blocPub>0</blocPub><blocIllustration>0</blocIllustration><sommeWC>3407.1899999999596</sommeWC></page><page><fichier>ALTO/18770804_1-0003.xml</fichier><nbString>4964</nbString><nbCar/><blocTexte>48</blocTexte><blocPub>3</blocPub><blocIllustration>0</blocIllustration><sommeWC>3862.2299999999395</sommeWC></page><page><fichier>ALTO/18770804_1-0004.xml</fichier><nbString>4477</nbString><nbCar/><blocTexte>52</blocTexte><blocPub>11</blocPub><blocIllustration>0</blocIllustration><sommeWC>2836.1499999999983</sommeWC></page></contenus></analyseAlto>