<?xml version="1.0" encoding="UTF-8"?><analyseAlto xmlns:xlink="http://www.w3.org/1999/xlink" xmlns:mods="http://www.loc.gov/mods/v3" xmlns:mets="http://www.loc.gov/METS/" xmlns:alto="http://schema.ccs-gmbh.com/docworks/version20/alto-1-4.xsd"><metad><titre>Le Petit Parisien</titre><genre>PERIODIQUE</genre><dateEdition>11.01.1877</dateEdition><nbpages>4</nbpages></metad><ocr/><contenus><nbArticle>24</nbArticle><blocTab>1</blocTab><blocPub>13</blocPub><blocIllustration>0</blocIllustration><page><fichier>ALTO/18770111_1-0001.xml</fichier><nbString>3820</nbString><nbCar/><blocTexte>39</blocTexte><blocPub>4</blocPub><blocIllustration>0</blocIllustration><sommeWC>3063.349999999976</sommeWC></page><page><fichier>ALTO/18770111_1-0002.xml</fichier><nbString>4468</nbString><nbCar/><blocTexte>38</blocTexte><blocPub>0</blocPub><blocIllustration>0</blocIllustration><sommeWC>3628.109999999939</sommeWC></page><page><fichier>ALTO/18770111_1-0003.xml</fichier><nbString>4734</nbString><nbCar/><blocTexte>33</blocTexte><blocPub>2</blocPub><blocIllustration>0</blocIllustration><sommeWC>3873.979999999943</sommeWC></page><page><fichier>ALTO/18770111_1-0004.xml</fichier><nbString>3693</nbString><nbCar/><blocTexte>27</blocTexte><blocPub>7</blocPub><blocIllustration>0</blocIllustration><sommeWC>2588.2100000000037</sommeWC></page></contenus></analyseAlto>