<?xml version="1.0" encoding="UTF-8"?><analyseAlto xmlns:xlink="http://www.w3.org/1999/xlink" xmlns:mods="http://www.loc.gov/mods/v3" xmlns:mets="http://www.loc.gov/METS/" xmlns:alto="http://schema.ccs-gmbh.com/docworks/version20/alto-1-4.xsd"><metad><titre>Le Petit Parisien</titre><genre>PERIODIQUE</genre><dateEdition>16.09.1877</dateEdition><nbpages>4</nbpages></metad><ocr/><contenus><nbArticle>23</nbArticle><blocTab>1</blocTab><blocPub>5</blocPub><blocIllustration>0</blocIllustration><page><fichier>ALTO/18770916_1-0001.xml</fichier><nbString>3830</nbString><nbCar/><blocTexte>37</blocTexte><blocPub>1</blocPub><blocIllustration>0</blocIllustration><sommeWC>3042.629999999976</sommeWC></page><page><fichier>ALTO/18770916_1-0002.xml</fichier><nbString>4339</nbString><nbCar/><blocTexte>42</blocTexte><blocPub>0</blocPub><blocIllustration>0</blocIllustration><sommeWC>3425.7999999999574</sommeWC></page><page><fichier>ALTO/18770916_1-0003.xml</fichier><nbString>4697</nbString><nbCar/><blocTexte>49</blocTexte><blocPub>0</blocPub><blocIllustration>0</blocIllustration><sommeWC>3696.389999999935</sommeWC></page><page><fichier>ALTO/18770916_1-0004.xml</fichier><nbString>4709</nbString><nbCar/><blocTexte>28</blocTexte><blocPub>4</blocPub><blocIllustration>0</blocIllustration><sommeWC>3174.3199999999924</sommeWC></page></contenus></analyseAlto>