<?xml version="1.0" encoding="UTF-8"?><analyseAlto xmlns:xlink="http://www.w3.org/1999/xlink" xmlns:mods="http://www.loc.gov/mods/v3" xmlns:mets="http://www.loc.gov/METS/" xmlns:alto="http://schema.ccs-gmbh.com/docworks/version20/alto-1-4.xsd"><metad><titre>Le Petit Parisien</titre><genre>PERIODIQUE</genre><dateEdition>22.03.1877</dateEdition><nbpages>4</nbpages></metad><ocr/><contenus><nbArticle>25</nbArticle><blocTab>4</blocTab><blocPub>9</blocPub><blocIllustration>0</blocIllustration><page><fichier>ALTO/18770322_1-0001.xml</fichier><nbString>4007</nbString><nbCar/><blocTexte>38</blocTexte><blocPub>1</blocPub><blocIllustration>0</blocIllustration><sommeWC>3236.139999999967</sommeWC></page><page><fichier>ALTO/18770322_1-0002.xml</fichier><nbString>4823</nbString><nbCar/><blocTexte>34</blocTexte><blocPub>0</blocPub><blocIllustration>0</blocIllustration><sommeWC>3895.2799999999206</sommeWC></page><page><fichier>ALTO/18770322_1-0003.xml</fichier><nbString>5322</nbString><nbCar/><blocTexte>40</blocTexte><blocPub>1</blocPub><blocIllustration>0</blocIllustration><sommeWC>4257.979999999891</sommeWC></page><page><fichier>ALTO/18770322_1-0004.xml</fichier><nbString>4233</nbString><nbCar/><blocTexte>45</blocTexte><blocPub>7</blocPub><blocIllustration>0</blocIllustration><sommeWC>2720.4899999999993</sommeWC></page></contenus></analyseAlto>