<?xml version="1.0" encoding="UTF-8"?><analyseAlto xmlns:xlink="http://www.w3.org/1999/xlink" xmlns:mods="http://www.loc.gov/mods/v3" xmlns:mets="http://www.loc.gov/METS/" xmlns:alto="http://schema.ccs-gmbh.com/docworks/version20/alto-1-4.xsd"><metad><titre>Le Petit Parisien</titre><genre>PERIODIQUE</genre><dateEdition>09.03.1877</dateEdition><nbpages>4</nbpages></metad><ocr/><contenus><nbArticle>23</nbArticle><blocTab>5</blocTab><blocPub>19</blocPub><blocIllustration>0</blocIllustration><page><fichier>ALTO/18770309_1-0001.xml</fichier><nbString>3846</nbString><nbCar/><blocTexte>37</blocTexte><blocPub>1</blocPub><blocIllustration>0</blocIllustration><sommeWC>3190.80999999996</sommeWC></page><page><fichier>ALTO/18770309_1-0002.xml</fichier><nbString>4345</nbString><nbCar/><blocTexte>34</blocTexte><blocPub>0</blocPub><blocIllustration>0</blocIllustration><sommeWC>3590.8399999999347</sommeWC></page><page><fichier>ALTO/18770309_1-0003.xml</fichier><nbString>5336</nbString><nbCar/><blocTexte>39</blocTexte><blocPub>0</blocPub><blocIllustration>0</blocIllustration><sommeWC>4431.179999999856</sommeWC></page><page><fichier>ALTO/18770309_1-0004.xml</fichier><nbString>3355</nbString><nbCar/><blocTexte>54</blocTexte><blocPub>18</blocPub><blocIllustration>0</blocIllustration><sommeWC>2278.88000000002</sommeWC></page></contenus></analyseAlto>