<?xml version="1.0" encoding="UTF-8"?><analyseAlto xmlns:xlink="http://www.w3.org/1999/xlink" xmlns:mods="http://www.loc.gov/mods/v3" xmlns:mets="http://www.loc.gov/METS/" xmlns:alto="http://schema.ccs-gmbh.com/docworks/version20/alto-1-4.xsd"><metad><titre>Le Petit Parisien</titre><genre>PERIODIQUE</genre><dateEdition>26.03.1877</dateEdition><nbpages>4</nbpages></metad><ocr/><contenus><nbArticle>30</nbArticle><blocTab>5</blocTab><blocPub>16</blocPub><blocIllustration>0</blocIllustration><page><fichier>ALTO/18770326_1-0001.xml</fichier><nbString>3970</nbString><nbCar/><blocTexte>38</blocTexte><blocPub>1</blocPub><blocIllustration>0</blocIllustration><sommeWC>3245.2899999999686</sommeWC></page><page><fichier>ALTO/18770326_1-0002.xml</fichier><nbString>5444</nbString><nbCar/><blocTexte>23</blocTexte><blocPub>0</blocPub><blocIllustration>0</blocIllustration><sommeWC>4415.499999999892</sommeWC></page><page><fichier>ALTO/18770326_1-0003.xml</fichier><nbString>5313</nbString><nbCar/><blocTexte>50</blocTexte><blocPub>1</blocPub><blocIllustration>0</blocIllustration><sommeWC>4175.099999999913</sommeWC></page><page><fichier>ALTO/18770326_1-0004.xml</fichier><nbString>4527</nbString><nbCar/><blocTexte>21</blocTexte><blocPub>14</blocPub><blocIllustration>0</blocIllustration><sommeWC>3033.2799999999706</sommeWC></page></contenus></analyseAlto>