<?xml version="1.0" encoding="UTF-8"?><analyseAlto xmlns:xlink="http://www.w3.org/1999/xlink" xmlns:mods="http://www.loc.gov/mods/v3" xmlns:mets="http://www.loc.gov/METS/" xmlns:alto="http://schema.ccs-gmbh.com/docworks/version20/alto-1-4.xsd"><metad><titre>Le Petit Parisien</titre><genre>PERIODIQUE</genre><dateEdition>15.09.1877</dateEdition><nbpages>4</nbpages></metad><ocr/><contenus><nbArticle>24</nbArticle><blocTab>1</blocTab><blocPub>9</blocPub><blocIllustration>0</blocIllustration><page><fichier>ALTO/18770915_1-0001.xml</fichier><nbString>3837</nbString><nbCar/><blocTexte>44</blocTexte><blocPub>2</blocPub><blocIllustration>0</blocIllustration><sommeWC>3000.909999999985</sommeWC></page><page><fichier>ALTO/18770915_1-0002.xml</fichier><nbString>4576</nbString><nbCar/><blocTexte>34</blocTexte><blocPub>0</blocPub><blocIllustration>0</blocIllustration><sommeWC>3591.6799999999594</sommeWC></page><page><fichier>ALTO/18770915_1-0003.xml</fichier><nbString>4845</nbString><nbCar/><blocTexte>43</blocTexte><blocPub>1</blocPub><blocIllustration>0</blocIllustration><sommeWC>3757.9999999999495</sommeWC></page><page><fichier>ALTO/18770915_1-0004.xml</fichier><nbString>5114</nbString><nbCar/><blocTexte>40</blocTexte><blocPub>6</blocPub><blocIllustration>0</blocIllustration><sommeWC>3306.6399999999926</sommeWC></page></contenus></analyseAlto>