<?xml version="1.0" encoding="UTF-8"?><analyseAlto xmlns:xlink="http://www.w3.org/1999/xlink" xmlns:mods="http://www.loc.gov/mods/v3" xmlns:mets="http://www.loc.gov/METS/" xmlns:alto="http://schema.ccs-gmbh.com/docworks/version20/alto-1-4.xsd"><metad><titre>Le Petit Parisien</titre><genre>PERIODIQUE</genre><dateEdition>03.05.1877</dateEdition><nbpages>4</nbpages></metad><ocr/><contenus><nbArticle>32</nbArticle><blocTab>1</blocTab><blocPub>10</blocPub><blocIllustration>0</blocIllustration><page><fichier>ALTO/18770503_1-0001.xml</fichier><nbString>3853</nbString><nbCar/><blocTexte>33</blocTexte><blocPub>1</blocPub><blocIllustration>0</blocIllustration><sommeWC>3107.189999999988</sommeWC></page><page><fichier>ALTO/18770503_1-0002.xml</fichier><nbString>4715</nbString><nbCar/><blocTexte>34</blocTexte><blocPub>0</blocPub><blocIllustration>0</blocIllustration><sommeWC>3785.749999999937</sommeWC></page><page><fichier>ALTO/18770503_1-0003.xml</fichier><nbString>5410</nbString><nbCar/><blocTexte>39</blocTexte><blocPub>2</blocPub><blocIllustration>0</blocIllustration><sommeWC>4288.759999999905</sommeWC></page><page><fichier>ALTO/18770503_1-0004.xml</fichier><nbString>4273</nbString><nbCar/><blocTexte>50</blocTexte><blocPub>7</blocPub><blocIllustration>0</blocIllustration><sommeWC>2787.679999999989</sommeWC></page></contenus></analyseAlto>