<?xml version="1.0" encoding="UTF-8"?><analyseAlto xmlns:xlink="http://www.w3.org/1999/xlink" xmlns:mods="http://www.loc.gov/mods/v3" xmlns:mets="http://www.loc.gov/METS/" xmlns:alto="http://schema.ccs-gmbh.com/docworks/version20/alto-1-4.xsd"><metad><titre>Le Petit Parisien</titre><genre>PERIODIQUE</genre><dateEdition>18.03.1877</dateEdition><nbpages>4</nbpages></metad><ocr/><contenus><nbArticle>25</nbArticle><blocTab>5</blocTab><blocPub>12</blocPub><blocIllustration>0</blocIllustration><page><fichier>ALTO/18770318_1-0001.xml</fichier><nbString>4149</nbString><nbCar/><blocTexte>30</blocTexte><blocPub>1</blocPub><blocIllustration>0</blocIllustration><sommeWC>3248.759999999978</sommeWC></page><page><fichier>ALTO/18770318_1-0002.xml</fichier><nbString>4753</nbString><nbCar/><blocTexte>44</blocTexte><blocPub>0</blocPub><blocIllustration>0</blocIllustration><sommeWC>3822.1599999999257</sommeWC></page><page><fichier>ALTO/18770318_1-0003.xml</fichier><nbString>5331</nbString><nbCar/><blocTexte>45</blocTexte><blocPub>1</blocPub><blocIllustration>0</blocIllustration><sommeWC>4287.629999999895</sommeWC></page><page><fichier>ALTO/18770318_1-0004.xml</fichier><nbString>4350</nbString><nbCar/><blocTexte>36</blocTexte><blocPub>10</blocPub><blocIllustration>0</blocIllustration><sommeWC>2866.609999999983</sommeWC></page></contenus></analyseAlto>