<?xml version="1.0" encoding="UTF-8"?><analyseAlto xmlns:xlink="http://www.w3.org/1999/xlink" xmlns:mods="http://www.loc.gov/mods/v3" xmlns:mets="http://www.loc.gov/METS/" xmlns:alto="http://schema.ccs-gmbh.com/docworks/version20/alto-1-4.xsd"><metad><titre>Le Petit Parisien</titre><genre>PERIODIQUE</genre><dateEdition>28.06.1877</dateEdition><nbpages>4</nbpages></metad><ocr/><contenus><nbArticle>38</nbArticle><blocTab>1</blocTab><blocPub>13</blocPub><blocIllustration>0</blocIllustration><page><fichier>ALTO/18770628_1-0001.xml</fichier><nbString>3990</nbString><nbCar/><blocTexte>47</blocTexte><blocPub>1</blocPub><blocIllustration>0</blocIllustration><sommeWC>3148.8999999999783</sommeWC></page><page><fichier>ALTO/18770628_1-0002.xml</fichier><nbString>5091</nbString><nbCar/><blocTexte>37</blocTexte><blocPub>0</blocPub><blocIllustration>0</blocIllustration><sommeWC>3994.2899999999404</sommeWC></page><page><fichier>ALTO/18770628_1-0003.xml</fichier><nbString>4779</nbString><nbCar/><blocTexte>52</blocTexte><blocPub>5</blocPub><blocIllustration>0</blocIllustration><sommeWC>3667.939999999959</sommeWC></page><page><fichier>ALTO/18770628_1-0004.xml</fichier><nbString>4408</nbString><nbCar/><blocTexte>24</blocTexte><blocPub>7</blocPub><blocIllustration>0</blocIllustration><sommeWC>2798.299999999991</sommeWC></page></contenus></analyseAlto>