<?xml version="1.0" encoding="UTF-8"?><analyseAlto xmlns:xlink="http://www.w3.org/1999/xlink" xmlns:mods="http://www.loc.gov/mods/v3" xmlns:mets="http://www.loc.gov/METS/" xmlns:alto="http://schema.ccs-gmbh.com/docworks/version20/alto-1-4.xsd"><metad><titre>Le Petit Parisien</titre><genre>PERIODIQUE</genre><dateEdition>10.01.1877</dateEdition><nbpages>4</nbpages></metad><ocr/><contenus><nbArticle>24</nbArticle><blocTab>2</blocTab><blocPub>11</blocPub><blocIllustration>0</blocIllustration><page><fichier>ALTO/18770110_1-0001.xml</fichier><nbString>3613</nbString><nbCar/><blocTexte>42</blocTexte><blocPub>4</blocPub><blocIllustration>0</blocIllustration><sommeWC>2990.679999999985</sommeWC></page><page><fichier>ALTO/18770110_1-0002.xml</fichier><nbString>4167</nbString><nbCar/><blocTexte>40</blocTexte><blocPub>0</blocPub><blocIllustration>0</blocIllustration><sommeWC>3440.8499999999426</sommeWC></page><page><fichier>ALTO/18770110_1-0003.xml</fichier><nbString>4767</nbString><nbCar/><blocTexte>36</blocTexte><blocPub>1</blocPub><blocIllustration>0</blocIllustration><sommeWC>3883.599999999922</sommeWC></page><page><fichier>ALTO/18770110_1-0004.xml</fichier><nbString>4596</nbString><nbCar/><blocTexte>36</blocTexte><blocPub>6</blocPub><blocIllustration>0</blocIllustration><sommeWC>3285.169999999981</sommeWC></page></contenus></analyseAlto>