<?xml version="1.0" encoding="UTF-8"?><analyseAlto xmlns:xlink="http://www.w3.org/1999/xlink" xmlns:mods="http://www.loc.gov/mods/v3" xmlns:mets="http://www.loc.gov/METS/" xmlns:alto="http://schema.ccs-gmbh.com/docworks/version20/alto-1-4.xsd"><metad><titre>Le Petit Parisien</titre><genre>PERIODIQUE</genre><dateEdition>30.10.1877</dateEdition><nbpages>4</nbpages></metad><ocr/><contenus><nbArticle>24</nbArticle><blocTab>2</blocTab><blocPub>6</blocPub><blocIllustration>0</blocIllustration><page><fichier>ALTO/18771030_1-0001.xml</fichier><nbString>3195</nbString><nbCar/><blocTexte>48</blocTexte><blocPub>1</blocPub><blocIllustration>0</blocIllustration><sommeWC>2429.900000000023</sommeWC></page><page><fichier>ALTO/18771030_1-0002.xml</fichier><nbString>4096</nbString><nbCar/><blocTexte>50</blocTexte><blocPub>0</blocPub><blocIllustration>0</blocIllustration><sommeWC>3237.1899999999705</sommeWC></page><page><fichier>ALTO/18771030_1-0003.xml</fichier><nbString>4686</nbString><nbCar/><blocTexte>46</blocTexte><blocPub>0</blocPub><blocIllustration>0</blocIllustration><sommeWC>3572.2799999999525</sommeWC></page><page><fichier>ALTO/18771030_1-0004.xml</fichier><nbString>4964</nbString><nbCar/><blocTexte>44</blocTexte><blocPub>5</blocPub><blocIllustration>0</blocIllustration><sommeWC>3355.2499999999764</sommeWC></page></contenus></analyseAlto>