<?xml version="1.0" encoding="UTF-8"?><analyseAlto xmlns:xlink="http://www.w3.org/1999/xlink" xmlns:mods="http://www.loc.gov/mods/v3" xmlns:mets="http://www.loc.gov/METS/" xmlns:alto="http://schema.ccs-gmbh.com/docworks/version20/alto-1-4.xsd"><metad><titre>Le Petit Parisien</titre><genre>PERIODIQUE</genre><dateEdition>26.02.1877</dateEdition><nbpages>4</nbpages></metad><ocr/><contenus><nbArticle>30</nbArticle><blocTab>6</blocTab><blocPub>9</blocPub><blocIllustration>0</blocIllustration><page><fichier>ALTO/18770226_1-0001.xml</fichier><nbString>3796</nbString><nbCar/><blocTexte>39</blocTexte><blocPub>1</blocPub><blocIllustration>0</blocIllustration><sommeWC>3046.709999999973</sommeWC></page><page><fichier>ALTO/18770226_1-0002.xml</fichier><nbString>4234</nbString><nbCar/><blocTexte>47</blocTexte><blocPub>0</blocPub><blocIllustration>0</blocIllustration><sommeWC>3415.9299999999525</sommeWC></page><page><fichier>ALTO/18770226_1-0003.xml</fichier><nbString>6027</nbString><nbCar/><blocTexte>18</blocTexte><blocPub>1</blocPub><blocIllustration>0</blocIllustration><sommeWC>4628.659999999893</sommeWC></page><page><fichier>ALTO/18770226_1-0004.xml</fichier><nbString>4006</nbString><nbCar/><blocTexte>31</blocTexte><blocPub>7</blocPub><blocIllustration>0</blocIllustration><sommeWC>2703.379999999993</sommeWC></page></contenus></analyseAlto>