<?xml version="1.0" encoding="UTF-8"?><analyseAlto xmlns:xlink="http://www.w3.org/1999/xlink" xmlns:mods="http://www.loc.gov/mods/v3" xmlns:mets="http://www.loc.gov/METS/" xmlns:alto="http://schema.ccs-gmbh.com/docworks/version20/alto-1-4.xsd"><metad><titre>Le Petit Parisien</titre><genre>PERIODIQUE</genre><dateEdition>26.04.1877</dateEdition><nbpages>4</nbpages></metad><ocr/><contenus><nbArticle>28</nbArticle><blocTab>1</blocTab><blocPub>10</blocPub><blocIllustration>0</blocIllustration><page><fichier>ALTO/18770426_1-0001.xml</fichier><nbString>4037</nbString><nbCar/><blocTexte>40</blocTexte><blocPub>0</blocPub><blocIllustration>0</blocIllustration><sommeWC>3241.4599999999677</sommeWC></page><page><fichier>ALTO/18770426_1-0002.xml</fichier><nbString>5055</nbString><nbCar/><blocTexte>45</blocTexte><blocPub>1</blocPub><blocIllustration>0</blocIllustration><sommeWC>3956.1499999999255</sommeWC></page><page><fichier>ALTO/18770426_1-0003.xml</fichier><nbString>5245</nbString><nbCar/><blocTexte>33</blocTexte><blocPub>1</blocPub><blocIllustration>0</blocIllustration><sommeWC>4184.549999999923</sommeWC></page><page><fichier>ALTO/18770426_1-0004.xml</fichier><nbString>4395</nbString><nbCar/><blocTexte>44</blocTexte><blocPub>8</blocPub><blocIllustration>0</blocIllustration><sommeWC>2934.489999999994</sommeWC></page></contenus></analyseAlto>