<?xml version="1.0" encoding="UTF-8"?><analyseAlto xmlns:xlink="http://www.w3.org/1999/xlink" xmlns:mods="http://www.loc.gov/mods/v3" xmlns:mets="http://www.loc.gov/METS/" xmlns:alto="http://schema.ccs-gmbh.com/docworks/version20/alto-1-4.xsd"><metad><titre>Le Petit Parisien</titre><genre>PERIODIQUE</genre><dateEdition>03.10.1877</dateEdition><nbpages>4</nbpages></metad><ocr/><contenus><nbArticle>23</nbArticle><blocTab>1</blocTab><blocPub>7</blocPub><blocIllustration>0</blocIllustration><page><fichier>ALTO/18771003_1-0001.xml</fichier><nbString>3633</nbString><nbCar/><blocTexte>42</blocTexte><blocPub>1</blocPub><blocIllustration>0</blocIllustration><sommeWC>2645.0400000000104</sommeWC></page><page><fichier>ALTO/18771003_1-0002.xml</fichier><nbString>4560</nbString><nbCar/><blocTexte>52</blocTexte><blocPub>0</blocPub><blocIllustration>0</blocIllustration><sommeWC>3472.5699999999624</sommeWC></page><page><fichier>ALTO/18771003_1-0003.xml</fichier><nbString>4581</nbString><nbCar/><blocTexte>44</blocTexte><blocPub>2</blocPub><blocIllustration>0</blocIllustration><sommeWC>3402.7399999999743</sommeWC></page><page><fichier>ALTO/18771003_1-0004.xml</fichier><nbString>3599</nbString><nbCar/><blocTexte>23</blocTexte><blocPub>4</blocPub><blocIllustration>0</blocIllustration><sommeWC>2216.6400000000217</sommeWC></page></contenus></analyseAlto>