<?xml version="1.0" encoding="UTF-8"?><analyseAlto xmlns:xlink="http://www.w3.org/1999/xlink" xmlns:mods="http://www.loc.gov/mods/v3" xmlns:mets="http://www.loc.gov/METS/" xmlns:alto="http://schema.ccs-gmbh.com/docworks/version20/alto-1-4.xsd"><metad><titre>Le Petit Parisien</titre><genre>PERIODIQUE</genre><dateEdition>16.03.1877</dateEdition><nbpages>4</nbpages></metad><ocr/><contenus><nbArticle>18</nbArticle><blocTab>5</blocTab><blocPub>19</blocPub><blocIllustration>0</blocIllustration><page><fichier>ALTO/18770316_1-0001.xml</fichier><nbString>3668</nbString><nbCar/><blocTexte>36</blocTexte><blocPub>3</blocPub><blocIllustration>0</blocIllustration><sommeWC>2788.8399999999897</sommeWC></page><page><fichier>ALTO/18770316_1-0002.xml</fichier><nbString>5273</nbString><nbCar/><blocTexte>28</blocTexte><blocPub>0</blocPub><blocIllustration>0</blocIllustration><sommeWC>4246.649999999923</sommeWC></page><page><fichier>ALTO/18770316_1-0003.xml</fichier><nbString>6833</nbString><nbCar/><blocTexte>14</blocTexte><blocPub>1</blocPub><blocIllustration>0</blocIllustration><sommeWC>5318.119999999859</sommeWC></page><page><fichier>ALTO/18770316_1-0004.xml</fichier><nbString>3257</nbString><nbCar/><blocTexte>42</blocTexte><blocPub>15</blocPub><blocIllustration>0</blocIllustration><sommeWC>2018.0700000000345</sommeWC></page></contenus></analyseAlto>