<?xml version="1.0" encoding="UTF-8"?><analyseAlto xmlns:xlink="http://www.w3.org/1999/xlink" xmlns:mods="http://www.loc.gov/mods/v3" xmlns:mets="http://www.loc.gov/METS/" xmlns:alto="http://schema.ccs-gmbh.com/docworks/version20/alto-1-4.xsd"><metad><titre>Le Petit Parisien</titre><genre>PERIODIQUE</genre><dateEdition>22.07.1877</dateEdition><nbpages>4</nbpages></metad><ocr/><contenus><nbArticle>32</nbArticle><blocTab>6</blocTab><blocPub>21</blocPub><blocIllustration>0</blocIllustration><page><fichier>ALTO/18770722_1-0001.xml</fichier><nbString>3902</nbString><nbCar/><blocTexte>48</blocTexte><blocPub>0</blocPub><blocIllustration>0</blocIllustration><sommeWC>2919.7399999999943</sommeWC></page><page><fichier>ALTO/18770722_1-0002.xml</fichier><nbString>4155</nbString><nbCar/><blocTexte>48</blocTexte><blocPub>0</blocPub><blocIllustration>0</blocIllustration><sommeWC>3173.5399999999872</sommeWC></page><page><fichier>ALTO/18770722_1-0003.xml</fichier><nbString>4969</nbString><nbCar/><blocTexte>36</blocTexte><blocPub>1</blocPub><blocIllustration>0</blocIllustration><sommeWC>3744.539999999953</sommeWC></page><page><fichier>ALTO/18770722_1-0004.xml</fichier><nbString>3721</nbString><nbCar/><blocTexte>60</blocTexte><blocPub>20</blocPub><blocIllustration>0</blocIllustration><sommeWC>2417.500000000009</sommeWC></page></contenus></analyseAlto>