<?xml version="1.0" encoding="UTF-8"?><analyseAlto xmlns:xlink="http://www.w3.org/1999/xlink" xmlns:mods="http://www.loc.gov/mods/v3" xmlns:mets="http://www.loc.gov/METS/" xmlns:alto="http://schema.ccs-gmbh.com/docworks/version20/alto-1-4.xsd"><metad><titre>Le Petit Parisien</titre><genre>PERIODIQUE</genre><dateEdition>09.05.1877</dateEdition><nbpages>4</nbpages></metad><ocr/><contenus><nbArticle>31</nbArticle><blocTab>1</blocTab><blocPub>12</blocPub><blocIllustration>0</blocIllustration><page><fichier>ALTO/18770509_1-0001.xml</fichier><nbString>3895</nbString><nbCar/><blocTexte>40</blocTexte><blocPub>1</blocPub><blocIllustration>0</blocIllustration><sommeWC>3030.9799999999836</sommeWC></page><page><fichier>ALTO/18770509_1-0002.xml</fichier><nbString>4606</nbString><nbCar/><blocTexte>34</blocTexte><blocPub>0</blocPub><blocIllustration>0</blocIllustration><sommeWC>3764.2699999999286</sommeWC></page><page><fichier>ALTO/18770509_1-0003.xml</fichier><nbString>5254</nbString><nbCar/><blocTexte>33</blocTexte><blocPub>2</blocPub><blocIllustration>0</blocIllustration><sommeWC>4317.8199999999015</sommeWC></page><page><fichier>ALTO/18770509_1-0004.xml</fichier><nbString>3496</nbString><nbCar/><blocTexte>43</blocTexte><blocPub>9</blocPub><blocIllustration>0</blocIllustration><sommeWC>2481.9500000000135</sommeWC></page></contenus></analyseAlto>