<?xml version="1.0" encoding="UTF-8"?><analyseAlto xmlns:xlink="http://www.w3.org/1999/xlink" xmlns:mods="http://www.loc.gov/mods/v3" xmlns:mets="http://www.loc.gov/METS/" xmlns:alto="http://schema.ccs-gmbh.com/docworks/version20/alto-1-4.xsd"><metad><titre>Le Petit Parisien</titre><genre>PERIODIQUE</genre><dateEdition>09.02.1877</dateEdition><nbpages>4</nbpages></metad><ocr/><contenus><nbArticle>28</nbArticle><blocTab>5</blocTab><blocPub>9</blocPub><blocIllustration>0</blocIllustration><page><fichier>ALTO/18770209_1-0001.xml</fichier><nbString>3613</nbString><nbCar/><blocTexte>46</blocTexte><blocPub>1</blocPub><blocIllustration>0</blocIllustration><sommeWC>2928.5699999999842</sommeWC></page><page><fichier>ALTO/18770209_1-0002.xml</fichier><nbString>4353</nbString><nbCar/><blocTexte>36</blocTexte><blocPub>0</blocPub><blocIllustration>0</blocIllustration><sommeWC>3618.6399999999394</sommeWC></page><page><fichier>ALTO/18770209_1-0003.xml</fichier><nbString>4770</nbString><nbCar/><blocTexte>50</blocTexte><blocPub>1</blocPub><blocIllustration>0</blocIllustration><sommeWC>3919.05999999991</sommeWC></page><page><fichier>ALTO/18770209_1-0004.xml</fichier><nbString>4182</nbString><nbCar/><blocTexte>59</blocTexte><blocPub>7</blocPub><blocIllustration>0</blocIllustration><sommeWC>2804.379999999996</sommeWC></page></contenus></analyseAlto>