<?xml version="1.0" encoding="UTF-8"?><analyseAlto xmlns:xlink="http://www.w3.org/1999/xlink" xmlns:mods="http://www.loc.gov/mods/v3" xmlns:mets="http://www.loc.gov/METS/" xmlns:alto="http://schema.ccs-gmbh.com/docworks/version20/alto-1-4.xsd"><metad><titre>Le Petit Parisien</titre><genre>PERIODIQUE</genre><dateEdition>16.05.1877</dateEdition><nbpages>4</nbpages></metad><ocr/><contenus><nbArticle>24</nbArticle><blocTab>1</blocTab><blocPub>13</blocPub><blocIllustration>0</blocIllustration><page><fichier>ALTO/18770516_1-0001.xml</fichier><nbString>3431</nbString><nbCar/><blocTexte>40</blocTexte><blocPub>2</blocPub><blocIllustration>0</blocIllustration><sommeWC>2712.119999999997</sommeWC></page><page><fichier>ALTO/18770516_1-0002.xml</fichier><nbString>4919</nbString><nbCar/><blocTexte>41</blocTexte><blocPub>3</blocPub><blocIllustration>0</blocIllustration><sommeWC>3970.37999999993</sommeWC></page><page><fichier>ALTO/18770516_1-0003.xml</fichier><nbString>6680</nbString><nbCar/><blocTexte>5</blocTexte><blocPub>0</blocPub><blocIllustration>0</blocIllustration><sommeWC>5350.549999999844</sommeWC></page><page><fichier>ALTO/18770516_1-0004.xml</fichier><nbString>4616</nbString><nbCar/><blocTexte>33</blocTexte><blocPub>8</blocPub><blocIllustration>0</blocIllustration><sommeWC>2987.0299999999806</sommeWC></page></contenus></analyseAlto>