<?xml version="1.0" encoding="UTF-8"?><analyseAlto xmlns:xlink="http://www.w3.org/1999/xlink" xmlns:mods="http://www.loc.gov/mods/v3" xmlns:mets="http://www.loc.gov/METS/" xmlns:alto="http://schema.ccs-gmbh.com/docworks/version20/alto-1-4.xsd"><metad><titre>Le Petit Parisien</titre><genre>PERIODIQUE</genre><dateEdition>18.07.1877</dateEdition><nbpages>4</nbpages></metad><ocr/><contenus><nbArticle>32</nbArticle><blocTab>1</blocTab><blocPub>24</blocPub><blocIllustration>0</blocIllustration><page><fichier>ALTO/18770718_1-0001.xml</fichier><nbString>3762</nbString><nbCar/><blocTexte>49</blocTexte><blocPub>0</blocPub><blocIllustration>0</blocIllustration><sommeWC>2965.2699999999877</sommeWC></page><page><fichier>ALTO/18770718_1-0002.xml</fichier><nbString>4286</nbString><nbCar/><blocTexte>53</blocTexte><blocPub>0</blocPub><blocIllustration>0</blocIllustration><sommeWC>3428.239999999955</sommeWC></page><page><fichier>ALTO/18770718_1-0003.xml</fichier><nbString>5319</nbString><nbCar/><blocTexte>32</blocTexte><blocPub>0</blocPub><blocIllustration>0</blocIllustration><sommeWC>4256.549999999922</sommeWC></page><page><fichier>ALTO/18770718_1-0004.xml</fichier><nbString>4165</nbString><nbCar/><blocTexte>57</blocTexte><blocPub>24</blocPub><blocIllustration>0</blocIllustration><sommeWC>2668.860000000005</sommeWC></page></contenus></analyseAlto>