<?xml version="1.0" encoding="UTF-8"?><analyseAlto xmlns:xlink="http://www.w3.org/1999/xlink" xmlns:mods="http://www.loc.gov/mods/v3" xmlns:mets="http://www.loc.gov/METS/" xmlns:alto="http://schema.ccs-gmbh.com/docworks/version20/alto-1-4.xsd"><metad><titre>Le Petit Parisien</titre><genre>PERIODIQUE</genre><dateEdition>18.08.1877</dateEdition><nbpages>4</nbpages></metad><ocr/><contenus><nbArticle>32</nbArticle><blocTab>10</blocTab><blocPub>16</blocPub><blocIllustration>0</blocIllustration><page><fichier>ALTO/18770818_1-0001.xml</fichier><nbString>3948</nbString><nbCar/><blocTexte>32</blocTexte><blocPub>0</blocPub><blocIllustration>0</blocIllustration><sommeWC>3140.119999999977</sommeWC></page><page><fichier>ALTO/18770818_1-0002.xml</fichier><nbString>5004</nbString><nbCar/><blocTexte>34</blocTexte><blocPub>0</blocPub><blocIllustration>0</blocIllustration><sommeWC>3616.149999999947</sommeWC></page><page><fichier>ALTO/18770818_1-0003.xml</fichier><nbString>5200</nbString><nbCar/><blocTexte>34</blocTexte><blocPub>2</blocPub><blocIllustration>0</blocIllustration><sommeWC>3765.4699999999484</sommeWC></page><page><fichier>ALTO/18770818_1-0004.xml</fichier><nbString>4471</nbString><nbCar/><blocTexte>55</blocTexte><blocPub>14</blocPub><blocIllustration>0</blocIllustration><sommeWC>2905.7000000000016</sommeWC></page></contenus></analyseAlto>