<?xml version="1.0" encoding="UTF-8"?><analyseAlto xmlns:xlink="http://www.w3.org/1999/xlink" xmlns:mods="http://www.loc.gov/mods/v3" xmlns:mets="http://www.loc.gov/METS/" xmlns:alto="http://schema.ccs-gmbh.com/docworks/version20/alto-1-4.xsd"><metad><titre>Le Petit Parisien</titre><genre>PERIODIQUE</genre><dateEdition>03.08.1877</dateEdition><nbpages>4</nbpages></metad><ocr/><contenus><nbArticle>35</nbArticle><blocTab>11</blocTab><blocPub>4</blocPub><blocIllustration>0</blocIllustration><page><fichier>ALTO/18770803_1-0001.xml</fichier><nbString>3834</nbString><nbCar/><blocTexte>45</blocTexte><blocPub>0</blocPub><blocIllustration>0</blocIllustration><sommeWC>2888.459999999996</sommeWC></page><page><fichier>ALTO/18770803_1-0002.xml</fichier><nbString>4393</nbString><nbCar/><blocTexte>63</blocTexte><blocPub>0</blocPub><blocIllustration>0</blocIllustration><sommeWC>3397.7699999999554</sommeWC></page><page><fichier>ALTO/18770803_1-0003.xml</fichier><nbString>5275</nbString><nbCar/><blocTexte>33</blocTexte><blocPub>0</blocPub><blocIllustration>0</blocIllustration><sommeWC>4057.9499999999366</sommeWC></page><page><fichier>ALTO/18770803_1-0004.xml</fichier><nbString>5498</nbString><nbCar/><blocTexte>47</blocTexte><blocPub>4</blocPub><blocIllustration>0</blocIllustration><sommeWC>3495.4199999999787</sommeWC></page></contenus></analyseAlto>