<?xml version="1.0" encoding="UTF-8"?><analyseAlto xmlns:xlink="http://www.w3.org/1999/xlink" xmlns:mods="http://www.loc.gov/mods/v3" xmlns:mets="http://www.loc.gov/METS/" xmlns:alto="http://schema.ccs-gmbh.com/docworks/version20/alto-1-4.xsd"><metad><titre>Le Petit Parisien</titre><genre>PERIODIQUE</genre><dateEdition>07.08.1877</dateEdition><nbpages>4</nbpages></metad><ocr/><contenus><nbArticle>26</nbArticle><blocTab>0</blocTab><blocPub>18</blocPub><blocIllustration>0</blocIllustration><page><fichier>ALTO/18770807_1-0001.xml</fichier><nbString>4094</nbString><nbCar/><blocTexte>43</blocTexte><blocPub>0</blocPub><blocIllustration>0</blocIllustration><sommeWC>3077.86999999999</sommeWC></page><page><fichier>ALTO/18770807_1-0002.xml</fichier><nbString>4469</nbString><nbCar/><blocTexte>43</blocTexte><blocPub>0</blocPub><blocIllustration>0</blocIllustration><sommeWC>3551.159999999952</sommeWC></page><page><fichier>ALTO/18770807_1-0003.xml</fichier><nbString>5326</nbString><nbCar/><blocTexte>31</blocTexte><blocPub>1</blocPub><blocIllustration>0</blocIllustration><sommeWC>4193.58999999993</sommeWC></page><page><fichier>ALTO/18770807_1-0004.xml</fichier><nbString>3984</nbString><nbCar/><blocTexte>40</blocTexte><blocPub>17</blocPub><blocIllustration>0</blocIllustration><sommeWC>2802.0800000000004</sommeWC></page></contenus></analyseAlto>