<?xml version="1.0" encoding="UTF-8"?><analyseAlto xmlns:xlink="http://www.w3.org/1999/xlink" xmlns:mods="http://www.loc.gov/mods/v3" xmlns:mets="http://www.loc.gov/METS/" xmlns:alto="http://schema.ccs-gmbh.com/docworks/version20/alto-1-4.xsd"><metad><titre>Le Petit Parisien</titre><genre>PERIODIQUE</genre><dateEdition>26.06.1877</dateEdition><nbpages>4</nbpages></metad><ocr/><contenus><nbArticle>30</nbArticle><blocTab>1</blocTab><blocPub>21</blocPub><blocIllustration>0</blocIllustration><page><fichier>ALTO/18770626_1-0001.xml</fichier><nbString>3954</nbString><nbCar/><blocTexte>40</blocTexte><blocPub>2</blocPub><blocIllustration>0</blocIllustration><sommeWC>3081.2499999999777</sommeWC></page><page><fichier>ALTO/18770626_1-0002.xml</fichier><nbString>4776</nbString><nbCar/><blocTexte>45</blocTexte><blocPub>0</blocPub><blocIllustration>0</blocIllustration><sommeWC>3712.369999999942</sommeWC></page><page><fichier>ALTO/18770626_1-0003.xml</fichier><nbString>5231</nbString><nbCar/><blocTexte>41</blocTexte><blocPub>6</blocPub><blocIllustration>0</blocIllustration><sommeWC>4062.549999999926</sommeWC></page><page><fichier>ALTO/18770626_1-0004.xml</fichier><nbString>3727</nbString><nbCar/><blocTexte>38</blocTexte><blocPub>13</blocPub><blocIllustration>0</blocIllustration><sommeWC>2718.220000000013</sommeWC></page></contenus></analyseAlto>