<?xml version="1.0" encoding="UTF-8"?><analyseAlto xmlns:xlink="http://www.w3.org/1999/xlink" xmlns:mods="http://www.loc.gov/mods/v3" xmlns:mets="http://www.loc.gov/METS/" xmlns:alto="http://schema.ccs-gmbh.com/docworks/version20/alto-1-4.xsd"><metad><titre>Le Petit Parisien</titre><genre>PERIODIQUE</genre><dateEdition>08.01.1877</dateEdition><nbpages>4</nbpages></metad><ocr/><contenus><nbArticle>21</nbArticle><blocTab>1</blocTab><blocPub>6</blocPub><blocIllustration>0</blocIllustration><page><fichier>ALTO/18770108_1-0001.xml</fichier><nbString>3956</nbString><nbCar/><blocTexte>38</blocTexte><blocPub>1</blocPub><blocIllustration>0</blocIllustration><sommeWC>3081.4599999999746</sommeWC></page><page><fichier>ALTO/18770108_1-0002.xml</fichier><nbString>4281</nbString><nbCar/><blocTexte>41</blocTexte><blocPub>0</blocPub><blocIllustration>0</blocIllustration><sommeWC>3453.2999999999615</sommeWC></page><page><fichier>ALTO/18770108_1-0003.xml</fichier><nbString>4739</nbString><nbCar/><blocTexte>38</blocTexte><blocPub>1</blocPub><blocIllustration>0</blocIllustration><sommeWC>3800.449999999953</sommeWC></page><page><fichier>ALTO/18770108_1-0004.xml</fichier><nbString>4551</nbString><nbCar/><blocTexte>39</blocTexte><blocPub>4</blocPub><blocIllustration>0</blocIllustration><sommeWC>3137.989999999978</sommeWC></page></contenus></analyseAlto>