<?xml version="1.0" encoding="UTF-8"?><analyseAlto xmlns:xlink="http://www.w3.org/1999/xlink" xmlns:mods="http://www.loc.gov/mods/v3" xmlns:mets="http://www.loc.gov/METS/" xmlns:alto="http://schema.ccs-gmbh.com/docworks/version20/alto-1-4.xsd"><metad><titre>Le Petit Parisien</titre><genre>PERIODIQUE</genre><dateEdition>06.09.1877</dateEdition><nbpages>4</nbpages></metad><ocr/><contenus><nbArticle>25</nbArticle><blocTab>5</blocTab><blocPub>13</blocPub><blocIllustration>0</blocIllustration><page><fichier>ALTO/18770906_1-0001.xml</fichier><nbString>3524</nbString><nbCar/><blocTexte>44</blocTexte><blocPub>2</blocPub><blocIllustration>0</blocIllustration><sommeWC>2825.379999999996</sommeWC></page><page><fichier>ALTO/18770906_1-0002.xml</fichier><nbString>4186</nbString><nbCar/><blocTexte>34</blocTexte><blocPub>0</blocPub><blocIllustration>0</blocIllustration><sommeWC>3327.979999999966</sommeWC></page><page><fichier>ALTO/18770906_1-0003.xml</fichier><nbString>5090</nbString><nbCar/><blocTexte>56</blocTexte><blocPub>1</blocPub><blocIllustration>0</blocIllustration><sommeWC>3757.459999999953</sommeWC></page><page><fichier>ALTO/18770906_1-0004.xml</fichier><nbString>4623</nbString><nbCar/><blocTexte>42</blocTexte><blocPub>10</blocPub><blocIllustration>0</blocIllustration><sommeWC>3022.419999999998</sommeWC></page></contenus></analyseAlto>