<?xml version="1.0" encoding="UTF-8"?><analyseAlto xmlns:xlink="http://www.w3.org/1999/xlink" xmlns:mods="http://www.loc.gov/mods/v3" xmlns:mets="http://www.loc.gov/METS/" xmlns:alto="http://schema.ccs-gmbh.com/docworks/version20/alto-1-4.xsd"><metad><titre>Le Petit Parisien</titre><genre>PERIODIQUE</genre><dateEdition>11.10.1877</dateEdition><nbpages>4</nbpages></metad><ocr/><contenus><nbArticle>23</nbArticle><blocTab>1</blocTab><blocPub>9</blocPub><blocIllustration>0</blocIllustration><page><fichier>ALTO/18771011_1-0001.xml</fichier><nbString>3535</nbString><nbCar/><blocTexte>48</blocTexte><blocPub>1</blocPub><blocIllustration>0</blocIllustration><sommeWC>2838.4799999999896</sommeWC></page><page><fichier>ALTO/18771011_1-0002.xml</fichier><nbString>4376</nbString><nbCar/><blocTexte>29</blocTexte><blocPub>0</blocPub><blocIllustration>0</blocIllustration><sommeWC>3419.709999999958</sommeWC></page><page><fichier>ALTO/18771011_1-0003.xml</fichier><nbString>4390</nbString><nbCar/><blocTexte>42</blocTexte><blocPub>0</blocPub><blocIllustration>0</blocIllustration><sommeWC>3353.7399999999566</sommeWC></page><page><fichier>ALTO/18771011_1-0004.xml</fichier><nbString>4537</nbString><nbCar/><blocTexte>40</blocTexte><blocPub>8</blocPub><blocIllustration>0</blocIllustration><sommeWC>2909.079999999993</sommeWC></page></contenus></analyseAlto>