<?xml version="1.0" encoding="UTF-8"?><analyseAlto xmlns:xlink="http://www.w3.org/1999/xlink" xmlns:mods="http://www.loc.gov/mods/v3" xmlns:mets="http://www.loc.gov/METS/" xmlns:alto="http://schema.ccs-gmbh.com/docworks/version20/alto-1-4.xsd"><metad><titre>Le Petit Parisien</titre><genre>PERIODIQUE</genre><dateEdition>29.12.1877</dateEdition><nbpages>4</nbpages></metad><ocr/><contenus><nbArticle>32</nbArticle><blocTab>3</blocTab><blocPub>12</blocPub><blocIllustration>0</blocIllustration><page><fichier>ALTO/18771229_1-0001.xml</fichier><nbString>3785</nbString><nbCar/><blocTexte>37</blocTexte><blocPub>1</blocPub><blocIllustration>0</blocIllustration><sommeWC>3076.0399999999736</sommeWC></page><page><fichier>ALTO/18771229_1-0002.xml</fichier><nbString>3826</nbString><nbCar/><blocTexte>37</blocTexte><blocPub>0</blocPub><blocIllustration>0</blocIllustration><sommeWC>2976.589999999979</sommeWC></page><page><fichier>ALTO/18771229_1-0003.xml</fichier><nbString>4577</nbString><nbCar/><blocTexte>39</blocTexte><blocPub>1</blocPub><blocIllustration>0</blocIllustration><sommeWC>3631.84999999995</sommeWC></page><page><fichier>ALTO/18771229_1-0004.xml</fichier><nbString>4180</nbString><nbCar/><blocTexte>31</blocTexte><blocPub>10</blocPub><blocIllustration>0</blocIllustration><sommeWC>2548.8999999999965</sommeWC></page></contenus></analyseAlto>