<?xml version="1.0" encoding="UTF-8"?><analyseAlto xmlns:xlink="http://www.w3.org/1999/xlink" xmlns:mods="http://www.loc.gov/mods/v3" xmlns:mets="http://www.loc.gov/METS/" xmlns:alto="http://schema.ccs-gmbh.com/docworks/version20/alto-1-4.xsd"><metad><titre>Le Petit Parisien</titre><genre>PERIODIQUE</genre><dateEdition>05.10.1877</dateEdition><nbpages>4</nbpages></metad><ocr/><contenus><nbArticle>27</nbArticle><blocTab>2</blocTab><blocPub>10</blocPub><blocIllustration>0</blocIllustration><page><fichier>ALTO/18771005_1-0001.xml</fichier><nbString>3661</nbString><nbCar/><blocTexte>43</blocTexte><blocPub>1</blocPub><blocIllustration>0</blocIllustration><sommeWC>2968.649999999981</sommeWC></page><page><fichier>ALTO/18771005_1-0002.xml</fichier><nbString>4172</nbString><nbCar/><blocTexte>46</blocTexte><blocPub>0</blocPub><blocIllustration>0</blocIllustration><sommeWC>3319.1599999999603</sommeWC></page><page><fichier>ALTO/18771005_1-0003.xml</fichier><nbString>4209</nbString><nbCar/><blocTexte>53</blocTexte><blocPub>0</blocPub><blocIllustration>0</blocIllustration><sommeWC>3223.289999999973</sommeWC></page><page><fichier>ALTO/18771005_1-0004.xml</fichier><nbString>4129</nbString><nbCar/><blocTexte>27</blocTexte><blocPub>9</blocPub><blocIllustration>0</blocIllustration><sommeWC>2543.450000000007</sommeWC></page></contenus></analyseAlto>