<?xml version="1.0" encoding="UTF-8"?><analyseAlto xmlns:xlink="http://www.w3.org/1999/xlink" xmlns:mods="http://www.loc.gov/mods/v3" xmlns:mets="http://www.loc.gov/METS/" xmlns:alto="http://schema.ccs-gmbh.com/docworks/version20/alto-1-4.xsd"><metad><titre>Le Petit Parisien</titre><genre>PERIODIQUE</genre><dateEdition>16.12.1877</dateEdition><nbpages>4</nbpages></metad><ocr/><contenus><nbArticle>30</nbArticle><blocTab>1</blocTab><blocPub>5</blocPub><blocIllustration>0</blocIllustration><page><fichier>ALTO/18771216_1-0001.xml</fichier><nbString>2819</nbString><nbCar/><blocTexte>38</blocTexte><blocPub>0</blocPub><blocIllustration>0</blocIllustration><sommeWC>2280.8800000000247</sommeWC></page><page><fichier>ALTO/18771216_1-0002.xml</fichier><nbString>4226</nbString><nbCar/><blocTexte>50</blocTexte><blocPub>0</blocPub><blocIllustration>0</blocIllustration><sommeWC>3384.6899999999564</sommeWC></page><page><fichier>ALTO/18771216_1-0003.xml</fichier><nbString>4635</nbString><nbCar/><blocTexte>41</blocTexte><blocPub>1</blocPub><blocIllustration>0</blocIllustration><sommeWC>3683.4699999999425</sommeWC></page><page><fichier>ALTO/18771216_1-0004.xml</fichier><nbString>4591</nbString><nbCar/><blocTexte>32</blocTexte><blocPub>4</blocPub><blocIllustration>0</blocIllustration><sommeWC>2978.1100000000124</sommeWC></page></contenus></analyseAlto>