<?xml version="1.0" encoding="UTF-8"?><analyseAlto xmlns:xlink="http://www.w3.org/1999/xlink" xmlns:mods="http://www.loc.gov/mods/v3" xmlns:mets="http://www.loc.gov/METS/" xmlns:alto="http://schema.ccs-gmbh.com/docworks/version20/alto-1-4.xsd"><metad><titre>Le Petit Parisien</titre><genre>PERIODIQUE</genre><dateEdition>05.12.1877</dateEdition><nbpages>4</nbpages></metad><ocr/><contenus><nbArticle>23</nbArticle><blocTab>1</blocTab><blocPub>10</blocPub><blocIllustration>0</blocIllustration><page><fichier>ALTO/18771205_1-0001.xml</fichier><nbString>3420</nbString><nbCar/><blocTexte>44</blocTexte><blocPub>1</blocPub><blocIllustration>0</blocIllustration><sommeWC>2711.979999999997</sommeWC></page><page><fichier>ALTO/18771205_1-0002.xml</fichier><nbString>4016</nbString><nbCar/><blocTexte>44</blocTexte><blocPub>0</blocPub><blocIllustration>0</blocIllustration><sommeWC>3249.9599999999728</sommeWC></page><page><fichier>ALTO/18771205_1-0003.xml</fichier><nbString>4520</nbString><nbCar/><blocTexte>54</blocTexte><blocPub>1</blocPub><blocIllustration>0</blocIllustration><sommeWC>3543.029999999951</sommeWC></page><page><fichier>ALTO/18771205_1-0004.xml</fichier><nbString>3521</nbString><nbCar/><blocTexte>28</blocTexte><blocPub>8</blocPub><blocIllustration>0</blocIllustration><sommeWC>2163.820000000018</sommeWC></page></contenus></analyseAlto>