<?xml version="1.0" encoding="UTF-8"?><analyseAlto xmlns:xlink="http://www.w3.org/1999/xlink" xmlns:mods="http://www.loc.gov/mods/v3" xmlns:mets="http://www.loc.gov/METS/" xmlns:alto="http://schema.ccs-gmbh.com/docworks/version20/alto-1-4.xsd"><metad><titre>Le Petit Parisien</titre><genre>PERIODIQUE</genre><dateEdition>06.07.1877</dateEdition><nbpages>4</nbpages></metad><ocr/><contenus><nbArticle>27</nbArticle><blocTab>4</blocTab><blocPub>10</blocPub><blocIllustration>0</blocIllustration><page><fichier>ALTO/18770706_1-0001.xml</fichier><nbString>3848</nbString><nbCar/><blocTexte>42</blocTexte><blocPub>2</blocPub><blocIllustration>0</blocIllustration><sommeWC>2942.1899999999964</sommeWC></page><page><fichier>ALTO/18770706_1-0002.xml</fichier><nbString>4629</nbString><nbCar/><blocTexte>45</blocTexte><blocPub>0</blocPub><blocIllustration>0</blocIllustration><sommeWC>3487.079999999958</sommeWC></page><page><fichier>ALTO/18770706_1-0003.xml</fichier><nbString>5058</nbString><nbCar/><blocTexte>54</blocTexte><blocPub>3</blocPub><blocIllustration>0</blocIllustration><sommeWC>3593.659999999974</sommeWC></page><page><fichier>ALTO/18770706_1-0004.xml</fichier><nbString>2754</nbString><nbCar/><blocTexte>25</blocTexte><blocPub>5</blocPub><blocIllustration>0</blocIllustration><sommeWC>1787.710000000025</sommeWC></page></contenus></analyseAlto>