<?xml version="1.0" encoding="UTF-8"?><analyseAlto xmlns:xlink="http://www.w3.org/1999/xlink" xmlns:mods="http://www.loc.gov/mods/v3" xmlns:mets="http://www.loc.gov/METS/" xmlns:alto="http://schema.ccs-gmbh.com/docworks/version20/alto-1-4.xsd"><metad><titre>Le Petit Parisien</titre><genre>PERIODIQUE</genre><dateEdition>17.02.1877</dateEdition><nbpages>4</nbpages></metad><ocr/><contenus><nbArticle>27</nbArticle><blocTab>5</blocTab><blocPub>9</blocPub><blocIllustration>0</blocIllustration><page><fichier>ALTO/18770217_1-0001.xml</fichier><nbString>3614</nbString><nbCar/><blocTexte>40</blocTexte><blocPub>1</blocPub><blocIllustration>0</blocIllustration><sommeWC>2868.399999999978</sommeWC></page><page><fichier>ALTO/18770217_1-0002.xml</fichier><nbString>4408</nbString><nbCar/><blocTexte>35</blocTexte><blocPub>0</blocPub><blocIllustration>0</blocIllustration><sommeWC>3584.1399999999376</sommeWC></page><page><fichier>ALTO/18770217_1-0003.xml</fichier><nbString>4661</nbString><nbCar/><blocTexte>52</blocTexte><blocPub>0</blocPub><blocIllustration>0</blocIllustration><sommeWC>3579.5699999999492</sommeWC></page><page><fichier>ALTO/18770217_1-0004.xml</fichier><nbString>4349</nbString><nbCar/><blocTexte>46</blocTexte><blocPub>8</blocPub><blocIllustration>0</blocIllustration><sommeWC>3056.83999999999</sommeWC></page></contenus></analyseAlto>