<?xml version="1.0" encoding="UTF-8"?><analyseAlto xmlns:xlink="http://www.w3.org/1999/xlink" xmlns:mods="http://www.loc.gov/mods/v3" xmlns:mets="http://www.loc.gov/METS/" xmlns:alto="http://schema.ccs-gmbh.com/docworks/version20/alto-1-4.xsd"><metad><titre>Le Petit Parisien</titre><genre>PERIODIQUE</genre><dateEdition>06.06.1877</dateEdition><nbpages>4</nbpages></metad><ocr/><contenus><nbArticle>26</nbArticle><blocTab>1</blocTab><blocPub>24</blocPub><blocIllustration>0</blocIllustration><page><fichier>ALTO/18770606_1-0001.xml</fichier><nbString>3842</nbString><nbCar/><blocTexte>46</blocTexte><blocPub>1</blocPub><blocIllustration>0</blocIllustration><sommeWC>3039.309999999984</sommeWC></page><page><fichier>ALTO/18770606_1-0002.xml</fichier><nbString>4429</nbString><nbCar/><blocTexte>38</blocTexte><blocPub>0</blocPub><blocIllustration>0</blocIllustration><sommeWC>3566.0099999999534</sommeWC></page><page><fichier>ALTO/18770606_1-0003.xml</fichier><nbString>4792</nbString><nbCar/><blocTexte>55</blocTexte><blocPub>3</blocPub><blocIllustration>0</blocIllustration><sommeWC>3728.5499999999424</sommeWC></page><page><fichier>ALTO/18770606_1-0004.xml</fichier><nbString>3792</nbString><nbCar/><blocTexte>44</blocTexte><blocPub>20</blocPub><blocIllustration>0</blocIllustration><sommeWC>2330.8000000000125</sommeWC></page></contenus></analyseAlto>