<?xml version="1.0" encoding="UTF-8"?><analyseAlto xmlns:xlink="http://www.w3.org/1999/xlink" xmlns:mods="http://www.loc.gov/mods/v3" xmlns:mets="http://www.loc.gov/METS/" xmlns:alto="http://schema.ccs-gmbh.com/docworks/version20/alto-1-4.xsd"><metad><titre>Le Petit Parisien</titre><genre>PERIODIQUE</genre><dateEdition>07.07.1877</dateEdition><nbpages>4</nbpages></metad><ocr/><contenus><nbArticle>27</nbArticle><blocTab>3</blocTab><blocPub>11</blocPub><blocIllustration>0</blocIllustration><page><fichier>ALTO/18770707_1-0001.xml</fichier><nbString>3806</nbString><nbCar/><blocTexte>43</blocTexte><blocPub>2</blocPub><blocIllustration>0</blocIllustration><sommeWC>2931.1100000000024</sommeWC></page><page><fichier>ALTO/18770707_1-0002.xml</fichier><nbString>4545</nbString><nbCar/><blocTexte>48</blocTexte><blocPub>0</blocPub><blocIllustration>0</blocIllustration><sommeWC>3479.679999999966</sommeWC></page><page><fichier>ALTO/18770707_1-0003.xml</fichier><nbString>5296</nbString><nbCar/><blocTexte>36</blocTexte><blocPub>6</blocPub><blocIllustration>0</blocIllustration><sommeWC>3942.9799999999377</sommeWC></page><page><fichier>ALTO/18770707_1-0004.xml</fichier><nbString>4594</nbString><nbCar/><blocTexte>36</blocTexte><blocPub>3</blocPub><blocIllustration>0</blocIllustration><sommeWC>2888.750000000009</sommeWC></page></contenus></analyseAlto>