<?xml version="1.0" encoding="UTF-8"?><analyseAlto xmlns:xlink="http://www.w3.org/1999/xlink" xmlns:mods="http://www.loc.gov/mods/v3" xmlns:mets="http://www.loc.gov/METS/" xmlns:alto="http://schema.ccs-gmbh.com/docworks/version20/alto-1-4.xsd"><metad><titre>Le Petit Parisien</titre><genre>PERIODIQUE</genre><dateEdition>21.12.1877</dateEdition><nbpages>4</nbpages></metad><ocr/><contenus><nbArticle>27</nbArticle><blocTab>2</blocTab><blocPub>11</blocPub><blocIllustration>0</blocIllustration><page><fichier>ALTO/18771221_1-0001.xml</fichier><nbString>3453</nbString><nbCar/><blocTexte>47</blocTexte><blocPub>1</blocPub><blocIllustration>0</blocIllustration><sommeWC>2658.1500000000033</sommeWC></page><page><fichier>ALTO/18771221_1-0002.xml</fichier><nbString>4126</nbString><nbCar/><blocTexte>33</blocTexte><blocPub>0</blocPub><blocIllustration>0</blocIllustration><sommeWC>3109.3399999999774</sommeWC></page><page><fichier>ALTO/18771221_1-0003.xml</fichier><nbString>4356</nbString><nbCar/><blocTexte>52</blocTexte><blocPub>0</blocPub><blocIllustration>0</blocIllustration><sommeWC>3390.9399999999564</sommeWC></page><page><fichier>ALTO/18771221_1-0004.xml</fichier><nbString>4143</nbString><nbCar/><blocTexte>32</blocTexte><blocPub>10</blocPub><blocIllustration>0</blocIllustration><sommeWC>2484.0800000000027</sommeWC></page></contenus></analyseAlto>