<?xml version="1.0" encoding="UTF-8"?><analyseAlto xmlns:xlink="http://www.w3.org/1999/xlink" xmlns:mods="http://www.loc.gov/mods/v3" xmlns:mets="http://www.loc.gov/METS/" xmlns:alto="http://schema.ccs-gmbh.com/docworks/version20/alto-1-4.xsd"><metad><titre>Le Petit Parisien</titre><genre>PERIODIQUE</genre><dateEdition>31.08.1877</dateEdition><nbpages>4</nbpages></metad><ocr/><contenus><nbArticle>32</nbArticle><blocTab>6</blocTab><blocPub>9</blocPub><blocIllustration>0</blocIllustration><page><fichier>ALTO/18770831_1-0001.xml</fichier><nbString>3760</nbString><nbCar/><blocTexte>51</blocTexte><blocPub>0</blocPub><blocIllustration>0</blocIllustration><sommeWC>3015.9299999999894</sommeWC></page><page><fichier>ALTO/18770831_1-0002.xml</fichier><nbString>4286</nbString><nbCar/><blocTexte>39</blocTexte><blocPub>0</blocPub><blocIllustration>0</blocIllustration><sommeWC>3286.629999999975</sommeWC></page><page><fichier>ALTO/18770831_1-0003.xml</fichier><nbString>4846</nbString><nbCar/><blocTexte>44</blocTexte><blocPub>0</blocPub><blocIllustration>0</blocIllustration><sommeWC>3748.049999999963</sommeWC></page><page><fichier>ALTO/18770831_1-0004.xml</fichier><nbString>3356</nbString><nbCar/><blocTexte>42</blocTexte><blocPub>9</blocPub><blocIllustration>0</blocIllustration><sommeWC>2270.2100000000164</sommeWC></page></contenus></analyseAlto>