<?xml version="1.0" encoding="UTF-8"?><analyseAlto xmlns:xlink="http://www.w3.org/1999/xlink" xmlns:mods="http://www.loc.gov/mods/v3" xmlns:mets="http://www.loc.gov/METS/" xmlns:alto="http://schema.ccs-gmbh.com/docworks/version20/alto-1-4.xsd"><metad><titre>Le Petit Parisien</titre><genre>PERIODIQUE</genre><dateEdition>03.11.1877</dateEdition><nbpages>4</nbpages></metad><ocr/><contenus><nbArticle>20</nbArticle><blocTab>0</blocTab><blocPub>7</blocPub><blocIllustration>0</blocIllustration><page><fichier>ALTO/18771103_1-0001.xml</fichier><nbString>3680</nbString><nbCar/><blocTexte>44</blocTexte><blocPub>1</blocPub><blocIllustration>0</blocIllustration><sommeWC>2910.5399999999872</sommeWC></page><page><fichier>ALTO/18771103_1-0002.xml</fichier><nbString>4202</nbString><nbCar/><blocTexte>55</blocTexte><blocPub>0</blocPub><blocIllustration>0</blocIllustration><sommeWC>3177.719999999975</sommeWC></page><page><fichier>ALTO/18771103_1-0003.xml</fichier><nbString>4617</nbString><nbCar/><blocTexte>45</blocTexte><blocPub>0</blocPub><blocIllustration>0</blocIllustration><sommeWC>3520.0099999999516</sommeWC></page><page><fichier>ALTO/18771103_1-0004.xml</fichier><nbString>4360</nbString><nbCar/><blocTexte>31</blocTexte><blocPub>6</blocPub><blocIllustration>0</blocIllustration><sommeWC>3265.4399999999805</sommeWC></page></contenus></analyseAlto>