<?xml version="1.0" encoding="UTF-8"?><analyseAlto xmlns:xlink="http://www.w3.org/1999/xlink" xmlns:mods="http://www.loc.gov/mods/v3" xmlns:mets="http://www.loc.gov/METS/" xmlns:alto="http://schema.ccs-gmbh.com/docworks/version20/alto-1-4.xsd"><metad><titre>Le Petit Parisien</titre><genre>PERIODIQUE</genre><dateEdition>28.02.1877</dateEdition><nbpages>4</nbpages></metad><ocr/><contenus><nbArticle>30</nbArticle><blocTab>4</blocTab><blocPub>12</blocPub><blocIllustration>0</blocIllustration><page><fichier>ALTO/18770228_1-0001.xml</fichier><nbString>3861</nbString><nbCar/><blocTexte>36</blocTexte><blocPub>1</blocPub><blocIllustration>0</blocIllustration><sommeWC>3135.4099999999785</sommeWC></page><page><fichier>ALTO/18770228_1-0002.xml</fichier><nbString>4376</nbString><nbCar/><blocTexte>45</blocTexte><blocPub>0</blocPub><blocIllustration>0</blocIllustration><sommeWC>3506.2799999999465</sommeWC></page><page><fichier>ALTO/18770228_1-0003.xml</fichier><nbString>5289</nbString><nbCar/><blocTexte>49</blocTexte><blocPub>2</blocPub><blocIllustration>0</blocIllustration><sommeWC>4237.659999999903</sommeWC></page><page><fichier>ALTO/18770228_1-0004.xml</fichier><nbString>3731</nbString><nbCar/><blocTexte>27</blocTexte><blocPub>9</blocPub><blocIllustration>0</blocIllustration><sommeWC>2492.6300000000074</sommeWC></page></contenus></analyseAlto>