<?xml version="1.0" encoding="UTF-8"?><analyseAlto xmlns:xlink="http://www.w3.org/1999/xlink" xmlns:mods="http://www.loc.gov/mods/v3" xmlns:mets="http://www.loc.gov/METS/" xmlns:alto="http://schema.ccs-gmbh.com/docworks/version20/alto-1-4.xsd"><metad><titre>Le Petit Parisien</titre><genre>PERIODIQUE</genre><dateEdition>24.08.1877</dateEdition><nbpages>4</nbpages></metad><ocr/><contenus><nbArticle>26</nbArticle><blocTab>10</blocTab><blocPub>7</blocPub><blocIllustration>0</blocIllustration><page><fichier>ALTO/18770824_1-0001.xml</fichier><nbString>3778</nbString><nbCar/><blocTexte>48</blocTexte><blocPub>0</blocPub><blocIllustration>0</blocIllustration><sommeWC>2954.4599999999846</sommeWC></page><page><fichier>ALTO/18770824_1-0002.xml</fichier><nbString>4827</nbString><nbCar/><blocTexte>30</blocTexte><blocPub>0</blocPub><blocIllustration>0</blocIllustration><sommeWC>3597.979999999957</sommeWC></page><page><fichier>ALTO/18770824_1-0003.xml</fichier><nbString>5165</nbString><nbCar/><blocTexte>32</blocTexte><blocPub>1</blocPub><blocIllustration>0</blocIllustration><sommeWC>3900.1799999999453</sommeWC></page><page><fichier>ALTO/18770824_1-0004.xml</fichier><nbString>4371</nbString><nbCar/><blocTexte>35</blocTexte><blocPub>6</blocPub><blocIllustration>0</blocIllustration><sommeWC>2884.77</sommeWC></page></contenus></analyseAlto>