<?xml version="1.0" encoding="UTF-8"?><analyseAlto xmlns:xlink="http://www.w3.org/1999/xlink" xmlns:mods="http://www.loc.gov/mods/v3" xmlns:mets="http://www.loc.gov/METS/" xmlns:alto="http://schema.ccs-gmbh.com/docworks/version20/alto-1-4.xsd"><metad><titre>Le Petit Parisien</titre><genre>PERIODIQUE</genre><dateEdition>29.01.1877</dateEdition><nbpages>4</nbpages></metad><ocr/><contenus><nbArticle>27</nbArticle><blocTab>4</blocTab><blocPub>9</blocPub><blocIllustration>0</blocIllustration><page><fichier>ALTO/18770129_1-0001.xml</fichier><nbString>3654</nbString><nbCar/><blocTexte>46</blocTexte><blocPub>1</blocPub><blocIllustration>0</blocIllustration><sommeWC>2906.3499999999867</sommeWC></page><page><fichier>ALTO/18770129_1-0002.xml</fichier><nbString>4334</nbString><nbCar/><blocTexte>40</blocTexte><blocPub>0</blocPub><blocIllustration>0</blocIllustration><sommeWC>3515.7699999999386</sommeWC></page><page><fichier>ALTO/18770129_1-0003.xml</fichier><nbString>4837</nbString><nbCar/><blocTexte>45</blocTexte><blocPub>2</blocPub><blocIllustration>0</blocIllustration><sommeWC>3945.6599999999326</sommeWC></page><page><fichier>ALTO/18770129_1-0004.xml</fichier><nbString>4121</nbString><nbCar/><blocTexte>31</blocTexte><blocPub>6</blocPub><blocIllustration>0</blocIllustration><sommeWC>3003.2299999999796</sommeWC></page></contenus></analyseAlto>