<?xml version="1.0" encoding="UTF-8"?><analyseAlto xmlns:xlink="http://www.w3.org/1999/xlink" xmlns:mods="http://www.loc.gov/mods/v3" xmlns:mets="http://www.loc.gov/METS/" xmlns:alto="http://schema.ccs-gmbh.com/docworks/version20/alto-1-4.xsd"><metad><titre>Le Petit Parisien</titre><genre>PERIODIQUE</genre><dateEdition>24.05.1877</dateEdition><nbpages>4</nbpages></metad><ocr/><contenus><nbArticle>32</nbArticle><blocTab>1</blocTab><blocPub>10</blocPub><blocIllustration>0</blocIllustration><page><fichier>ALTO/18770524_1-0001.xml</fichier><nbString>3922</nbString><nbCar/><blocTexte>44</blocTexte><blocPub>1</blocPub><blocIllustration>0</blocIllustration><sommeWC>3118.0199999999713</sommeWC></page><page><fichier>ALTO/18770524_1-0002.xml</fichier><nbString>4563</nbString><nbCar/><blocTexte>38</blocTexte><blocPub>0</blocPub><blocIllustration>0</blocIllustration><sommeWC>3772.629999999934</sommeWC></page><page><fichier>ALTO/18770524_1-0003.xml</fichier><nbString>5275</nbString><nbCar/><blocTexte>37</blocTexte><blocPub>1</blocPub><blocIllustration>0</blocIllustration><sommeWC>4195.329999999919</sommeWC></page><page><fichier>ALTO/18770524_1-0004.xml</fichier><nbString>4065</nbString><nbCar/><blocTexte>39</blocTexte><blocPub>8</blocPub><blocIllustration>0</blocIllustration><sommeWC>2716.319999999992</sommeWC></page></contenus></analyseAlto>