<?xml version="1.0" encoding="UTF-8"?><analyseAlto xmlns:xlink="http://www.w3.org/1999/xlink" xmlns:mods="http://www.loc.gov/mods/v3" xmlns:mets="http://www.loc.gov/METS/" xmlns:alto="http://schema.ccs-gmbh.com/docworks/version20/alto-1-4.xsd"><metad><titre>Le Petit Parisien</titre><genre>PERIODIQUE</genre><dateEdition>29.05.1877</dateEdition><nbpages>4</nbpages></metad><ocr/><contenus><nbArticle>25</nbArticle><blocTab>3</blocTab><blocPub>13</blocPub><blocIllustration>0</blocIllustration><page><fichier>ALTO/18770529_1-0001.xml</fichier><nbString>3859</nbString><nbCar/><blocTexte>41</blocTexte><blocPub>2</blocPub><blocIllustration>0</blocIllustration><sommeWC>3076.5099999999857</sommeWC></page><page><fichier>ALTO/18770529_1-0002.xml</fichier><nbString>4940</nbString><nbCar/><blocTexte>41</blocTexte><blocPub>2</blocPub><blocIllustration>0</blocIllustration><sommeWC>3916.899999999928</sommeWC></page><page><fichier>ALTO/18770529_1-0003.xml</fichier><nbString>4770</nbString><nbCar/><blocTexte>57</blocTexte><blocPub>1</blocPub><blocIllustration>0</blocIllustration><sommeWC>3795.8599999999387</sommeWC></page><page><fichier>ALTO/18770529_1-0004.xml</fichier><nbString>4375</nbString><nbCar/><blocTexte>23</blocTexte><blocPub>8</blocPub><blocIllustration>0</blocIllustration><sommeWC>3332.189999999985</sommeWC></page></contenus></analyseAlto>