<?xml version="1.0" encoding="UTF-8"?><analyseAlto xmlns:xlink="http://www.w3.org/1999/xlink" xmlns:mods="http://www.loc.gov/mods/v3" xmlns:mets="http://www.loc.gov/METS/" xmlns:alto="http://schema.ccs-gmbh.com/docworks/version20/alto-1-4.xsd"><metad><titre>Le Petit Parisien</titre><genre>PERIODIQUE</genre><dateEdition>30.09.1877</dateEdition><nbpages>4</nbpages></metad><ocr/><contenus><nbArticle>29</nbArticle><blocTab>6</blocTab><blocPub>9</blocPub><blocIllustration>0</blocIllustration><page><fichier>ALTO/18770930_1-0001.xml</fichier><nbString>3674</nbString><nbCar/><blocTexte>52</blocTexte><blocPub>2</blocPub><blocIllustration>0</blocIllustration><sommeWC>2789.8600000000015</sommeWC></page><page><fichier>ALTO/18770930_1-0002.xml</fichier><nbString>4628</nbString><nbCar/><blocTexte>31</blocTexte><blocPub>0</blocPub><blocIllustration>0</blocIllustration><sommeWC>3624.499999999969</sommeWC></page><page><fichier>ALTO/18770930_1-0003.xml</fichier><nbString>4532</nbString><nbCar/><blocTexte>52</blocTexte><blocPub>0</blocPub><blocIllustration>0</blocIllustration><sommeWC>3476.71999999996</sommeWC></page><page><fichier>ALTO/18770930_1-0004.xml</fichier><nbString>4057</nbString><nbCar/><blocTexte>40</blocTexte><blocPub>7</blocPub><blocIllustration>0</blocIllustration><sommeWC>2749.5800000000086</sommeWC></page></contenus></analyseAlto>