<?xml version="1.0" encoding="UTF-8"?><analyseAlto xmlns:xlink="http://www.w3.org/1999/xlink" xmlns:mods="http://www.loc.gov/mods/v3" xmlns:mets="http://www.loc.gov/METS/" xmlns:alto="http://schema.ccs-gmbh.com/docworks/version20/alto-1-4.xsd"><metad><titre>Le Petit Parisien</titre><genre>PERIODIQUE</genre><dateEdition>22.11.1877</dateEdition><nbpages>4</nbpages></metad><ocr/><contenus><nbArticle>25</nbArticle><blocTab>2</blocTab><blocPub>5</blocPub><blocIllustration>0</blocIllustration><page><fichier>ALTO/18771122_1-0001.xml</fichier><nbString>3411</nbString><nbCar/><blocTexte>50</blocTexte><blocPub>1</blocPub><blocIllustration>0</blocIllustration><sommeWC>2651.290000000001</sommeWC></page><page><fichier>ALTO/18771122_1-0002.xml</fichier><nbString>4474</nbString><nbCar/><blocTexte>36</blocTexte><blocPub>0</blocPub><blocIllustration>0</blocIllustration><sommeWC>3537.7699999999586</sommeWC></page><page><fichier>ALTO/18771122_1-0003.xml</fichier><nbString>4504</nbString><nbCar/><blocTexte>42</blocTexte><blocPub>0</blocPub><blocIllustration>0</blocIllustration><sommeWC>3592.329999999952</sommeWC></page><page><fichier>ALTO/18771122_1-0004.xml</fichier><nbString>3891</nbString><nbCar/><blocTexte>42</blocTexte><blocPub>4</blocPub><blocIllustration>0</blocIllustration><sommeWC>2543.2000000000085</sommeWC></page></contenus></analyseAlto>