<?xml version="1.0" encoding="UTF-8"?><analyseAlto xmlns:xlink="http://www.w3.org/1999/xlink" xmlns:mods="http://www.loc.gov/mods/v3" xmlns:mets="http://www.loc.gov/METS/" xmlns:alto="http://schema.ccs-gmbh.com/docworks/version20/alto-1-4.xsd"><metad><titre>Le Petit Parisien</titre><genre>PERIODIQUE</genre><dateEdition>27.11.1877</dateEdition><nbpages>4</nbpages></metad><ocr/><contenus><nbArticle>27</nbArticle><blocTab>2</blocTab><blocPub>11</blocPub><blocIllustration>0</blocIllustration><page><fichier>ALTO/18771127_1-0001.xml</fichier><nbString>3647</nbString><nbCar/><blocTexte>44</blocTexte><blocPub>1</blocPub><blocIllustration>0</blocIllustration><sommeWC>2921.939999999987</sommeWC></page><page><fichier>ALTO/18771127_1-0002.xml</fichier><nbString>4304</nbString><nbCar/><blocTexte>45</blocTexte><blocPub>0</blocPub><blocIllustration>0</blocIllustration><sommeWC>3347.539999999978</sommeWC></page><page><fichier>ALTO/18771127_1-0003.xml</fichier><nbString>4503</nbString><nbCar/><blocTexte>56</blocTexte><blocPub>1</blocPub><blocIllustration>0</blocIllustration><sommeWC>3403.91999999997</sommeWC></page><page><fichier>ALTO/18771127_1-0004.xml</fichier><nbString>3797</nbString><nbCar/><blocTexte>28</blocTexte><blocPub>9</blocPub><blocIllustration>0</blocIllustration><sommeWC>2716.7999999999906</sommeWC></page></contenus></analyseAlto>