<?xml version="1.0" encoding="UTF-8"?><analyseAlto xmlns:xlink="http://www.w3.org/1999/xlink" xmlns:mods="http://www.loc.gov/mods/v3" xmlns:mets="http://www.loc.gov/METS/" xmlns:alto="http://schema.ccs-gmbh.com/docworks/version20/alto-1-4.xsd"><metad><titre>Le Petit Parisien</titre><genre>PERIODIQUE</genre><dateEdition>20.01.1878</dateEdition><nbpages>4</nbpages></metad><ocr/><contenus><nbArticle>27</nbArticle><blocTab>2</blocTab><blocPub>12</blocPub><blocIllustration>0</blocIllustration><page><fichier>ALTO/18780120_1-0001.xml</fichier><nbString>3518</nbString><nbCar/><blocTexte>42</blocTexte><blocPub>1</blocPub><blocIllustration>0</blocIllustration><sommeWC>2815.94</sommeWC></page><page><fichier>ALTO/18780120_1-0002.xml</fichier><nbString>4005</nbString><nbCar/><blocTexte>52</blocTexte><blocPub>0</blocPub><blocIllustration>0</blocIllustration><sommeWC>3140.1899999999773</sommeWC></page><page><fichier>ALTO/18780120_1-0003.xml</fichier><nbString>4579</nbString><nbCar/><blocTexte>45</blocTexte><blocPub>2</blocPub><blocIllustration>0</blocIllustration><sommeWC>3513.939999999959</sommeWC></page><page><fichier>ALTO/18780120_1-0004.xml</fichier><nbString>4310</nbString><nbCar/><blocTexte>36</blocTexte><blocPub>9</blocPub><blocIllustration>0</blocIllustration><sommeWC>2672.3299999999904</sommeWC></page></contenus></analyseAlto>