<?xml version="1.0" encoding="UTF-8"?><analyseAlto xmlns:xlink="http://www.w3.org/1999/xlink" xmlns:mods="http://www.loc.gov/mods/v3" xmlns:mets="http://www.loc.gov/METS/" xmlns:alto="http://schema.ccs-gmbh.com/docworks/version20/alto-1-4.xsd"><metad><titre>Le Petit Parisien</titre><genre>PERIODIQUE</genre><dateEdition>27.01.1878</dateEdition><nbpages>4</nbpages></metad><ocr/><contenus><nbArticle>25</nbArticle><blocTab>2</blocTab><blocPub>13</blocPub><blocIllustration>0</blocIllustration><page><fichier>ALTO/18780127_1-0001.xml</fichier><nbString>3620</nbString><nbCar/><blocTexte>51</blocTexte><blocPub>1</blocPub><blocIllustration>0</blocIllustration><sommeWC>2856.199999999993</sommeWC></page><page><fichier>ALTO/18780127_1-0002.xml</fichier><nbString>4370</nbString><nbCar/><blocTexte>32</blocTexte><blocPub>0</blocPub><blocIllustration>0</blocIllustration><sommeWC>3465.7899999999563</sommeWC></page><page><fichier>ALTO/18780127_1-0003.xml</fichier><nbString>4810</nbString><nbCar/><blocTexte>31</blocTexte><blocPub>2</blocPub><blocIllustration>0</blocIllustration><sommeWC>3863.809999999919</sommeWC></page><page><fichier>ALTO/18780127_1-0004.xml</fichier><nbString>4031</nbString><nbCar/><blocTexte>36</blocTexte><blocPub>10</blocPub><blocIllustration>0</blocIllustration><sommeWC>2511.8799999999947</sommeWC></page></contenus></analyseAlto>