<?xml version="1.0" encoding="UTF-8"?><analyseAlto xmlns:xlink="http://www.w3.org/1999/xlink" xmlns:mods="http://www.loc.gov/mods/v3" xmlns:mets="http://www.loc.gov/METS/" xmlns:alto="http://schema.ccs-gmbh.com/docworks/version20/alto-1-4.xsd"><metad><titre>Le Petit Parisien</titre><genre>PERIODIQUE</genre><dateEdition>20.02.1878</dateEdition><nbpages>4</nbpages></metad><ocr/><contenus><nbArticle>27</nbArticle><blocTab>1</blocTab><blocPub>9</blocPub><blocIllustration>0</blocIllustration><page><fichier>ALTO/18780220_1-0001.xml</fichier><nbString>3566</nbString><nbCar/><blocTexte>43</blocTexte><blocPub>1</blocPub><blocIllustration>0</blocIllustration><sommeWC>2775.8599999999988</sommeWC></page><page><fichier>ALTO/18780220_1-0002.xml</fichier><nbString>3965</nbString><nbCar/><blocTexte>40</blocTexte><blocPub>0</blocPub><blocIllustration>0</blocIllustration><sommeWC>3125.7799999999843</sommeWC></page><page><fichier>ALTO/18780220_1-0003.xml</fichier><nbString>4716</nbString><nbCar/><blocTexte>48</blocTexte><blocPub>0</blocPub><blocIllustration>0</blocIllustration><sommeWC>3702.8699999999494</sommeWC></page><page><fichier>ALTO/18780220_1-0004.xml</fichier><nbString>4369</nbString><nbCar/><blocTexte>27</blocTexte><blocPub>8</blocPub><blocIllustration>0</blocIllustration><sommeWC>2796.409999999985</sommeWC></page></contenus></analyseAlto>