<?xml version="1.0" encoding="UTF-8"?><analyseAlto xmlns:xlink="http://www.w3.org/1999/xlink" xmlns:mods="http://www.loc.gov/mods/v3" xmlns:mets="http://www.loc.gov/METS/" xmlns:alto="http://schema.ccs-gmbh.com/docworks/version20/alto-1-4.xsd"><metad><titre>Le Petit Parisien</titre><genre>PERIODIQUE</genre><dateEdition>03.03.1878</dateEdition><nbpages>4</nbpages></metad><ocr/><contenus><nbArticle>26</nbArticle><blocTab>1</blocTab><blocPub>5</blocPub><blocIllustration>0</blocIllustration><page><fichier>ALTO/18780303_1-0001.xml</fichier><nbString>3909</nbString><nbCar/><blocTexte>40</blocTexte><blocPub>1</blocPub><blocIllustration>0</blocIllustration><sommeWC>2967.649999999984</sommeWC></page><page><fichier>ALTO/18780303_1-0002.xml</fichier><nbString>4504</nbString><nbCar/><blocTexte>54</blocTexte><blocPub>0</blocPub><blocIllustration>0</blocIllustration><sommeWC>3294.419999999981</sommeWC></page><page><fichier>ALTO/18780303_1-0003.xml</fichier><nbString>4766</nbString><nbCar/><blocTexte>31</blocTexte><blocPub>0</blocPub><blocIllustration>0</blocIllustration><sommeWC>3712.869999999945</sommeWC></page><page><fichier>ALTO/18780303_1-0004.xml</fichier><nbString>4501</nbString><nbCar/><blocTexte>31</blocTexte><blocPub>4</blocPub><blocIllustration>0</blocIllustration><sommeWC>2740.210000000004</sommeWC></page></contenus></analyseAlto>