<?xml version="1.0" encoding="UTF-8"?><analyseAlto xmlns:xlink="http://www.w3.org/1999/xlink" xmlns:mods="http://www.loc.gov/mods/v3" xmlns:mets="http://www.loc.gov/METS/" xmlns:alto="http://schema.ccs-gmbh.com/docworks/version20/alto-1-4.xsd"><metad><titre>Le Petit Parisien</titre><genre>PERIODIQUE</genre><dateEdition>27.02.1878</dateEdition><nbpages>4</nbpages></metad><ocr/><contenus><nbArticle>26</nbArticle><blocTab>1</blocTab><blocPub>4</blocPub><blocIllustration>0</blocIllustration><page><fichier>ALTO/18780227_1-0001.xml</fichier><nbString>3621</nbString><nbCar/><blocTexte>41</blocTexte><blocPub>1</blocPub><blocIllustration>0</blocIllustration><sommeWC>2950.269999999978</sommeWC></page><page><fichier>ALTO/18780227_1-0002.xml</fichier><nbString>4009</nbString><nbCar/><blocTexte>52</blocTexte><blocPub>0</blocPub><blocIllustration>0</blocIllustration><sommeWC>3258.4099999999653</sommeWC></page><page><fichier>ALTO/18780227_1-0003.xml</fichier><nbString>4617</nbString><nbCar/><blocTexte>41</blocTexte><blocPub>0</blocPub><blocIllustration>0</blocIllustration><sommeWC>3721.5299999999365</sommeWC></page><page><fichier>ALTO/18780227_1-0004.xml</fichier><nbString>3989</nbString><nbCar/><blocTexte>43</blocTexte><blocPub>3</blocPub><blocIllustration>0</blocIllustration><sommeWC>2583.990000000015</sommeWC></page></contenus></analyseAlto>