<?xml version="1.0" encoding="UTF-8"?><analyseAlto xmlns:xlink="http://www.w3.org/1999/xlink" xmlns:mods="http://www.loc.gov/mods/v3" xmlns:mets="http://www.loc.gov/METS/" xmlns:alto="http://schema.ccs-gmbh.com/docworks/version20/alto-1-4.xsd"><metad><titre>Le Petit Parisien</titre><genre>PERIODIQUE</genre><dateEdition>02.03.1878</dateEdition><nbpages>4</nbpages></metad><ocr/><contenus><nbArticle>27</nbArticle><blocTab>2</blocTab><blocPub>4</blocPub><blocIllustration>0</blocIllustration><page><fichier>ALTO/18780302_1-0001.xml</fichier><nbString>3541</nbString><nbCar/><blocTexte>55</blocTexte><blocPub>1</blocPub><blocIllustration>0</blocIllustration><sommeWC>2722.360000000007</sommeWC></page><page><fichier>ALTO/18780302_1-0002.xml</fichier><nbString>4287</nbString><nbCar/><blocTexte>41</blocTexte><blocPub>0</blocPub><blocIllustration>0</blocIllustration><sommeWC>3365.589999999964</sommeWC></page><page><fichier>ALTO/18780302_1-0003.xml</fichier><nbString>5215</nbString><nbCar/><blocTexte>39</blocTexte><blocPub>0</blocPub><blocIllustration>0</blocIllustration><sommeWC>4083.359999999903</sommeWC></page><page><fichier>ALTO/18780302_1-0004.xml</fichier><nbString>4628</nbString><nbCar/><blocTexte>37</blocTexte><blocPub>3</blocPub><blocIllustration>0</blocIllustration><sommeWC>2887.499999999997</sommeWC></page></contenus></analyseAlto>