<?xml version="1.0" encoding="UTF-8"?><analyseAlto xmlns:xlink="http://www.w3.org/1999/xlink" xmlns:mods="http://www.loc.gov/mods/v3" xmlns:mets="http://www.loc.gov/METS/" xmlns:alto="http://schema.ccs-gmbh.com/docworks/version20/alto-1-4.xsd"><metad><titre>Le Petit Parisien</titre><genre>PERIODIQUE</genre><dateEdition>17.01.1878</dateEdition><nbpages>4</nbpages></metad><ocr/><contenus><nbArticle>26</nbArticle><blocTab>1</blocTab><blocPub>16</blocPub><blocIllustration>0</blocIllustration><page><fichier>ALTO/18780117_1-0001.xml</fichier><nbString>3655</nbString><nbCar/><blocTexte>43</blocTexte><blocPub>1</blocPub><blocIllustration>0</blocIllustration><sommeWC>2885.989999999995</sommeWC></page><page><fichier>ALTO/18780117_1-0002.xml</fichier><nbString>3802</nbString><nbCar/><blocTexte>57</blocTexte><blocPub>1</blocPub><blocIllustration>0</blocIllustration><sommeWC>2824.60000000001</sommeWC></page><page><fichier>ALTO/18780117_1-0003.xml</fichier><nbString>4774</nbString><nbCar/><blocTexte>39</blocTexte><blocPub>3</blocPub><blocIllustration>0</blocIllustration><sommeWC>3696.879999999946</sommeWC></page><page><fichier>ALTO/18780117_1-0004.xml</fichier><nbString>4264</nbString><nbCar/><blocTexte>40</blocTexte><blocPub>11</blocPub><blocIllustration>0</blocIllustration><sommeWC>2748.930000000001</sommeWC></page></contenus></analyseAlto>