<?xml version="1.0" encoding="UTF-8"?><analyseAlto xmlns:xlink="http://www.w3.org/1999/xlink" xmlns:mods="http://www.loc.gov/mods/v3" xmlns:mets="http://www.loc.gov/METS/" xmlns:alto="http://schema.ccs-gmbh.com/docworks/version20/alto-1-4.xsd"><metad><titre>Le Petit Parisien</titre><genre>PERIODIQUE</genre><dateEdition>14.02.1878</dateEdition><nbpages>4</nbpages></metad><ocr/><contenus><nbArticle>28</nbArticle><blocTab>1</blocTab><blocPub>7</blocPub><blocIllustration>0</blocIllustration><page><fichier>ALTO/18780214_1-0001.xml</fichier><nbString>3567</nbString><nbCar/><blocTexte>38</blocTexte><blocPub>1</blocPub><blocIllustration>0</blocIllustration><sommeWC>2913.8299999999717</sommeWC></page><page><fichier>ALTO/18780214_1-0002.xml</fichier><nbString>4186</nbString><nbCar/><blocTexte>59</blocTexte><blocPub>0</blocPub><blocIllustration>0</blocIllustration><sommeWC>3036.0299999999966</sommeWC></page><page><fichier>ALTO/18780214_1-0003.xml</fichier><nbString>4768</nbString><nbCar/><blocTexte>51</blocTexte><blocPub>0</blocPub><blocIllustration>0</blocIllustration><sommeWC>3636.739999999954</sommeWC></page><page><fichier>ALTO/18780214_1-0004.xml</fichier><nbString>4358</nbString><nbCar/><blocTexte>31</blocTexte><blocPub>6</blocPub><blocIllustration>0</blocIllustration><sommeWC>2807.8999999999937</sommeWC></page></contenus></analyseAlto>