<?xml version="1.0" encoding="UTF-8"?><analyseAlto xmlns:xlink="http://www.w3.org/1999/xlink" xmlns:mods="http://www.loc.gov/mods/v3" xmlns:mets="http://www.loc.gov/METS/" xmlns:alto="http://schema.ccs-gmbh.com/docworks/version20/alto-1-4.xsd"><metad><titre>Le Petit Parisien</titre><genre>PERIODIQUE</genre><dateEdition>01.03.1878</dateEdition><nbpages>4</nbpages></metad><ocr/><contenus><nbArticle>29</nbArticle><blocTab>2</blocTab><blocPub>4</blocPub><blocIllustration>0</blocIllustration><page><fichier>ALTO/18780301_1-0001.xml</fichier><nbString>3485</nbString><nbCar/><blocTexte>40</blocTexte><blocPub>1</blocPub><blocIllustration>0</blocIllustration><sommeWC>2878.679999999986</sommeWC></page><page><fichier>ALTO/18780301_1-0002.xml</fichier><nbString>3948</nbString><nbCar/><blocTexte>38</blocTexte><blocPub>0</blocPub><blocIllustration>0</blocIllustration><sommeWC>3178.399999999955</sommeWC></page><page><fichier>ALTO/18780301_1-0003.xml</fichier><nbString>4910</nbString><nbCar/><blocTexte>38</blocTexte><blocPub>0</blocPub><blocIllustration>0</blocIllustration><sommeWC>3850.929999999941</sommeWC></page><page><fichier>ALTO/18780301_1-0004.xml</fichier><nbString>4364</nbString><nbCar/><blocTexte>37</blocTexte><blocPub>3</blocPub><blocIllustration>0</blocIllustration><sommeWC>2806.3700000000085</sommeWC></page></contenus></analyseAlto>