<?xml version="1.0" encoding="UTF-8"?><analyseAlto xmlns:xlink="http://www.w3.org/1999/xlink" xmlns:mods="http://www.loc.gov/mods/v3" xmlns:mets="http://www.loc.gov/METS/" xmlns:alto="http://schema.ccs-gmbh.com/docworks/version20/alto-1-4.xsd"><metad><titre>Le Petit Parisien</titre><genre>PERIODIQUE</genre><dateEdition>23.02.1878</dateEdition><nbpages>4</nbpages></metad><ocr/><contenus><nbArticle>27</nbArticle><blocTab>1</blocTab><blocPub>5</blocPub><blocIllustration>0</blocIllustration><page><fichier>ALTO/18780223_1-0001.xml</fichier><nbString>3455</nbString><nbCar/><blocTexte>39</blocTexte><blocPub>1</blocPub><blocIllustration>0</blocIllustration><sommeWC>2847.729999999985</sommeWC></page><page><fichier>ALTO/18780223_1-0002.xml</fichier><nbString>4122</nbString><nbCar/><blocTexte>54</blocTexte><blocPub>0</blocPub><blocIllustration>0</blocIllustration><sommeWC>3411.7999999999456</sommeWC></page><page><fichier>ALTO/18780223_1-0003.xml</fichier><nbString>4724</nbString><nbCar/><blocTexte>42</blocTexte><blocPub>1</blocPub><blocIllustration>0</blocIllustration><sommeWC>3724.5399999999463</sommeWC></page><page><fichier>ALTO/18780223_1-0004.xml</fichier><nbString>4521</nbString><nbCar/><blocTexte>39</blocTexte><blocPub>3</blocPub><blocIllustration>0</blocIllustration><sommeWC>2850.220000000011</sommeWC></page></contenus></analyseAlto>