<?xml version="1.0" encoding="UTF-8"?><analyseAlto xmlns:xlink="http://www.w3.org/1999/xlink" xmlns:mods="http://www.loc.gov/mods/v3" xmlns:mets="http://www.loc.gov/METS/" xmlns:alto="http://schema.ccs-gmbh.com/docworks/version20/alto-1-4.xsd"><metad><titre>Le Petit Parisien</titre><genre>PERIODIQUE</genre><dateEdition>04.02.1878</dateEdition><nbpages>4</nbpages></metad><ocr/><contenus><nbArticle>26</nbArticle><blocTab>2</blocTab><blocPub>6</blocPub><blocIllustration>0</blocIllustration><page><fichier>ALTO/18780204_1-0001.xml</fichier><nbString>3475</nbString><nbCar/><blocTexte>44</blocTexte><blocPub>1</blocPub><blocIllustration>0</blocIllustration><sommeWC>2765.5499999999984</sommeWC></page><page><fichier>ALTO/18780204_1-0002.xml</fichier><nbString>4438</nbString><nbCar/><blocTexte>41</blocTexte><blocPub>0</blocPub><blocIllustration>0</blocIllustration><sommeWC>3410.339999999965</sommeWC></page><page><fichier>ALTO/18780204_1-0003.xml</fichier><nbString>4474</nbString><nbCar/><blocTexte>51</blocTexte><blocPub>1</blocPub><blocIllustration>0</blocIllustration><sommeWC>3289.649999999968</sommeWC></page><page><fichier>ALTO/18780204_1-0004.xml</fichier><nbString>2871</nbString><nbCar/><blocTexte>8</blocTexte><blocPub>4</blocPub><blocIllustration>0</blocIllustration><sommeWC>1779.5400000000268</sommeWC></page></contenus></analyseAlto>