<?xml version="1.0" encoding="UTF-8"?><analyseAlto xmlns:xlink="http://www.w3.org/1999/xlink" xmlns:mods="http://www.loc.gov/mods/v3" xmlns:mets="http://www.loc.gov/METS/" xmlns:alto="http://schema.ccs-gmbh.com/docworks/version20/alto-1-4.xsd"><metad><titre>Le Petit Parisien</titre><genre>PERIODIQUE</genre><dateEdition>12.01.1878</dateEdition><nbpages>4</nbpages></metad><ocr/><contenus><nbArticle>26</nbArticle><blocTab>1</blocTab><blocPub>6</blocPub><blocIllustration>0</blocIllustration><page><fichier>ALTO/18780112_1-0001.xml</fichier><nbString>3742</nbString><nbCar/><blocTexte>42</blocTexte><blocPub>1</blocPub><blocIllustration>0</blocIllustration><sommeWC>2898.779999999992</sommeWC></page><page><fichier>ALTO/18780112_1-0002.xml</fichier><nbString>3962</nbString><nbCar/><blocTexte>31</blocTexte><blocPub>0</blocPub><blocIllustration>0</blocIllustration><sommeWC>3158.6299999999715</sommeWC></page><page><fichier>ALTO/18780112_1-0003.xml</fichier><nbString>4448</nbString><nbCar/><blocTexte>42</blocTexte><blocPub>0</blocPub><blocIllustration>0</blocIllustration><sommeWC>3419.7899999999527</sommeWC></page><page><fichier>ALTO/18780112_1-0004.xml</fichier><nbString>4646</nbString><nbCar/><blocTexte>41</blocTexte><blocPub>5</blocPub><blocIllustration>0</blocIllustration><sommeWC>2878.719999999998</sommeWC></page></contenus></analyseAlto>