<?xml version="1.0" encoding="UTF-8"?><analyseAlto xmlns:xlink="http://www.w3.org/1999/xlink" xmlns:mods="http://www.loc.gov/mods/v3" xmlns:mets="http://www.loc.gov/METS/" xmlns:alto="http://schema.ccs-gmbh.com/docworks/version20/alto-1-4.xsd"><metad><titre>Le Petit Parisien</titre><genre>PERIODIQUE</genre><dateEdition>18.02.1878</dateEdition><nbpages>4</nbpages></metad><ocr/><contenus><nbArticle>20</nbArticle><blocTab>2</blocTab><blocPub>5</blocPub><blocIllustration>0</blocIllustration><page><fichier>ALTO/18780218_1-0001.xml</fichier><nbString>3403</nbString><nbCar/><blocTexte>56</blocTexte><blocPub>1</blocPub><blocIllustration>0</blocIllustration><sommeWC>2552.7000000000075</sommeWC></page><page><fichier>ALTO/18780218_1-0002.xml</fichier><nbString>3826</nbString><nbCar/><blocTexte>51</blocTexte><blocPub>0</blocPub><blocIllustration>0</blocIllustration><sommeWC>3060.5299999999825</sommeWC></page><page><fichier>ALTO/18780218_1-0003.xml</fichier><nbString>4364</nbString><nbCar/><blocTexte>54</blocTexte><blocPub>1</blocPub><blocIllustration>0</blocIllustration><sommeWC>3504.859999999942</sommeWC></page><page><fichier>ALTO/18780218_1-0004.xml</fichier><nbString>5075</nbString><nbCar/><blocTexte>15</blocTexte><blocPub>3</blocPub><blocIllustration>0</blocIllustration><sommeWC>3006.069999999985</sommeWC></page></contenus></analyseAlto>