<?xml version="1.0" encoding="UTF-8"?><analyseAlto xmlns:xlink="http://www.w3.org/1999/xlink" xmlns:mods="http://www.loc.gov/mods/v3" xmlns:mets="http://www.loc.gov/METS/" xmlns:alto="http://schema.ccs-gmbh.com/docworks/version20/alto-1-4.xsd"><metad><titre>Le Petit Parisien</titre><genre>PERIODIQUE</genre><dateEdition>05.02.1878</dateEdition><nbpages>4</nbpages></metad><ocr/><contenus><nbArticle>24</nbArticle><blocTab>0</blocTab><blocPub>5</blocPub><blocIllustration>0</blocIllustration><page><fichier>ALTO/18780205_1-0001.xml</fichier><nbString>3716</nbString><nbCar/><blocTexte>36</blocTexte><blocPub>1</blocPub><blocIllustration>0</blocIllustration><sommeWC>3001.829999999983</sommeWC></page><page><fichier>ALTO/18780205_1-0002.xml</fichier><nbString>4213</nbString><nbCar/><blocTexte>43</blocTexte><blocPub>0</blocPub><blocIllustration>0</blocIllustration><sommeWC>3330.9399999999628</sommeWC></page><page><fichier>ALTO/18780205_1-0003.xml</fichier><nbString>4301</nbString><nbCar/><blocTexte>43</blocTexte><blocPub>1</blocPub><blocIllustration>0</blocIllustration><sommeWC>3333.1999999999707</sommeWC></page><page><fichier>ALTO/18780205_1-0004.xml</fichier><nbString>4260</nbString><nbCar/><blocTexte>18</blocTexte><blocPub>3</blocPub><blocIllustration>0</blocIllustration><sommeWC>2998.3499999999995</sommeWC></page></contenus></analyseAlto>