<?xml version="1.0" encoding="UTF-8"?><analyseAlto xmlns:xlink="http://www.w3.org/1999/xlink" xmlns:mods="http://www.loc.gov/mods/v3" xmlns:mets="http://www.loc.gov/METS/" xmlns:alto="http://schema.ccs-gmbh.com/docworks/version20/alto-1-4.xsd"><metad><titre>Le Petit Parisien</titre><genre>PERIODIQUE</genre><dateEdition>17.02.1878</dateEdition><nbpages>4</nbpages></metad><ocr/><contenus><nbArticle>27</nbArticle><blocTab>1</blocTab><blocPub>7</blocPub><blocIllustration>0</blocIllustration><page><fichier>ALTO/18780217_1-0001.xml</fichier><nbString>3396</nbString><nbCar/><blocTexte>50</blocTexte><blocPub>1</blocPub><blocIllustration>0</blocIllustration><sommeWC>2688.4699999999984</sommeWC></page><page><fichier>ALTO/18780217_1-0002.xml</fichier><nbString>3967</nbString><nbCar/><blocTexte>44</blocTexte><blocPub>1</blocPub><blocIllustration>0</blocIllustration><sommeWC>3114.589999999978</sommeWC></page><page><fichier>ALTO/18780217_1-0003.xml</fichier><nbString>4401</nbString><nbCar/><blocTexte>48</blocTexte><blocPub>1</blocPub><blocIllustration>0</blocIllustration><sommeWC>3501.289999999945</sommeWC></page><page><fichier>ALTO/18780217_1-0004.xml</fichier><nbString>3931</nbString><nbCar/><blocTexte>28</blocTexte><blocPub>4</blocPub><blocIllustration>0</blocIllustration><sommeWC>2476.8200000000065</sommeWC></page></contenus></analyseAlto>