<?xml version="1.0" encoding="UTF-8"?><analyseAlto xmlns:xlink="http://www.w3.org/1999/xlink" xmlns:mods="http://www.loc.gov/mods/v3" xmlns:mets="http://www.loc.gov/METS/" xmlns:alto="http://schema.ccs-gmbh.com/docworks/version20/alto-1-4.xsd"><metad><titre>Le Petit Parisien</titre><genre>PERIODIQUE</genre><dateEdition>06.01.1878</dateEdition><nbpages>4</nbpages></metad><ocr/><contenus><nbArticle>27</nbArticle><blocTab>1</blocTab><blocPub>14</blocPub><blocIllustration>0</blocIllustration><page><fichier>ALTO/18780106_1-0001.xml</fichier><nbString>3429</nbString><nbCar/><blocTexte>37</blocTexte><blocPub>1</blocPub><blocIllustration>0</blocIllustration><sommeWC>2753.330000000002</sommeWC></page><page><fichier>ALTO/18780106_1-0002.xml</fichier><nbString>4211</nbString><nbCar/><blocTexte>38</blocTexte><blocPub>0</blocPub><blocIllustration>0</blocIllustration><sommeWC>3250.269999999979</sommeWC></page><page><fichier>ALTO/18780106_1-0003.xml</fichier><nbString>4639</nbString><nbCar/><blocTexte>38</blocTexte><blocPub>0</blocPub><blocIllustration>0</blocIllustration><sommeWC>3546.13999999994</sommeWC></page><page><fichier>ALTO/18780106_1-0004.xml</fichier><nbString>4015</nbString><nbCar/><blocTexte>36</blocTexte><blocPub>13</blocPub><blocIllustration>0</blocIllustration><sommeWC>2485.8199999999974</sommeWC></page></contenus></analyseAlto>