<?xml version="1.0" encoding="UTF-8"?><analyseAlto xmlns:xlink="http://www.w3.org/1999/xlink" xmlns:mods="http://www.loc.gov/mods/v3" xmlns:mets="http://www.loc.gov/METS/" xmlns:alto="http://schema.ccs-gmbh.com/docworks/version20/alto-1-4.xsd"><metad><titre>Le Petit Parisien</titre><genre>PERIODIQUE</genre><dateEdition>04.01.1878</dateEdition><nbpages>4</nbpages></metad><ocr/><contenus><nbArticle>33</nbArticle><blocTab>1</blocTab><blocPub>9</blocPub><blocIllustration>0</blocIllustration><page><fichier>ALTO/18780104_1-0001.xml</fichier><nbString>3620</nbString><nbCar/><blocTexte>45</blocTexte><blocPub>1</blocPub><blocIllustration>0</blocIllustration><sommeWC>2884.88999999999</sommeWC></page><page><fichier>ALTO/18780104_1-0002.xml</fichier><nbString>4034</nbString><nbCar/><blocTexte>46</blocTexte><blocPub>0</blocPub><blocIllustration>0</blocIllustration><sommeWC>3301.619999999961</sommeWC></page><page><fichier>ALTO/18780104_1-0003.xml</fichier><nbString>4284</nbString><nbCar/><blocTexte>38</blocTexte><blocPub>1</blocPub><blocIllustration>0</blocIllustration><sommeWC>3428.2399999999507</sommeWC></page><page><fichier>ALTO/18780104_1-0004.xml</fichier><nbString>4645</nbString><nbCar/><blocTexte>32</blocTexte><blocPub>7</blocPub><blocIllustration>0</blocIllustration><sommeWC>2961.000000000008</sommeWC></page></contenus></analyseAlto>