<?xml version="1.0" encoding="UTF-8"?><analyseAlto xmlns:xlink="http://www.w3.org/1999/xlink" xmlns:mods="http://www.loc.gov/mods/v3" xmlns:mets="http://www.loc.gov/METS/" xmlns:alto="http://schema.ccs-gmbh.com/docworks/version20/alto-1-4.xsd"><metad><titre>Le Petit Parisien</titre><genre>PERIODIQUE</genre><dateEdition>03.02.1878</dateEdition><nbpages>4</nbpages></metad><ocr/><contenus><nbArticle>32</nbArticle><blocTab>2</blocTab><blocPub>6</blocPub><blocIllustration>0</blocIllustration><page><fichier>ALTO/18780203_1-0001.xml</fichier><nbString>3425</nbString><nbCar/><blocTexte>42</blocTexte><blocPub>1</blocPub><blocIllustration>0</blocIllustration><sommeWC>2689.069999999999</sommeWC></page><page><fichier>ALTO/18780203_1-0002.xml</fichier><nbString>3976</nbString><nbCar/><blocTexte>47</blocTexte><blocPub>0</blocPub><blocIllustration>0</blocIllustration><sommeWC>3104.2599999999798</sommeWC></page><page><fichier>ALTO/18780203_1-0003.xml</fichier><nbString>4361</nbString><nbCar/><blocTexte>49</blocTexte><blocPub>0</blocPub><blocIllustration>0</blocIllustration><sommeWC>3320.299999999966</sommeWC></page><page><fichier>ALTO/18780203_1-0004.xml</fichier><nbString>2473</nbString><nbCar/><blocTexte>23</blocTexte><blocPub>5</blocPub><blocIllustration>0</blocIllustration><sommeWC>1572.040000000022</sommeWC></page></contenus></analyseAlto>