<?xml version="1.0" encoding="UTF-8"?><analyseAlto xmlns:xlink="http://www.w3.org/1999/xlink" xmlns:mods="http://www.loc.gov/mods/v3" xmlns:mets="http://www.loc.gov/METS/" xmlns:alto="http://schema.ccs-gmbh.com/docworks/version20/alto-1-4.xsd"><metad><titre>Le Petit Parisien</titre><genre>PERIODIQUE</genre><dateEdition>30.01.1878</dateEdition><nbpages>4</nbpages></metad><ocr/><contenus><nbArticle>27</nbArticle><blocTab>1</blocTab><blocPub>9</blocPub><blocIllustration>0</blocIllustration><page><fichier>ALTO/18780130_1-0001.xml</fichier><nbString>3154</nbString><nbCar/><blocTexte>49</blocTexte><blocPub>1</blocPub><blocIllustration>0</blocIllustration><sommeWC>2553.950000000006</sommeWC></page><page><fichier>ALTO/18780130_1-0002.xml</fichier><nbString>4147</nbString><nbCar/><blocTexte>56</blocTexte><blocPub>0</blocPub><blocIllustration>0</blocIllustration><sommeWC>3379.259999999961</sommeWC></page><page><fichier>ALTO/18780130_1-0003.xml</fichier><nbString>4659</nbString><nbCar/><blocTexte>34</blocTexte><blocPub>1</blocPub><blocIllustration>0</blocIllustration><sommeWC>3764.6099999999446</sommeWC></page><page><fichier>ALTO/18780130_1-0004.xml</fichier><nbString>4531</nbString><nbCar/><blocTexte>40</blocTexte><blocPub>7</blocPub><blocIllustration>0</blocIllustration><sommeWC>3056.120000000006</sommeWC></page></contenus></analyseAlto>