<?xml version="1.0" encoding="UTF-8"?><analyseAlto xmlns:xlink="http://www.w3.org/1999/xlink" xmlns:mods="http://www.loc.gov/mods/v3" xmlns:mets="http://www.loc.gov/METS/" xmlns:alto="http://schema.ccs-gmbh.com/docworks/version20/alto-1-4.xsd"><metad><titre>Le Petit Parisien</titre><genre>PERIODIQUE</genre><dateEdition>16.01.1878</dateEdition><nbpages>4</nbpages></metad><ocr/><contenus><nbArticle>29</nbArticle><blocTab>2</blocTab><blocPub>9</blocPub><blocIllustration>0</blocIllustration><page><fichier>ALTO/18780116_1-0001.xml</fichier><nbString>3606</nbString><nbCar/><blocTexte>51</blocTexte><blocPub>1</blocPub><blocIllustration>0</blocIllustration><sommeWC>2974.8899999999794</sommeWC></page><page><fichier>ALTO/18780116_1-0002.xml</fichier><nbString>4060</nbString><nbCar/><blocTexte>40</blocTexte><blocPub>0</blocPub><blocIllustration>0</blocIllustration><sommeWC>3288.169999999964</sommeWC></page><page><fichier>ALTO/18780116_1-0003.xml</fichier><nbString>4434</nbString><nbCar/><blocTexte>34</blocTexte><blocPub>0</blocPub><blocIllustration>0</blocIllustration><sommeWC>3536.9499999999452</sommeWC></page><page><fichier>ALTO/18780116_1-0004.xml</fichier><nbString>4481</nbString><nbCar/><blocTexte>43</blocTexte><blocPub>8</blocPub><blocIllustration>0</blocIllustration><sommeWC>2952.739999999989</sommeWC></page></contenus></analyseAlto>