<?xml version="1.0" encoding="UTF-8"?><analyseAlto xmlns:xlink="http://www.w3.org/1999/xlink" xmlns:mods="http://www.loc.gov/mods/v3" xmlns:mets="http://www.loc.gov/METS/" xmlns:alto="http://schema.ccs-gmbh.com/docworks/version20/alto-1-4.xsd"><metad><titre>Le Petit Parisien</titre><genre>PERIODIQUE</genre><dateEdition>10.01.1878</dateEdition><nbpages>4</nbpages></metad><ocr/><contenus><nbArticle>31</nbArticle><blocTab>1</blocTab><blocPub>12</blocPub><blocIllustration>0</blocIllustration><page><fichier>ALTO/18780110_1-0001.xml</fichier><nbString>3223</nbString><nbCar/><blocTexte>33</blocTexte><blocPub>1</blocPub><blocIllustration>0</blocIllustration><sommeWC>2658.069999999998</sommeWC></page><page><fichier>ALTO/18780110_1-0002.xml</fichier><nbString>4032</nbString><nbCar/><blocTexte>34</blocTexte><blocPub>0</blocPub><blocIllustration>0</blocIllustration><sommeWC>3162.799999999978</sommeWC></page><page><fichier>ALTO/18780110_1-0003.xml</fichier><nbString>4596</nbString><nbCar/><blocTexte>35</blocTexte><blocPub>0</blocPub><blocIllustration>0</blocIllustration><sommeWC>3616.119999999938</sommeWC></page><page><fichier>ALTO/18780110_1-0004.xml</fichier><nbString>4050</nbString><nbCar/><blocTexte>46</blocTexte><blocPub>11</blocPub><blocIllustration>0</blocIllustration><sommeWC>2552.329999999999</sommeWC></page></contenus></analyseAlto>