<?xml version="1.0" encoding="UTF-8"?><analyseAlto xmlns:xlink="http://www.w3.org/1999/xlink" xmlns:mods="http://www.loc.gov/mods/v3" xmlns:mets="http://www.loc.gov/METS/" xmlns:alto="http://schema.ccs-gmbh.com/docworks/version20/alto-1-4.xsd"><metad><titre>Le Petit Parisien</titre><genre>PERIODIQUE</genre><dateEdition>15.02.1878</dateEdition><nbpages>4</nbpages></metad><ocr/><contenus><nbArticle>34</nbArticle><blocTab>2</blocTab><blocPub>5</blocPub><blocIllustration>0</blocIllustration><page><fichier>ALTO/18780215_1-0001.xml</fichier><nbString>3326</nbString><nbCar/><blocTexte>54</blocTexte><blocPub>1</blocPub><blocIllustration>0</blocIllustration><sommeWC>2611.960000000013</sommeWC></page><page><fichier>ALTO/18780215_1-0002.xml</fichier><nbString>3918</nbString><nbCar/><blocTexte>44</blocTexte><blocPub>0</blocPub><blocIllustration>0</blocIllustration><sommeWC>3104.8999999999846</sommeWC></page><page><fichier>ALTO/18780215_1-0003.xml</fichier><nbString>4629</nbString><nbCar/><blocTexte>45</blocTexte><blocPub>1</blocPub><blocIllustration>0</blocIllustration><sommeWC>3722.9499999999284</sommeWC></page><page><fichier>ALTO/18780215_1-0004.xml</fichier><nbString>4701</nbString><nbCar/><blocTexte>37</blocTexte><blocPub>3</blocPub><blocIllustration>0</blocIllustration><sommeWC>2873.1400000000003</sommeWC></page></contenus></analyseAlto>