<?xml version="1.0" encoding="UTF-8"?><analyseAlto xmlns:xlink="http://www.w3.org/1999/xlink" xmlns:mods="http://www.loc.gov/mods/v3" xmlns:mets="http://www.loc.gov/METS/" xmlns:alto="http://schema.ccs-gmbh.com/docworks/version20/alto-1-4.xsd"><metad><titre>Le Petit Parisien</titre><genre>PERIODIQUE</genre><dateEdition>25.02.1878</dateEdition><nbpages>4</nbpages></metad><ocr/><contenus><nbArticle>25</nbArticle><blocTab>2</blocTab><blocPub>8</blocPub><blocIllustration>0</blocIllustration><page><fichier>ALTO/18780225_1-0001.xml</fichier><nbString>3511</nbString><nbCar/><blocTexte>49</blocTexte><blocPub>1</blocPub><blocIllustration>0</blocIllustration><sommeWC>2915.5699999999733</sommeWC></page><page><fichier>ALTO/18780225_1-0002.xml</fichier><nbString>4001</nbString><nbCar/><blocTexte>57</blocTexte><blocPub>0</blocPub><blocIllustration>0</blocIllustration><sommeWC>3118.1099999999888</sommeWC></page><page><fichier>ALTO/18780225_1-0003.xml</fichier><nbString>4814</nbString><nbCar/><blocTexte>46</blocTexte><blocPub>1</blocPub><blocIllustration>0</blocIllustration><sommeWC>3727.7599999999434</sommeWC></page><page><fichier>ALTO/18780225_1-0004.xml</fichier><nbString>3326</nbString><nbCar/><blocTexte>30</blocTexte><blocPub>6</blocPub><blocIllustration>0</blocIllustration><sommeWC>2259.7600000000143</sommeWC></page></contenus></analyseAlto>