<?xml version="1.0" encoding="UTF-8"?><analyseAlto xmlns:xlink="http://www.w3.org/1999/xlink" xmlns:mods="http://www.loc.gov/mods/v3" xmlns:mets="http://www.loc.gov/METS/" xmlns:alto="http://schema.ccs-gmbh.com/docworks/version20/alto-1-4.xsd"><metad><titre>Le Petit Parisien</titre><genre>PERIODIQUE</genre><dateEdition>05.01.1878</dateEdition><nbpages>4</nbpages></metad><ocr/><contenus><nbArticle>32</nbArticle><blocTab>2</blocTab><blocPub>10</blocPub><blocIllustration>0</blocIllustration><page><fichier>ALTO/18780105_1-0001.xml</fichier><nbString>3656</nbString><nbCar/><blocTexte>35</blocTexte><blocPub>1</blocPub><blocIllustration>0</blocIllustration><sommeWC>2913.6799999999857</sommeWC></page><page><fichier>ALTO/18780105_1-0002.xml</fichier><nbString>4410</nbString><nbCar/><blocTexte>42</blocTexte><blocPub>0</blocPub><blocIllustration>0</blocIllustration><sommeWC>3548.9499999999443</sommeWC></page><page><fichier>ALTO/18780105_1-0003.xml</fichier><nbString>4484</nbString><nbCar/><blocTexte>46</blocTexte><blocPub>1</blocPub><blocIllustration>0</blocIllustration><sommeWC>3523.749999999955</sommeWC></page><page><fichier>ALTO/18780105_1-0004.xml</fichier><nbString>3233</nbString><nbCar/><blocTexte>36</blocTexte><blocPub>8</blocPub><blocIllustration>0</blocIllustration><sommeWC>2124.8800000000247</sommeWC></page></contenus></analyseAlto>