<?xml version="1.0" encoding="UTF-8"?><analyseAlto xmlns:xlink="http://www.w3.org/1999/xlink" xmlns:mods="http://www.loc.gov/mods/v3" xmlns:mets="http://www.loc.gov/METS/" xmlns:alto="http://schema.ccs-gmbh.com/docworks/version20/alto-1-4.xsd"><metad><titre>Le Petit Parisien</titre><genre>PERIODIQUE</genre><dateEdition>07.01.1878</dateEdition><nbpages>4</nbpages></metad><ocr/><contenus><nbArticle>32</nbArticle><blocTab>3</blocTab><blocPub>14</blocPub><blocIllustration>0</blocIllustration><page><fichier>ALTO/18780107_1-0001.xml</fichier><nbString>3553</nbString><nbCar/><blocTexte>39</blocTexte><blocPub>2</blocPub><blocIllustration>0</blocIllustration><sommeWC>2888.6299999999874</sommeWC></page><page><fichier>ALTO/18780107_1-0002.xml</fichier><nbString>4144</nbString><nbCar/><blocTexte>43</blocTexte><blocPub>0</blocPub><blocIllustration>0</blocIllustration><sommeWC>3293.5099999999693</sommeWC></page><page><fichier>ALTO/18780107_1-0003.xml</fichier><nbString>4473</nbString><nbCar/><blocTexte>47</blocTexte><blocPub>1</blocPub><blocIllustration>0</blocIllustration><sommeWC>3395.4599999999627</sommeWC></page><page><fichier>ALTO/18780107_1-0004.xml</fichier><nbString>4242</nbString><nbCar/><blocTexte>27</blocTexte><blocPub>11</blocPub><blocIllustration>0</blocIllustration><sommeWC>2647.530000000001</sommeWC></page></contenus></analyseAlto>