<?xml version="1.0" encoding="UTF-8"?><analyseAlto xmlns:xlink="http://www.w3.org/1999/xlink" xmlns:mods="http://www.loc.gov/mods/v3" xmlns:mets="http://www.loc.gov/METS/" xmlns:alto="http://schema.ccs-gmbh.com/docworks/version20/alto-1-4.xsd"><metad><titre>Le Petit Parisien</titre><genre>PERIODIQUE</genre><dateEdition>19.02.1878</dateEdition><nbpages>4</nbpages></metad><ocr/><contenus><nbArticle>25</nbArticle><blocTab>0</blocTab><blocPub>2</blocPub><blocIllustration>0</blocIllustration><page><fichier>ALTO/18780219_1-0001.xml</fichier><nbString>3420</nbString><nbCar/><blocTexte>43</blocTexte><blocPub>1</blocPub><blocIllustration>0</blocIllustration><sommeWC>2771.939999999998</sommeWC></page><page><fichier>ALTO/18780219_1-0002.xml</fichier><nbString>4246</nbString><nbCar/><blocTexte>51</blocTexte><blocPub>0</blocPub><blocIllustration>0</blocIllustration><sommeWC>3461.07999999995</sommeWC></page><page><fichier>ALTO/18780219_1-0003.xml</fichier><nbString>4498</nbString><nbCar/><blocTexte>46</blocTexte><blocPub>0</blocPub><blocIllustration>0</blocIllustration><sommeWC>3487.1099999999487</sommeWC></page><page><fichier>ALTO/18780219_1-0004.xml</fichier><nbString>4063</nbString><nbCar/><blocTexte>18</blocTexte><blocPub>1</blocPub><blocIllustration>0</blocIllustration><sommeWC>2959.069999999994</sommeWC></page></contenus></analyseAlto>