<?xml version="1.0" encoding="UTF-8"?><analyseAlto xmlns:xlink="http://www.w3.org/1999/xlink" xmlns:mods="http://www.loc.gov/mods/v3" xmlns:mets="http://www.loc.gov/METS/" xmlns:alto="http://schema.ccs-gmbh.com/docworks/version20/alto-1-4.xsd"><metad><titre>Le Petit Parisien</titre><genre>PERIODIQUE</genre><dateEdition>21.01.1878</dateEdition><nbpages>4</nbpages></metad><ocr/><contenus><nbArticle>22</nbArticle><blocTab>2</blocTab><blocPub>18</blocPub><blocIllustration>0</blocIllustration><page><fichier>ALTO/18780121_1-0001.xml</fichier><nbString>3261</nbString><nbCar/><blocTexte>36</blocTexte><blocPub>2</blocPub><blocIllustration>0</blocIllustration><sommeWC>2650.609999999997</sommeWC></page><page><fichier>ALTO/18780121_1-0002.xml</fichier><nbString>4019</nbString><nbCar/><blocTexte>43</blocTexte><blocPub>0</blocPub><blocIllustration>0</blocIllustration><sommeWC>3154.149999999975</sommeWC></page><page><fichier>ALTO/18780121_1-0003.xml</fichier><nbString>4558</nbString><nbCar/><blocTexte>41</blocTexte><blocPub>3</blocPub><blocIllustration>0</blocIllustration><sommeWC>3392.3999999999623</sommeWC></page><page><fichier>ALTO/18780121_1-0004.xml</fichier><nbString>4256</nbString><nbCar/><blocTexte>29</blocTexte><blocPub>13</blocPub><blocIllustration>0</blocIllustration><sommeWC>2548.109999999993</sommeWC></page></contenus></analyseAlto>