<?xml version="1.0" encoding="UTF-8"?><analyseAlto xmlns:xlink="http://www.w3.org/1999/xlink" xmlns:mods="http://www.loc.gov/mods/v3" xmlns:mets="http://www.loc.gov/METS/" xmlns:alto="http://schema.ccs-gmbh.com/docworks/version20/alto-1-4.xsd"><metad><titre>Le Petit Parisien</titre><genre>PERIODIQUE</genre><dateEdition>21.02.1878</dateEdition><nbpages>4</nbpages></metad><ocr/><contenus><nbArticle>31</nbArticle><blocTab>1</blocTab><blocPub>5</blocPub><blocIllustration>0</blocIllustration><page><fichier>ALTO/18780221_1-0001.xml</fichier><nbString>3334</nbString><nbCar/><blocTexte>51</blocTexte><blocPub>1</blocPub><blocIllustration>0</blocIllustration><sommeWC>2593.840000000008</sommeWC></page><page><fichier>ALTO/18780221_1-0002.xml</fichier><nbString>4048</nbString><nbCar/><blocTexte>42</blocTexte><blocPub>0</blocPub><blocIllustration>0</blocIllustration><sommeWC>3304.6799999999557</sommeWC></page><page><fichier>ALTO/18780221_1-0003.xml</fichier><nbString>4428</nbString><nbCar/><blocTexte>44</blocTexte><blocPub>0</blocPub><blocIllustration>0</blocIllustration><sommeWC>3536.4399999999564</sommeWC></page><page><fichier>ALTO/18780221_1-0004.xml</fichier><nbString>4861</nbString><nbCar/><blocTexte>34</blocTexte><blocPub>4</blocPub><blocIllustration>0</blocIllustration><sommeWC>2950.810000000003</sommeWC></page></contenus></analyseAlto>