<?xml version="1.0" encoding="UTF-8"?><analyseAlto xmlns:xlink="http://www.w3.org/1999/xlink" xmlns:mods="http://www.loc.gov/mods/v3" xmlns:mets="http://www.loc.gov/METS/" xmlns:alto="http://schema.ccs-gmbh.com/docworks/version20/alto-1-4.xsd"><metad><titre>Le Petit Parisien</titre><genre>PERIODIQUE</genre><dateEdition>10.02.1878</dateEdition><nbpages>4</nbpages></metad><ocr/><contenus><nbArticle>21</nbArticle><blocTab>1</blocTab><blocPub>6</blocPub><blocIllustration>0</blocIllustration><page><fichier>ALTO/18780210_1-0001.xml</fichier><nbString>3344</nbString><nbCar/><blocTexte>50</blocTexte><blocPub>1</blocPub><blocIllustration>0</blocIllustration><sommeWC>2734.829999999996</sommeWC></page><page><fichier>ALTO/18780210_1-0002.xml</fichier><nbString>4140</nbString><nbCar/><blocTexte>40</blocTexte><blocPub>0</blocPub><blocIllustration>0</blocIllustration><sommeWC>3280.3399999999683</sommeWC></page><page><fichier>ALTO/18780210_1-0003.xml</fichier><nbString>4492</nbString><nbCar/><blocTexte>48</blocTexte><blocPub>0</blocPub><blocIllustration>0</blocIllustration><sommeWC>3512.309999999949</sommeWC></page><page><fichier>ALTO/18780210_1-0004.xml</fichier><nbString>2128</nbString><nbCar/><blocTexte>24</blocTexte><blocPub>5</blocPub><blocIllustration>0</blocIllustration><sommeWC>1503.6900000000198</sommeWC></page></contenus></analyseAlto>