<?xml version="1.0" encoding="UTF-8"?><analyseAlto xmlns:xlink="http://www.w3.org/1999/xlink" xmlns:mods="http://www.loc.gov/mods/v3" xmlns:mets="http://www.loc.gov/METS/" xmlns:alto="http://schema.ccs-gmbh.com/docworks/version20/alto-1-4.xsd"><metad><titre>Le Petit Parisien</titre><genre>PERIODIQUE</genre><dateEdition>18.01.1878</dateEdition><nbpages>4</nbpages></metad><ocr/><contenus><nbArticle>28</nbArticle><blocTab>2</blocTab><blocPub>7</blocPub><blocIllustration>0</blocIllustration><page><fichier>ALTO/18780118_1-0001.xml</fichier><nbString>3566</nbString><nbCar/><blocTexte>46</blocTexte><blocPub>1</blocPub><blocIllustration>0</blocIllustration><sommeWC>2894.5299999999875</sommeWC></page><page><fichier>ALTO/18780118_1-0002.xml</fichier><nbString>4541</nbString><nbCar/><blocTexte>33</blocTexte><blocPub>0</blocPub><blocIllustration>0</blocIllustration><sommeWC>3678.7199999999502</sommeWC></page><page><fichier>ALTO/18780118_1-0003.xml</fichier><nbString>4729</nbString><nbCar/><blocTexte>33</blocTexte><blocPub>1</blocPub><blocIllustration>0</blocIllustration><sommeWC>3694.3099999999426</sommeWC></page><page><fichier>ALTO/18780118_1-0004.xml</fichier><nbString>4528</nbString><nbCar/><blocTexte>42</blocTexte><blocPub>5</blocPub><blocIllustration>0</blocIllustration><sommeWC>2963.4099999999944</sommeWC></page></contenus></analyseAlto>