<?xml version="1.0" encoding="UTF-8"?><analyseAlto xmlns:xlink="http://www.w3.org/1999/xlink" xmlns:mods="http://www.loc.gov/mods/v3" xmlns:mets="http://www.loc.gov/METS/" xmlns:alto="http://schema.ccs-gmbh.com/docworks/version20/alto-1-4.xsd"><metad><titre>Le Petit Parisien</titre><genre>PERIODIQUE</genre><dateEdition>04.03.1878</dateEdition><nbpages>4</nbpages></metad><ocr/><contenus><nbArticle>29</nbArticle><blocTab>2</blocTab><blocPub>6</blocPub><blocIllustration>0</blocIllustration><page><fichier>ALTO/18780304_1-0001.xml</fichier><nbString>3684</nbString><nbCar/><blocTexte>34</blocTexte><blocPub>1</blocPub><blocIllustration>0</blocIllustration><sommeWC>3007.19999999997</sommeWC></page><page><fichier>ALTO/18780304_1-0002.xml</fichier><nbString>4019</nbString><nbCar/><blocTexte>56</blocTexte><blocPub>0</blocPub><blocIllustration>0</blocIllustration><sommeWC>3225.9299999999535</sommeWC></page><page><fichier>ALTO/18780304_1-0003.xml</fichier><nbString>4561</nbString><nbCar/><blocTexte>54</blocTexte><blocPub>1</blocPub><blocIllustration>0</blocIllustration><sommeWC>3590.2999999999447</sommeWC></page><page><fichier>ALTO/18780304_1-0004.xml</fichier><nbString>4893</nbString><nbCar/><blocTexte>25</blocTexte><blocPub>4</blocPub><blocIllustration>0</blocIllustration><sommeWC>2954.579999999984</sommeWC></page></contenus></analyseAlto>