<?xml version="1.0" encoding="UTF-8"?><analyseAlto xmlns:xlink="http://www.w3.org/1999/xlink" xmlns:mods="http://www.loc.gov/mods/v3" xmlns:mets="http://www.loc.gov/METS/" xmlns:alto="http://schema.ccs-gmbh.com/docworks/version20/alto-1-4.xsd"><metad><titre>Le Petit Parisien</titre><genre>PERIODIQUE</genre><dateEdition>07.02.1878</dateEdition><nbpages>4</nbpages></metad><ocr/><contenus><nbArticle>28</nbArticle><blocTab>2</blocTab><blocPub>9</blocPub><blocIllustration>0</blocIllustration><page><fichier>ALTO/18780207_1-0001.xml</fichier><nbString>3507</nbString><nbCar/><blocTexte>34</blocTexte><blocPub>1</blocPub><blocIllustration>0</blocIllustration><sommeWC>2796.4699999999925</sommeWC></page><page><fichier>ALTO/18780207_1-0002.xml</fichier><nbString>4116</nbString><nbCar/><blocTexte>48</blocTexte><blocPub>0</blocPub><blocIllustration>0</blocIllustration><sommeWC>3128.82999999999</sommeWC></page><page><fichier>ALTO/18780207_1-0003.xml</fichier><nbString>4300</nbString><nbCar/><blocTexte>33</blocTexte><blocPub>1</blocPub><blocIllustration>0</blocIllustration><sommeWC>3359.7299999999586</sommeWC></page><page><fichier>ALTO/18780207_1-0004.xml</fichier><nbString>4299</nbString><nbCar/><blocTexte>37</blocTexte><blocPub>7</blocPub><blocIllustration>0</blocIllustration><sommeWC>2662.659999999996</sommeWC></page></contenus></analyseAlto>