<?xml version="1.0" encoding="UTF-8"?><analyseAlto xmlns:xlink="http://www.w3.org/1999/xlink" xmlns:mods="http://www.loc.gov/mods/v3" xmlns:mets="http://www.loc.gov/METS/" xmlns:alto="http://schema.ccs-gmbh.com/docworks/version20/alto-1-4.xsd"><metad><titre>Le Petit Parisien</titre><genre>PERIODIQUE</genre><dateEdition>26.02.1878</dateEdition><nbpages>4</nbpages></metad><ocr/><contenus><nbArticle>21</nbArticle><blocTab>0</blocTab><blocPub>10</blocPub><blocIllustration>0</blocIllustration><page><fichier>ALTO/18780226_1-0001.xml</fichier><nbString>3606</nbString><nbCar/><blocTexte>39</blocTexte><blocPub>2</blocPub><blocIllustration>0</blocIllustration><sommeWC>2912.349999999983</sommeWC></page><page><fichier>ALTO/18780226_1-0002.xml</fichier><nbString>4222</nbString><nbCar/><blocTexte>42</blocTexte><blocPub>0</blocPub><blocIllustration>0</blocIllustration><sommeWC>3390.4499999999625</sommeWC></page><page><fichier>ALTO/18780226_1-0003.xml</fichier><nbString>4402</nbString><nbCar/><blocTexte>45</blocTexte><blocPub>1</blocPub><blocIllustration>0</blocIllustration><sommeWC>3384.9699999999616</sommeWC></page><page><fichier>ALTO/18780226_1-0004.xml</fichier><nbString>4298</nbString><nbCar/><blocTexte>24</blocTexte><blocPub>7</blocPub><blocIllustration>0</blocIllustration><sommeWC>3163.119999999983</sommeWC></page></contenus></analyseAlto>