<?xml version="1.0" encoding="UTF-8"?><analyseAlto xmlns:xlink="http://www.w3.org/1999/xlink" xmlns:mods="http://www.loc.gov/mods/v3" xmlns:mets="http://www.loc.gov/METS/" xmlns:alto="http://schema.ccs-gmbh.com/docworks/version20/alto-1-4.xsd"><metad><titre>Le Petit Parisien</titre><genre>PERIODIQUE</genre><dateEdition>02.02.1878</dateEdition><nbpages>4</nbpages></metad><ocr/><contenus><nbArticle>33</nbArticle><blocTab>1</blocTab><blocPub>6</blocPub><blocIllustration>0</blocIllustration><page><fichier>ALTO/18780202_1-0001.xml</fichier><nbString>3426</nbString><nbCar/><blocTexte>44</blocTexte><blocPub>1</blocPub><blocIllustration>0</blocIllustration><sommeWC>2766.4399999999946</sommeWC></page><page><fichier>ALTO/18780202_1-0002.xml</fichier><nbString>4257</nbString><nbCar/><blocTexte>52</blocTexte><blocPub>0</blocPub><blocIllustration>0</blocIllustration><sommeWC>3341.7199999999634</sommeWC></page><page><fichier>ALTO/18780202_1-0003.xml</fichier><nbString>4451</nbString><nbCar/><blocTexte>39</blocTexte><blocPub>1</blocPub><blocIllustration>0</blocIllustration><sommeWC>3453.529999999964</sommeWC></page><page><fichier>ALTO/18780202_1-0004.xml</fichier><nbString>3554</nbString><nbCar/><blocTexte>27</blocTexte><blocPub>4</blocPub><blocIllustration>0</blocIllustration><sommeWC>2198.0800000000145</sommeWC></page></contenus></analyseAlto>