<?xml version="1.0" encoding="UTF-8"?><analyseAlto xmlns:xlink="http://www.w3.org/1999/xlink" xmlns:mods="http://www.loc.gov/mods/v3" xmlns:mets="http://www.loc.gov/METS/" xmlns:alto="http://schema.ccs-gmbh.com/docworks/version20/alto-1-4.xsd"><metad><titre>Le Petit Parisien</titre><genre>PERIODIQUE</genre><dateEdition>11.02.1878</dateEdition><nbpages>4</nbpages></metad><ocr/><contenus><nbArticle>28</nbArticle><blocTab>1</blocTab><blocPub>10</blocPub><blocIllustration>0</blocIllustration><page><fichier>ALTO/18780211_1-0001.xml</fichier><nbString>3719</nbString><nbCar/><blocTexte>48</blocTexte><blocPub>1</blocPub><blocIllustration>0</blocIllustration><sommeWC>2927.439999999982</sommeWC></page><page><fichier>ALTO/18780211_1-0002.xml</fichier><nbString>4055</nbString><nbCar/><blocTexte>48</blocTexte><blocPub>0</blocPub><blocIllustration>0</blocIllustration><sommeWC>3111.3499999999794</sommeWC></page><page><fichier>ALTO/18780211_1-0003.xml</fichier><nbString>4439</nbString><nbCar/><blocTexte>49</blocTexte><blocPub>3</blocPub><blocIllustration>0</blocIllustration><sommeWC>3291.1799999999603</sommeWC></page><page><fichier>ALTO/18780211_1-0004.xml</fichier><nbString>4063</nbString><nbCar/><blocTexte>9</blocTexte><blocPub>6</blocPub><blocIllustration>0</blocIllustration><sommeWC>2443.0400000000136</sommeWC></page></contenus></analyseAlto>