<?xml version="1.0" encoding="UTF-8"?><analyseAlto xmlns:xlink="http://www.w3.org/1999/xlink" xmlns:mods="http://www.loc.gov/mods/v3" xmlns:mets="http://www.loc.gov/METS/" xmlns:alto="http://schema.ccs-gmbh.com/docworks/version20/alto-1-4.xsd"><metad><titre>Le Petit Parisien</titre><genre>PERIODIQUE</genre><dateEdition>12.02.1878</dateEdition><nbpages>4</nbpages></metad><ocr/><contenus><nbArticle>29</nbArticle><blocTab>1</blocTab><blocPub>7</blocPub><blocIllustration>0</blocIllustration><page><fichier>ALTO/18780212_1-0001.xml</fichier><nbString>3344</nbString><nbCar/><blocTexte>44</blocTexte><blocPub>1</blocPub><blocIllustration>0</blocIllustration><sommeWC>2733.7500000000014</sommeWC></page><page><fichier>ALTO/18780212_1-0002.xml</fichier><nbString>4250</nbString><nbCar/><blocTexte>48</blocTexte><blocPub>0</blocPub><blocIllustration>0</blocIllustration><sommeWC>3372.7899999999604</sommeWC></page><page><fichier>ALTO/18780212_1-0003.xml</fichier><nbString>4386</nbString><nbCar/><blocTexte>45</blocTexte><blocPub>1</blocPub><blocIllustration>0</blocIllustration><sommeWC>3470.909999999955</sommeWC></page><page><fichier>ALTO/18780212_1-0004.xml</fichier><nbString>4321</nbString><nbCar/><blocTexte>32</blocTexte><blocPub>5</blocPub><blocIllustration>0</blocIllustration><sommeWC>3119.5699999999765</sommeWC></page></contenus></analyseAlto>