<?xml version="1.0" encoding="UTF-8"?><analyseAlto xmlns:xlink="http://www.w3.org/1999/xlink" xmlns:mods="http://www.loc.gov/mods/v3" xmlns:mets="http://www.loc.gov/METS/" xmlns:alto="http://schema.ccs-gmbh.com/docworks/version20/alto-1-4.xsd"><metad><titre>Le Petit Parisien</titre><genre>PERIODIQUE</genre><dateEdition>09.01.1878</dateEdition><nbpages>4</nbpages></metad><ocr/><contenus><nbArticle>30</nbArticle><blocTab>2</blocTab><blocPub>11</blocPub><blocIllustration>0</blocIllustration><page><fichier>ALTO/18780109_1-0001.xml</fichier><nbString>3324</nbString><nbCar/><blocTexte>39</blocTexte><blocPub>1</blocPub><blocIllustration>0</blocIllustration><sommeWC>2647.6600000000017</sommeWC></page><page><fichier>ALTO/18780109_1-0002.xml</fichier><nbString>4226</nbString><nbCar/><blocTexte>43</blocTexte><blocPub>0</blocPub><blocIllustration>0</blocIllustration><sommeWC>3378.389999999959</sommeWC></page><page><fichier>ALTO/18780109_1-0003.xml</fichier><nbString>4481</nbString><nbCar/><blocTexte>50</blocTexte><blocPub>0</blocPub><blocIllustration>0</blocIllustration><sommeWC>3573.469999999951</sommeWC></page><page><fichier>ALTO/18780109_1-0004.xml</fichier><nbString>4147</nbString><nbCar/><blocTexte>34</blocTexte><blocPub>10</blocPub><blocIllustration>0</blocIllustration><sommeWC>2669.8099999999904</sommeWC></page></contenus></analyseAlto>