<?xml version="1.0" encoding="UTF-8"?><analyseAlto xmlns:xlink="http://www.w3.org/1999/xlink" xmlns:mods="http://www.loc.gov/mods/v3" xmlns:mets="http://www.loc.gov/METS/" xmlns:alto="http://schema.ccs-gmbh.com/docworks/version20/alto-1-4.xsd"><metad><titre>Le Petit Parisien</titre><genre>PERIODIQUE</genre><dateEdition>02.01.1878</dateEdition><nbpages>4</nbpages></metad><ocr/><contenus><nbArticle>32</nbArticle><blocTab>1</blocTab><blocPub>10</blocPub><blocIllustration>0</blocIllustration><page><fichier>ALTO/18780102_1-0001.xml</fichier><nbString>3515</nbString><nbCar/><blocTexte>42</blocTexte><blocPub>2</blocPub><blocIllustration>0</blocIllustration><sommeWC>2806.889999999999</sommeWC></page><page><fichier>ALTO/18780102_1-0002.xml</fichier><nbString>4182</nbString><nbCar/><blocTexte>26</blocTexte><blocPub>0</blocPub><blocIllustration>0</blocIllustration><sommeWC>3368.5499999999574</sommeWC></page><page><fichier>ALTO/18780102_1-0003.xml</fichier><nbString>4178</nbString><nbCar/><blocTexte>42</blocTexte><blocPub>0</blocPub><blocIllustration>0</blocIllustration><sommeWC>3262.8699999999676</sommeWC></page><page><fichier>ALTO/18780102_1-0004.xml</fichier><nbString>4308</nbString><nbCar/><blocTexte>41</blocTexte><blocPub>8</blocPub><blocIllustration>0</blocIllustration><sommeWC>2874.110000000002</sommeWC></page></contenus></analyseAlto>