<?xml version="1.0" encoding="UTF-8"?><analyseAlto xmlns:xlink="http://www.w3.org/1999/xlink" xmlns:mods="http://www.loc.gov/mods/v3" xmlns:mets="http://www.loc.gov/METS/" xmlns:alto="http://schema.ccs-gmbh.com/docworks/version20/alto-1-4.xsd"><metad><titre>Le Petit Parisien</titre><genre>PERIODIQUE</genre><dateEdition>19.01.1878</dateEdition><nbpages>4</nbpages></metad><ocr/><contenus><nbArticle>30</nbArticle><blocTab>1</blocTab><blocPub>14</blocPub><blocIllustration>0</blocIllustration><page><fichier>ALTO/18780119_1-0001.xml</fichier><nbString>2999</nbString><nbCar/><blocTexte>41</blocTexte><blocPub>1</blocPub><blocIllustration>0</blocIllustration><sommeWC>2524.550000000009</sommeWC></page><page><fichier>ALTO/18780119_1-0002.xml</fichier><nbString>3973</nbString><nbCar/><blocTexte>32</blocTexte><blocPub>1</blocPub><blocIllustration>0</blocIllustration><sommeWC>3273.329999999962</sommeWC></page><page><fichier>ALTO/18780119_1-0003.xml</fichier><nbString>4583</nbString><nbCar/><blocTexte>50</blocTexte><blocPub>2</blocPub><blocIllustration>0</blocIllustration><sommeWC>3578.2899999999486</sommeWC></page><page><fichier>ALTO/18780119_1-0004.xml</fichier><nbString>4032</nbString><nbCar/><blocTexte>32</blocTexte><blocPub>10</blocPub><blocIllustration>0</blocIllustration><sommeWC>2536.1400000000035</sommeWC></page></contenus></analyseAlto>