<?xml version="1.0" encoding="UTF-8"?><analyseAlto xmlns:xlink="http://www.w3.org/1999/xlink" xmlns:mods="http://www.loc.gov/mods/v3" xmlns:mets="http://www.loc.gov/METS/" xmlns:alto="http://schema.ccs-gmbh.com/docworks/version20/alto-1-4.xsd"><metad><titre>Le Petit Parisien</titre><genre>PERIODIQUE</genre><dateEdition>01.02.1878</dateEdition><nbpages>4</nbpages></metad><ocr/><contenus><nbArticle>26</nbArticle><blocTab>2</blocTab><blocPub>7</blocPub><blocIllustration>0</blocIllustration><page><fichier>ALTO/18780201_1-0001.xml</fichier><nbString>3576</nbString><nbCar/><blocTexte>33</blocTexte><blocPub>1</blocPub><blocIllustration>0</blocIllustration><sommeWC>2857.6499999999915</sommeWC></page><page><fichier>ALTO/18780201_1-0002.xml</fichier><nbString>4295</nbString><nbCar/><blocTexte>47</blocTexte><blocPub>0</blocPub><blocIllustration>0</blocIllustration><sommeWC>3387.5799999999563</sommeWC></page><page><fichier>ALTO/18780201_1-0003.xml</fichier><nbString>4588</nbString><nbCar/><blocTexte>46</blocTexte><blocPub>0</blocPub><blocIllustration>0</blocIllustration><sommeWC>3521.7599999999575</sommeWC></page><page><fichier>ALTO/18780201_1-0004.xml</fichier><nbString>4301</nbString><nbCar/><blocTexte>37</blocTexte><blocPub>6</blocPub><blocIllustration>0</blocIllustration><sommeWC>2648.339999999998</sommeWC></page></contenus></analyseAlto>