<?xml version="1.0" encoding="UTF-8"?><analyseAlto xmlns:xlink="http://www.w3.org/1999/xlink" xmlns:mods="http://www.loc.gov/mods/v3" xmlns:mets="http://www.loc.gov/METS/" xmlns:alto="http://schema.ccs-gmbh.com/docworks/version20/alto-1-4.xsd"><metad><titre>Le Petit Parisien</titre><genre>PERIODIQUE</genre><dateEdition>26.01.1878</dateEdition><nbpages>4</nbpages></metad><ocr/><contenus><nbArticle>26</nbArticle><blocTab>2</blocTab><blocPub>10</blocPub><blocIllustration>0</blocIllustration><page><fichier>ALTO/18780126_1-0001.xml</fichier><nbString>3523</nbString><nbCar/><blocTexte>47</blocTexte><blocPub>1</blocPub><blocIllustration>0</blocIllustration><sommeWC>2835.889999999993</sommeWC></page><page><fichier>ALTO/18780126_1-0002.xml</fichier><nbString>4287</nbString><nbCar/><blocTexte>56</blocTexte><blocPub>0</blocPub><blocIllustration>0</blocIllustration><sommeWC>3312.6999999999734</sommeWC></page><page><fichier>ALTO/18780126_1-0003.xml</fichier><nbString>4943</nbString><nbCar/><blocTexte>38</blocTexte><blocPub>0</blocPub><blocIllustration>0</blocIllustration><sommeWC>3731.429999999955</sommeWC></page><page><fichier>ALTO/18780126_1-0004.xml</fichier><nbString>4292</nbString><nbCar/><blocTexte>35</blocTexte><blocPub>9</blocPub><blocIllustration>0</blocIllustration><sommeWC>2664.2499999999977</sommeWC></page></contenus></analyseAlto>