<?xml version="1.0" encoding="UTF-8"?><analyseAlto xmlns:xlink="http://www.w3.org/1999/xlink" xmlns:mods="http://www.loc.gov/mods/v3" xmlns:mets="http://www.loc.gov/METS/" xmlns:alto="http://schema.ccs-gmbh.com/docworks/version20/alto-1-4.xsd"><metad><titre>Le Petit Parisien</titre><genre>PERIODIQUE</genre><dateEdition>01.01.1878</dateEdition><nbpages>4</nbpages></metad><ocr/><contenus><nbArticle>30</nbArticle><blocTab>0</blocTab><blocPub>9</blocPub><blocIllustration>0</blocIllustration><page><fichier>ALTO/18780101_1-0001.xml</fichier><nbString>3478</nbString><nbCar/><blocTexte>43</blocTexte><blocPub>1</blocPub><blocIllustration>0</blocIllustration><sommeWC>2698.460000000005</sommeWC></page><page><fichier>ALTO/18780101_1-0002.xml</fichier><nbString>4219</nbString><nbCar/><blocTexte>42</blocTexte><blocPub>0</blocPub><blocIllustration>0</blocIllustration><sommeWC>3247.379999999984</sommeWC></page><page><fichier>ALTO/18780101_1-0003.xml</fichier><nbString>4656</nbString><nbCar/><blocTexte>30</blocTexte><blocPub>0</blocPub><blocIllustration>0</blocIllustration><sommeWC>3591.499999999951</sommeWC></page><page><fichier>ALTO/18780101_1-0004.xml</fichier><nbString>4379</nbString><nbCar/><blocTexte>40</blocTexte><blocPub>8</blocPub><blocIllustration>0</blocIllustration><sommeWC>3068.0799999999945</sommeWC></page></contenus></analyseAlto>