<?xml version="1.0" encoding="UTF-8"?><analyseAlto xmlns:xlink="http://www.w3.org/1999/xlink" xmlns:mods="http://www.loc.gov/mods/v3" xmlns:mets="http://www.loc.gov/METS/" xmlns:alto="http://schema.ccs-gmbh.com/docworks/version20/alto-1-4.xsd"><metad><titre>Le Petit Parisien</titre><genre>PERIODIQUE</genre><dateEdition>15.01.1878</dateEdition><nbpages>4</nbpages></metad><ocr/><contenus><nbArticle>25</nbArticle><blocTab>0</blocTab><blocPub>8</blocPub><blocIllustration>0</blocIllustration><page><fichier>ALTO/18780115_1-0001.xml</fichier><nbString>3234</nbString><nbCar/><blocTexte>42</blocTexte><blocPub>1</blocPub><blocIllustration>0</blocIllustration><sommeWC>2685.799999999997</sommeWC></page><page><fichier>ALTO/18780115_1-0002.xml</fichier><nbString>3844</nbString><nbCar/><blocTexte>57</blocTexte><blocPub>0</blocPub><blocIllustration>0</blocIllustration><sommeWC>3118.1199999999744</sommeWC></page><page><fichier>ALTO/18780115_1-0003.xml</fichier><nbString>4441</nbString><nbCar/><blocTexte>49</blocTexte><blocPub>2</blocPub><blocIllustration>0</blocIllustration><sommeWC>3520.8099999999567</sommeWC></page><page><fichier>ALTO/18780115_1-0004.xml</fichier><nbString>4967</nbString><nbCar/><blocTexte>22</blocTexte><blocPub>5</blocPub><blocIllustration>0</blocIllustration><sommeWC>3499.5299999999797</sommeWC></page></contenus></analyseAlto>