<?xml version="1.0" encoding="UTF-8"?><analyseAlto xmlns:xlink="http://www.w3.org/1999/xlink" xmlns:mods="http://www.loc.gov/mods/v3" xmlns:mets="http://www.loc.gov/METS/" xmlns:alto="http://schema.ccs-gmbh.com/docworks/version20/alto-1-4.xsd"><metad><titre>Le Petit Parisien</titre><genre>PERIODIQUE</genre><dateEdition>25.01.1878</dateEdition><nbpages>4</nbpages></metad><ocr/><contenus><nbArticle>29</nbArticle><blocTab>2</blocTab><blocPub>7</blocPub><blocIllustration>0</blocIllustration><page><fichier>ALTO/18780125_1-0001.xml</fichier><nbString>3452</nbString><nbCar/><blocTexte>52</blocTexte><blocPub>1</blocPub><blocIllustration>0</blocIllustration><sommeWC>2859.2499999999827</sommeWC></page><page><fichier>ALTO/18780125_1-0002.xml</fichier><nbString>4058</nbString><nbCar/><blocTexte>47</blocTexte><blocPub>0</blocPub><blocIllustration>0</blocIllustration><sommeWC>3216.6499999999714</sommeWC></page><page><fichier>ALTO/18780125_1-0003.xml</fichier><nbString>4609</nbString><nbCar/><blocTexte>40</blocTexte><blocPub>1</blocPub><blocIllustration>0</blocIllustration><sommeWC>3550.689999999954</sommeWC></page><page><fichier>ALTO/18780125_1-0004.xml</fichier><nbString>4105</nbString><nbCar/><blocTexte>42</blocTexte><blocPub>5</blocPub><blocIllustration>0</blocIllustration><sommeWC>2764.899999999994</sommeWC></page></contenus></analyseAlto>