<?xml version="1.0" encoding="UTF-8"?>
<analyseAlto>
<metad><titre>Le Matin</titre><dateEdition>07.12.1884</dateEdition><nbPage>4</nbPage><suppl>FALSE</suppl></metad><contenus><nbArticle>169</nbArticle><largeur>440</largeur><hauteur>593</hauteur><page><nbMot>5320</nbMot><blocTexte>98</blocTexte><blocTab>0</blocTab><blocPub>0</blocPub><blocIllustration>0</blocIllustration></page><page><nbMot>6474</nbMot><blocTexte>96</blocTexte><blocTab>1</blocTab><blocPub>0</blocPub><blocIllustration>0</blocIllustration></page><page><nbMot>5549</nbMot><blocTexte>92</blocTexte><blocTab>5</blocTab><blocPub>7</blocPub><blocIllustration>0</blocIllustration></page><page><nbMot>4007</nbMot><blocTexte>61</blocTexte><blocTab>0</blocTab><blocPub>12</blocPub><blocIllustration>0</blocIllustration></page></contenus></analyseAlto>
