<?xml version="1.0" encoding="UTF-8"?>
<analyseAlto>
<metad><titre>Le Matin</titre><dateEdition>25.09.1884</dateEdition><nbPage>4</nbPage><suppl>FALSE</suppl></metad><contenus><nbArticle>176</nbArticle><largeur>358</largeur><hauteur>492</hauteur><page><nbMot>3913</nbMot><blocTexte>64</blocTexte><blocTab>0</blocTab><blocPub>0</blocPub><blocIllustration>0</blocIllustration></page><page><nbMot>4643</nbMot><blocTexte>88</blocTexte><blocTab>3</blocTab><blocPub>0</blocPub><blocIllustration>0</blocIllustration></page><page><nbMot>4724</nbMot><blocTexte>80</blocTexte><blocTab>3</blocTab><blocPub>2</blocPub><blocIllustration>0</blocIllustration></page><page><nbMot>3572</nbMot><blocTexte>54</blocTexte><blocTab>3</blocTab><blocPub>18</blocPub><blocIllustration>0</blocIllustration></page></contenus></analyseAlto>
