<?xml version="1.0" encoding="UTF-8"?>
<analyseAlto>
<metad><titre>Le Matin</titre><dateEdition>06.12.1884</dateEdition><nbPage>4</nbPage><suppl>FALSE</suppl></metad><contenus><nbArticle>205</nbArticle><largeur>440</largeur><hauteur>592</hauteur><page><nbMot>4945</nbMot><blocTexte>89</blocTexte><blocTab>0</blocTab><blocPub>0</blocPub><blocIllustration>0</blocIllustration></page><page><nbMot>6096</nbMot><blocTexte>88</blocTexte><blocTab>1</blocTab><blocPub>1</blocPub><blocIllustration>0</blocIllustration></page><page><nbMot>6619</nbMot><blocTexte>106</blocTexte><blocTab>5</blocTab><blocPub>6</blocPub><blocIllustration>0</blocIllustration></page><page><nbMot>3728</nbMot><blocTexte>43</blocTexte><blocTab>0</blocTab><blocPub>15</blocPub><blocIllustration>0</blocIllustration></page></contenus></analyseAlto>
