<?xml version="1.0" encoding="UTF-8"?>
<analyseAlto>
<metad><titre>Le Matin</titre><dateEdition>25.03.1884</dateEdition><nbPage>4</nbPage><suppl>FALSE</suppl></metad><contenus><nbArticle>190</nbArticle><largeur>357</largeur><hauteur>494</hauteur><page><nbMot>3387</nbMot><blocTexte>53</blocTexte><blocTab>0</blocTab><blocPub>0</blocPub><blocIllustration>1</blocIllustration></page><page><nbMot>4726</nbMot><blocTexte>76</blocTexte><blocTab>1</blocTab><blocPub>0</blocPub><blocIllustration>0</blocIllustration></page><page><nbMot>5295</nbMot><blocTexte>78</blocTexte><blocTab>2</blocTab><blocPub>4</blocPub><blocIllustration>0</blocIllustration></page><page><nbMot>3306</nbMot><blocTexte>30</blocTexte><blocTab>3</blocTab><blocPub>11</blocPub><blocIllustration>0</blocIllustration></page></contenus></analyseAlto>
