<?xml version="1.0" encoding="UTF-8"?>
<analyseAlto>
<metad><titre>Le Matin</titre><dateEdition>04.07.1884</dateEdition><nbPage>4</nbPage><suppl>FALSE</suppl></metad><contenus><nbArticle>184</nbArticle><largeur>357</largeur><hauteur>494</hauteur><page><nbMot>3752</nbMot><blocTexte>72</blocTexte><blocTab>0</blocTab><blocPub>0</blocPub><blocIllustration>0</blocIllustration></page><page><nbMot>4647</nbMot><blocTexte>65</blocTexte><blocTab>1</blocTab><blocPub>0</blocPub><blocIllustration>0</blocIllustration></page><page><nbMot>5191</nbMot><blocTexte>95</blocTexte><blocTab>5</blocTab><blocPub>1</blocPub><blocIllustration>0</blocIllustration></page><page><nbMot>3389</nbMot><blocTexte>36</blocTexte><blocTab>0</blocTab><blocPub>21</blocPub><blocIllustration>0</blocIllustration></page></contenus></analyseAlto>
