<?xml version="1.0" encoding="UTF-8"?>
<analyseAlto>
<metad><titre>Le Matin</titre><dateEdition>15.11.1884</dateEdition><nbPage>4</nbPage><suppl>FALSE</suppl></metad><contenus><nbArticle>194</nbArticle><largeur>439</largeur><hauteur>597</hauteur><page><nbMot>4970</nbMot><blocTexte>109</blocTexte><blocTab>0</blocTab><blocPub>0</blocPub><blocIllustration>0</blocIllustration></page><page><nbMot>5956</nbMot><blocTexte>120</blocTexte><blocTab>2</blocTab><blocPub>1</blocPub><blocIllustration>0</blocIllustration></page><page><nbMot>6600</nbMot><blocTexte>90</blocTexte><blocTab>5</blocTab><blocPub>4</blocPub><blocIllustration>0</blocIllustration></page><page><nbMot>3495</nbMot><blocTexte>29</blocTexte><blocTab>0</blocTab><blocPub>15</blocPub><blocIllustration>0</blocIllustration></page></contenus></analyseAlto>
