<?xml version="1.0" encoding="UTF-8"?>
<analyseAlto>
<metad><titre>Le Matin</titre><dateEdition>04.04.1884</dateEdition><nbPage>4</nbPage><suppl>FALSE</suppl></metad><contenus><nbArticle>195</nbArticle><largeur>356</largeur><hauteur>494</hauteur><page><nbMot>3074</nbMot><blocTexte>37</blocTexte><blocTab>0</blocTab><blocPub>0</blocPub><blocIllustration>2</blocIllustration></page><page><nbMot>4806</nbMot><blocTexte>59</blocTexte><blocTab>1</blocTab><blocPub>0</blocPub><blocIllustration>0</blocIllustration></page><page><nbMot>5266</nbMot><blocTexte>70</blocTexte><blocTab>2</blocTab><blocPub>4</blocPub><blocIllustration>0</blocIllustration></page><page><nbMot>2523</nbMot><blocTexte>22</blocTexte><blocTab>2</blocTab><blocPub>10</blocPub><blocIllustration>0</blocIllustration></page></contenus></analyseAlto>
