<?xml version="1.0" encoding="UTF-8"?>
<analyseAlto>
<metad><titre>Le Matin</titre><dateEdition>05.04.1884</dateEdition><nbPage>4</nbPage><suppl>FALSE</suppl></metad><contenus><nbArticle>191</nbArticle><largeur>356</largeur><hauteur>494</hauteur><page><nbMot>3724</nbMot><blocTexte>76</blocTexte><blocTab>0</blocTab><blocPub>0</blocPub><blocIllustration>0</blocIllustration></page><page><nbMot>4684</nbMot><blocTexte>120</blocTexte><blocTab>1</blocTab><blocPub>0</blocPub><blocIllustration>0</blocIllustration></page><page><nbMot>4796</nbMot><blocTexte>106</blocTexte><blocTab>2</blocTab><blocPub>6</blocPub><blocIllustration>0</blocIllustration></page><page><nbMot>2798</nbMot><blocTexte>25</blocTexte><blocTab>2</blocTab><blocPub>12</blocPub><blocIllustration>0</blocIllustration></page></contenus></analyseAlto>
