<?xml version="1.0" encoding="UTF-8"?>
<analyseAlto>
<metad><titre>Le Matin</titre><dateEdition>13.07.1884</dateEdition><nbPage>4</nbPage><suppl>FALSE</suppl></metad><contenus><nbArticle>179</nbArticle><largeur>358</largeur><hauteur>494</hauteur><page><nbMot>3713</nbMot><blocTexte>66</blocTexte><blocTab>0</blocTab><blocPub>0</blocPub><blocIllustration>0</blocIllustration></page><page><nbMot>4700</nbMot><blocTexte>61</blocTexte><blocTab>1</blocTab><blocPub>0</blocPub><blocIllustration>0</blocIllustration></page><page><nbMot>4559</nbMot><blocTexte>119</blocTexte><blocTab>5</blocTab><blocPub>2</blocPub><blocIllustration>0</blocIllustration></page><page><nbMot>3255</nbMot><blocTexte>38</blocTexte><blocTab>0</blocTab><blocPub>6</blocPub><blocIllustration>0</blocIllustration></page></contenus></analyseAlto>
