<?xml version="1.0" encoding="UTF-8"?>
<analyseAlto>
<metad><titre>Le Matin</titre><dateEdition>13.12.1884</dateEdition><nbPage>4</nbPage><suppl>FALSE</suppl></metad><contenus><nbArticle>186</nbArticle><largeur>440</largeur><hauteur>597</hauteur><page><nbMot>4963</nbMot><blocTexte>48</blocTexte><blocTab>0</blocTab><blocPub>0</blocPub><blocIllustration>0</blocIllustration></page><page><nbMot>6237</nbMot><blocTexte>95</blocTexte><blocTab>1</blocTab><blocPub>0</blocPub><blocIllustration>0</blocIllustration></page><page><nbMot>6520</nbMot><blocTexte>80</blocTexte><blocTab>5</blocTab><blocPub>6</blocPub><blocIllustration>0</blocIllustration></page><page><nbMot>3700</nbMot><blocTexte>37</blocTexte><blocTab>0</blocTab><blocPub>18</blocPub><blocIllustration>0</blocIllustration></page></contenus></analyseAlto>
