<?xml version="1.0" encoding="UTF-8"?>
<analyseAlto>
<metad><titre>Le Matin</titre><dateEdition>15.03.1884</dateEdition><nbPage>4</nbPage><suppl>FALSE</suppl></metad><contenus><nbArticle>192</nbArticle><largeur>355</largeur><hauteur>492</hauteur><page><nbMot>3439</nbMot><blocTexte>49</blocTexte><blocTab>0</blocTab><blocPub>0</blocPub><blocIllustration>0</blocIllustration></page><page><nbMot>4136</nbMot><blocTexte>84</blocTexte><blocTab>0</blocTab><blocPub>0</blocPub><blocIllustration>0</blocIllustration></page><page><nbMot>5423</nbMot><blocTexte>101</blocTexte><blocTab>3</blocTab><blocPub>1</blocPub><blocIllustration>0</blocIllustration></page><page><nbMot>2716</nbMot><blocTexte>25</blocTexte><blocTab>2</blocTab><blocPub>14</blocPub><blocIllustration>0</blocIllustration></page></contenus></analyseAlto>
