<?xml version="1.0" encoding="UTF-8"?>
<analyseAlto>
<metad><titre>Le Matin</titre><dateEdition>25.11.1884</dateEdition><nbPage>4</nbPage><suppl>FALSE</suppl></metad><contenus><nbArticle>202</nbArticle><largeur>440</largeur><hauteur>598</hauteur><page><nbMot>4999</nbMot><blocTexte>71</blocTexte><blocTab>0</blocTab><blocPub>0</blocPub><blocIllustration>0</blocIllustration></page><page><nbMot>5963</nbMot><blocTexte>89</blocTexte><blocTab>1</blocTab><blocPub>0</blocPub><blocIllustration>0</blocIllustration></page><page><nbMot>6074</nbMot><blocTexte>101</blocTexte><blocTab>4</blocTab><blocPub>6</blocPub><blocIllustration>0</blocIllustration></page><page><nbMot>3099</nbMot><blocTexte>34</blocTexte><blocTab>2</blocTab><blocPub>15</blocPub><blocIllustration>0</blocIllustration></page></contenus></analyseAlto>
