<?xml version="1.0" encoding="UTF-8"?>
<analyseAlto>
<metad><titre>Le Matin</titre><dateEdition>21.09.1884</dateEdition><nbPage>4</nbPage><suppl>FALSE</suppl></metad><contenus><nbArticle>210</nbArticle><largeur>358</largeur><hauteur>492</hauteur><page><nbMot>3397</nbMot><blocTexte>74</blocTexte><blocTab>0</blocTab><blocPub>2</blocPub><blocIllustration>0</blocIllustration></page><page><nbMot>4469</nbMot><blocTexte>95</blocTexte><blocTab>3</blocTab><blocPub>0</blocPub><blocIllustration>0</blocIllustration></page><page><nbMot>4640</nbMot><blocTexte>77</blocTexte><blocTab>1</blocTab><blocPub>6</blocPub><blocIllustration>0</blocIllustration></page><page><nbMot>4116</nbMot><blocTexte>55</blocTexte><blocTab>6</blocTab><blocPub>8</blocPub><blocIllustration>0</blocIllustration></page></contenus></analyseAlto>
