<?xml version="1.0" encoding="UTF-8"?>
<analyseAlto>
<metad><titre>Le Matin</titre><dateEdition>12.12.1884</dateEdition><nbPage>4</nbPage><suppl>FALSE</suppl></metad><contenus><nbArticle>170</nbArticle><largeur>441</largeur><hauteur>597</hauteur><page><nbMot>5448</nbMot><blocTexte>73</blocTexte><blocTab>0</blocTab><blocPub>0</blocPub><blocIllustration>0</blocIllustration></page><page><nbMot>6168</nbMot><blocTexte>126</blocTexte><blocTab>1</blocTab><blocPub>0</blocPub><blocIllustration>0</blocIllustration></page><page><nbMot>6366</nbMot><blocTexte>99</blocTexte><blocTab>7</blocTab><blocPub>3</blocPub><blocIllustration>0</blocIllustration></page><page><nbMot>3485</nbMot><blocTexte>29</blocTexte><blocTab>0</blocTab><blocPub>11</blocPub><blocIllustration>0</blocIllustration></page></contenus></analyseAlto>
