<?xml version="1.0" encoding="UTF-8"?>
<analyseAlto>
<metad><titre>Le Matin</titre><dateEdition>08.12.1884</dateEdition><nbPage>4</nbPage><suppl>FALSE</suppl></metad><contenus><nbArticle>189</nbArticle><largeur>441</largeur><hauteur>598</hauteur><page><nbMot>4993</nbMot><blocTexte>53</blocTexte><blocTab>0</blocTab><blocPub>0</blocPub><blocIllustration>0</blocIllustration></page><page><nbMot>6191</nbMot><blocTexte>64</blocTexte><blocTab>0</blocTab><blocPub>0</blocPub><blocIllustration>0</blocIllustration></page><page><nbMot>6472</nbMot><blocTexte>69</blocTexte><blocTab>2</blocTab><blocPub>5</blocPub><blocIllustration>0</blocIllustration></page><page><nbMot>3860</nbMot><blocTexte>24</blocTexte><blocTab>2</blocTab><blocPub>8</blocPub><blocIllustration>0</blocIllustration></page></contenus></analyseAlto>
