<?xml version="1.0" encoding="UTF-8"?>
<analyseAlto>
<metad><titre>Le Matin</titre><dateEdition>06.07.1884</dateEdition><nbPage>4</nbPage><suppl>FALSE</suppl></metad><contenus><nbArticle>146</nbArticle><largeur>357</largeur><hauteur>493</hauteur><page><nbMot>4318</nbMot><blocTexte>41</blocTexte><blocTab>1</blocTab><blocPub>0</blocPub><blocIllustration>0</blocIllustration></page><page><nbMot>4857</nbMot><blocTexte>76</blocTexte><blocTab>1</blocTab><blocPub>0</blocPub><blocIllustration>0</blocIllustration></page><page><nbMot>5408</nbMot><blocTexte>75</blocTexte><blocTab>6</blocTab><blocPub>4</blocPub><blocIllustration>0</blocIllustration></page><page><nbMot>2614</nbMot><blocTexte>19</blocTexte><blocTab>0</blocTab><blocPub>6</blocPub><blocIllustration>0</blocIllustration></page></contenus></analyseAlto>
