<?xml version="1.0" encoding="UTF-8"?>
<analyseAlto>
<metad><titre>Le Matin</titre><dateEdition>17.08.1884</dateEdition><nbPage>4</nbPage><suppl>FALSE</suppl></metad><contenus><nbArticle>149</nbArticle><largeur>357</largeur><hauteur>491</hauteur><page><nbMot>3025</nbMot><blocTexte>34</blocTexte><blocTab>0</blocTab><blocPub>1</blocPub><blocIllustration>1</blocIllustration></page><page><nbMot>4530</nbMot><blocTexte>85</blocTexte><blocTab>1</blocTab><blocPub>0</blocPub><blocIllustration>0</blocIllustration></page><page><nbMot>4519</nbMot><blocTexte>70</blocTexte><blocTab>2</blocTab><blocPub>1</blocPub><blocIllustration>0</blocIllustration></page><page><nbMot>3717</nbMot><blocTexte>46</blocTexte><blocTab>3</blocTab><blocPub>9</blocPub><blocIllustration>0</blocIllustration></page></contenus></analyseAlto>
