<?xml version="1.0" encoding="UTF-8"?>
<analyseAlto>
<metad><titre>Le Matin</titre><dateEdition>02.03.1884</dateEdition><nbPage>4</nbPage><suppl>FALSE</suppl></metad><contenus><nbArticle>178</nbArticle><largeur>357</largeur><hauteur>491</hauteur><page><nbMot>3438</nbMot><blocTexte>66</blocTexte><blocTab>0</blocTab><blocPub>0</blocPub><blocIllustration>0</blocIllustration></page><page><nbMot>4472</nbMot><blocTexte>85</blocTexte><blocTab>0</blocTab><blocPub>0</blocPub><blocIllustration>0</blocIllustration></page><page><nbMot>4840</nbMot><blocTexte>93</blocTexte><blocTab>4</blocTab><blocPub>1</blocPub><blocIllustration>0</blocIllustration></page><page><nbMot>1656</nbMot><blocTexte>15</blocTexte><blocTab>0</blocTab><blocPub>11</blocPub><blocIllustration>0</blocIllustration></page></contenus></analyseAlto>
