<?xml version="1.0" encoding="UTF-8"?>
<analyseAlto>
<metad><titre>Le Matin</titre><dateEdition>19.03.1884</dateEdition><nbPage>4</nbPage><suppl>FALSE</suppl></metad><contenus><nbArticle>147</nbArticle><largeur>356</largeur><hauteur>493</hauteur><page><nbMot>3181</nbMot><blocTexte>61</blocTexte><blocTab>0</blocTab><blocPub>0</blocPub><blocIllustration>1</blocIllustration></page><page><nbMot>3874</nbMot><blocTexte>63</blocTexte><blocTab>0</blocTab><blocPub>0</blocPub><blocIllustration>0</blocIllustration></page><page><nbMot>5097</nbMot><blocTexte>70</blocTexte><blocTab>3</blocTab><blocPub>1</blocPub><blocIllustration>0</blocIllustration></page><page><nbMot>3017</nbMot><blocTexte>22</blocTexte><blocTab>1</blocTab><blocPub>11</blocPub><blocIllustration>0</blocIllustration></page></contenus></analyseAlto>
