<?xml version="1.0" encoding="UTF-8"?>
<analyseAlto>
<metad><titre>Le Matin</titre><dateEdition>27.11.1884</dateEdition><nbPage>4</nbPage><suppl>FALSE</suppl></metad><contenus><nbArticle>164</nbArticle><largeur>441</largeur><hauteur>597</hauteur><page><nbMot>5106</nbMot><blocTexte>60</blocTexte><blocTab>0</blocTab><blocPub>1</blocPub><blocIllustration>0</blocIllustration></page><page><nbMot>6604</nbMot><blocTexte>98</blocTexte><blocTab>1</blocTab><blocPub>0</blocPub><blocIllustration>0</blocIllustration></page><page><nbMot>6497</nbMot><blocTexte>89</blocTexte><blocTab>5</blocTab><blocPub>4</blocPub><blocIllustration>0</blocIllustration></page><page><nbMot>3540</nbMot><blocTexte>27</blocTexte><blocTab>0</blocTab><blocPub>7</blocPub><blocIllustration>0</blocIllustration></page></contenus></analyseAlto>
