<?xml version="1.0" encoding="UTF-8"?>
<analyseAlto>
<metad><titre>Le Matin</titre><dateEdition>23.11.1884</dateEdition><nbPage>4</nbPage><suppl>FALSE</suppl></metad><contenus><nbArticle>197</nbArticle><largeur>441</largeur><hauteur>596</hauteur><page><nbMot>5279</nbMot><blocTexte>66</blocTexte><blocTab>0</blocTab><blocPub>0</blocPub><blocIllustration>0</blocIllustration></page><page><nbMot>6301</nbMot><blocTexte>103</blocTexte><blocTab>1</blocTab><blocPub>0</blocPub><blocIllustration>0</blocIllustration></page><page><nbMot>5807</nbMot><blocTexte>87</blocTexte><blocTab>5</blocTab><blocPub>3</blocPub><blocIllustration>0</blocIllustration></page><page><nbMot>3264</nbMot><blocTexte>22</blocTexte><blocTab>0</blocTab><blocPub>6</blocPub><blocIllustration>0</blocIllustration></page></contenus></analyseAlto>
