<?xml version="1.0" encoding="UTF-8"?>
<analyseAlto>
<metad><titre>Le Matin</titre><dateEdition>20.06.1884</dateEdition><nbPage>4</nbPage><suppl>FALSE</suppl></metad><contenus><nbArticle>213</nbArticle><largeur>358</largeur><hauteur>494</hauteur><page><nbMot>3638</nbMot><blocTexte>88</blocTexte><blocTab>0</blocTab><blocPub>0</blocPub><blocIllustration>0</blocIllustration></page><page><nbMot>4836</nbMot><blocTexte>86</blocTexte><blocTab>1</blocTab><blocPub>0</blocPub><blocIllustration>0</blocIllustration></page><page><nbMot>4990</nbMot><blocTexte>93</blocTexte><blocTab>5</blocTab><blocPub>2</blocPub><blocIllustration>0</blocIllustration></page><page><nbMot>3481</nbMot><blocTexte>27</blocTexte><blocTab>0</blocTab><blocPub>6</blocPub><blocIllustration>0</blocIllustration></page></contenus></analyseAlto>
