<?xml version="1.0" encoding="UTF-8"?>
<analyseAlto>
<metad><titre>Le Matin</titre><dateEdition>11.12.1884</dateEdition><nbPage>4</nbPage><suppl>FALSE</suppl></metad><contenus><nbArticle>185</nbArticle><largeur>439</largeur><hauteur>596</hauteur><page><nbMot>5152</nbMot><blocTexte>54</blocTexte><blocTab>1</blocTab><blocPub>0</blocPub><blocIllustration>0</blocIllustration></page><page><nbMot>6091</nbMot><blocTexte>71</blocTexte><blocTab>1</blocTab><blocPub>0</blocPub><blocIllustration>0</blocIllustration></page><page><nbMot>6333</nbMot><blocTexte>77</blocTexte><blocTab>5</blocTab><blocPub>5</blocPub><blocIllustration>0</blocIllustration></page><page><nbMot>3422</nbMot><blocTexte>28</blocTexte><blocTab>0</blocTab><blocPub>7</blocPub><blocIllustration>0</blocIllustration></page></contenus></analyseAlto>
