<?xml version="1.0" encoding="UTF-8"?>
<analyseAlto>
<metad><titre>Le Matin</titre><dateEdition>12.05.1884</dateEdition><nbPage>4</nbPage><suppl>FALSE</suppl></metad><contenus><nbArticle>180</nbArticle><largeur>356</largeur><hauteur>491</hauteur><page><nbMot>3936</nbMot><blocTexte>61</blocTexte><blocTab>0</blocTab><blocPub>0</blocPub><blocIllustration>0</blocIllustration></page><page><nbMot>3457</nbMot><blocTexte>80</blocTexte><blocTab>0</blocTab><blocPub>0</blocPub><blocIllustration>0</blocIllustration></page><page><nbMot>4418</nbMot><blocTexte>87</blocTexte><blocTab>1</blocTab><blocPub>3</blocPub><blocIllustration>0</blocIllustration></page><page><nbMot>3001</nbMot><blocTexte>35</blocTexte><blocTab>0</blocTab><blocPub>11</blocPub><blocIllustration>0</blocIllustration></page></contenus></analyseAlto>
