<?xml version="1.0" encoding="UTF-8"?>
<analyseAlto>
<metad><titre>Le Matin</titre><dateEdition>10.09.1884</dateEdition><nbPage>4</nbPage><suppl>FALSE</suppl></metad><contenus><nbArticle>149</nbArticle><largeur>359</largeur><hauteur>491</hauteur><page><nbMot>3595</nbMot><blocTexte>54</blocTexte><blocTab>0</blocTab><blocPub>1</blocPub><blocIllustration>0</blocIllustration></page><page><nbMot>4977</nbMot><blocTexte>95</blocTexte><blocTab>1</blocTab><blocPub>0</blocPub><blocIllustration>0</blocIllustration></page><page><nbMot>4861</nbMot><blocTexte>85</blocTexte><blocTab>4</blocTab><blocPub>3</blocPub><blocIllustration>0</blocIllustration></page><page><nbMot>3563</nbMot><blocTexte>57</blocTexte><blocTab>3</blocTab><blocPub>14</blocPub><blocIllustration>0</blocIllustration></page></contenus></analyseAlto>
