<?xml version="1.0" encoding="UTF-8"?>
<analyseAlto>
<metad><titre>Le Matin</titre><dateEdition>29.12.1884</dateEdition><nbPage>4</nbPage><suppl>FALSE</suppl></metad><contenus><nbArticle>143</nbArticle><largeur>439</largeur><hauteur>595</hauteur><page><nbMot>4924</nbMot><blocTexte>42</blocTexte><blocTab>0</blocTab><blocPub>1</blocPub><blocIllustration>0</blocIllustration></page><page><nbMot>5307</nbMot><blocTexte>85</blocTexte><blocTab>0</blocTab><blocPub>1</blocPub><blocIllustration>0</blocIllustration></page><page><nbMot>6433</nbMot><blocTexte>68</blocTexte><blocTab>1</blocTab><blocPub>3</blocPub><blocIllustration>0</blocIllustration></page><page><nbMot>2855</nbMot><blocTexte>35</blocTexte><blocTab>1</blocTab><blocPub>16</blocPub><blocIllustration>0</blocIllustration></page></contenus></analyseAlto>
