<?xml version="1.0" encoding="UTF-8"?>
<analyseAlto>
<metad><titre>Le Matin</titre><dateEdition>14.11.1884</dateEdition><nbPage>4</nbPage><suppl>FALSE</suppl></metad><contenus><nbArticle>197</nbArticle><largeur>440</largeur><hauteur>596</hauteur><page><nbMot>5333</nbMot><blocTexte>51</blocTexte><blocTab>1</blocTab><blocPub>1</blocPub><blocIllustration>0</blocIllustration></page><page><nbMot>5948</nbMot><blocTexte>97</blocTexte><blocTab>1</blocTab><blocPub>0</blocPub><blocIllustration>0</blocIllustration></page><page><nbMot>6585</nbMot><blocTexte>102</blocTexte><blocTab>6</blocTab><blocPub>3</blocPub><blocIllustration>0</blocIllustration></page><page><nbMot>3184</nbMot><blocTexte>46</blocTexte><blocTab>0</blocTab><blocPub>7</blocPub><blocIllustration>0</blocIllustration></page></contenus></analyseAlto>
