<?xml version="1.0" encoding="UTF-8"?>
<analyseAlto>
<metad><titre>Le Matin</titre><dateEdition>22.06.1884</dateEdition><nbPage>4</nbPage><suppl>FALSE</suppl></metad><contenus><nbArticle>201</nbArticle><largeur>358</largeur><hauteur>494</hauteur><page><nbMot>3677</nbMot><blocTexte>47</blocTexte><blocTab>0</blocTab><blocPub>0</blocPub><blocIllustration>1</blocIllustration></page><page><nbMot>4570</nbMot><blocTexte>85</blocTexte><blocTab>1</blocTab><blocPub>0</blocPub><blocIllustration>0</blocIllustration></page><page><nbMot>5286</nbMot><blocTexte>89</blocTexte><blocTab>5</blocTab><blocPub>3</blocPub><blocIllustration>0</blocIllustration></page><page><nbMot>3602</nbMot><blocTexte>28</blocTexte><blocTab>0</blocTab><blocPub>7</blocPub><blocIllustration>0</blocIllustration></page></contenus></analyseAlto>
