<?xml version="1.0" encoding="UTF-8"?>
<analyseAlto>
<metad><titre>Le Matin</titre><dateEdition>20.05.1884</dateEdition><nbPage>4</nbPage><suppl>FALSE</suppl></metad><contenus><nbArticle>184</nbArticle><largeur>358</largeur><hauteur>491</hauteur><page><nbMot>3211</nbMot><blocTexte>46</blocTexte><blocTab>0</blocTab><blocPub>0</blocPub><blocIllustration>1</blocIllustration></page><page><nbMot>4627</nbMot><blocTexte>62</blocTexte><blocTab>1</blocTab><blocPub>0</blocPub><blocIllustration>0</blocIllustration></page><page><nbMot>5378</nbMot><blocTexte>86</blocTexte><blocTab>2</blocTab><blocPub>2</blocPub><blocIllustration>0</blocIllustration></page><page><nbMot>3034</nbMot><blocTexte>23</blocTexte><blocTab>1</blocTab><blocPub>8</blocPub><blocIllustration>0</blocIllustration></page></contenus></analyseAlto>
