<?xml version="1.0" encoding="UTF-8"?>
<analyseAlto>
<metad><titre>Le Matin</titre><dateEdition>04.12.1884</dateEdition><nbPage>4</nbPage><suppl>FALSE</suppl></metad><contenus><nbArticle>175</nbArticle><largeur>442</largeur><hauteur>596</hauteur><page><nbMot>4693</nbMot><blocTexte>62</blocTexte><blocTab>0</blocTab><blocPub>1</blocPub><blocIllustration>0</blocIllustration></page><page><nbMot>5992</nbMot><blocTexte>80</blocTexte><blocTab>1</blocTab><blocPub>0</blocPub><blocIllustration>0</blocIllustration></page><page><nbMot>6434</nbMot><blocTexte>98</blocTexte><blocTab>5</blocTab><blocPub>2</blocPub><blocIllustration>0</blocIllustration></page><page><nbMot>3090</nbMot><blocTexte>32</blocTexte><blocTab>0</blocTab><blocPub>8</blocPub><blocIllustration>0</blocIllustration></page></contenus></analyseAlto>
