<?xml version="1.0" encoding="UTF-8"?>
<analyseAlto>
<metad><titre>Le Matin</titre><dateEdition>17.12.1884</dateEdition><nbPage>4</nbPage><suppl>FALSE</suppl></metad><contenus><nbArticle>184</nbArticle><largeur>440</largeur><hauteur>591</hauteur><page><nbMot>4726</nbMot><blocTexte>100</blocTexte><blocTab>0</blocTab><blocPub>0</blocPub><blocIllustration>0</blocIllustration></page><page><nbMot>6195</nbMot><blocTexte>101</blocTexte><blocTab>2</blocTab><blocPub>0</blocPub><blocIllustration>0</blocIllustration></page><page><nbMot>6245</nbMot><blocTexte>86</blocTexte><blocTab>4</blocTab><blocPub>5</blocPub><blocIllustration>0</blocIllustration></page><page><nbMot>3391</nbMot><blocTexte>35</blocTexte><blocTab>2</blocTab><blocPub>18</blocPub><blocIllustration>0</blocIllustration></page></contenus></analyseAlto>
