<?xml version="1.0" encoding="UTF-8"?>
<analyseAlto>
<metad><titre>Le Matin</titre><dateEdition>12.08.1884</dateEdition><nbPage>4</nbPage><suppl>FALSE</suppl></metad><contenus><nbArticle>178</nbArticle><largeur>359</largeur><hauteur>492</hauteur><page><nbMot>3980</nbMot><blocTexte>55</blocTexte><blocTab>0</blocTab><blocPub>0</blocPub><blocIllustration>0</blocIllustration></page><page><nbMot>4651</nbMot><blocTexte>100</blocTexte><blocTab>1</blocTab><blocPub>0</blocPub><blocIllustration>0</blocIllustration></page><page><nbMot>5048</nbMot><blocTexte>103</blocTexte><blocTab>2</blocTab><blocPub>1</blocPub><blocIllustration>0</blocIllustration></page><page><nbMot>3800</nbMot><blocTexte>55</blocTexte><blocTab>3</blocTab><blocPub>10</blocPub><blocIllustration>0</blocIllustration></page></contenus></analyseAlto>
