<?xml version="1.0" encoding="UTF-8"?>
<analyseAlto>
<metad><titre>Le Matin</titre><dateEdition>01.07.1884</dateEdition><nbPage>4</nbPage><suppl>FALSE</suppl></metad><contenus><nbArticle>161</nbArticle><largeur>360</largeur><hauteur>497</hauteur><page><nbMot>3553</nbMot><blocTexte>62</blocTexte><blocTab>0</blocTab><blocPub>0</blocPub><blocIllustration>0</blocIllustration></page><page><nbMot>4907</nbMot><blocTexte>40</blocTexte><blocTab>1</blocTab><blocPub>1</blocPub><blocIllustration>0</blocIllustration></page><page><nbMot>5036</nbMot><blocTexte>110</blocTexte><blocTab>5</blocTab><blocPub>3</blocPub><blocIllustration>0</blocIllustration></page><page><nbMot>3014</nbMot><blocTexte>30</blocTexte><blocTab>0</blocTab><blocPub>6</blocPub><blocIllustration>0</blocIllustration></page></contenus></analyseAlto>
