<?xml version="1.0" encoding="UTF-8"?>
<analyseAlto>
<metad><titre>Le Matin</titre><dateEdition>24.10.1884</dateEdition><nbPage>4</nbPage><suppl>FALSE</suppl></metad><contenus><nbArticle>161</nbArticle><largeur>440</largeur><hauteur>595</hauteur><page><nbMot>4977</nbMot><blocTexte>98</blocTexte><blocTab>0</blocTab><blocPub>1</blocPub><blocIllustration>0</blocIllustration></page><page><nbMot>6385</nbMot><blocTexte>109</blocTexte><blocTab>0</blocTab><blocPub>0</blocPub><blocIllustration>0</blocIllustration></page><page><nbMot>5937</nbMot><blocTexte>96</blocTexte><blocTab>5</blocTab><blocPub>3</blocPub><blocIllustration>0</blocIllustration></page><page><nbMot>3818</nbMot><blocTexte>41</blocTexte><blocTab>0</blocTab><blocPub>18</blocPub><blocIllustration>0</blocIllustration></page></contenus></analyseAlto>
