<?xml version="1.0" encoding="UTF-8"?>
<analyseAlto>
<metad><titre>Le Matin</titre><dateEdition>15.06.1884</dateEdition><nbPage>4</nbPage><suppl>FALSE</suppl></metad><contenus><nbArticle>194</nbArticle><largeur>359</largeur><hauteur>495</hauteur><page><nbMot>3598</nbMot><blocTexte>63</blocTexte><blocTab>0</blocTab><blocPub>0</blocPub><blocIllustration>0</blocIllustration></page><page><nbMot>4535</nbMot><blocTexte>69</blocTexte><blocTab>1</blocTab><blocPub>0</blocPub><blocIllustration>0</blocIllustration></page><page><nbMot>4912</nbMot><blocTexte>80</blocTexte><blocTab>5</blocTab><blocPub>3</blocPub><blocIllustration>0</blocIllustration></page><page><nbMot>2765</nbMot><blocTexte>37</blocTexte><blocTab>0</blocTab><blocPub>12</blocPub><blocIllustration>0</blocIllustration></page></contenus></analyseAlto>
