<?xml version="1.0" encoding="UTF-8"?>
<analyseAlto>
<metad><titre>Le Matin</titre><dateEdition>06.09.1884</dateEdition><nbPage>4</nbPage><suppl>FALSE</suppl></metad><contenus><nbArticle>165</nbArticle><largeur>358</largeur><hauteur>491</hauteur><page><nbMot>2685</nbMot><blocTexte>31</blocTexte><blocTab>0</blocTab><blocPub>1</blocPub><blocIllustration>1</blocIllustration></page><page><nbMot>4350</nbMot><blocTexte>82</blocTexte><blocTab>2</blocTab><blocPub>1</blocPub><blocIllustration>0</blocIllustration></page><page><nbMot>4786</nbMot><blocTexte>67</blocTexte><blocTab>3</blocTab><blocPub>3</blocPub><blocIllustration>0</blocIllustration></page><page><nbMot>3814</nbMot><blocTexte>45</blocTexte><blocTab>4</blocTab><blocPub>9</blocPub><blocIllustration>0</blocIllustration></page></contenus></analyseAlto>
