<?xml version="1.0" encoding="UTF-8"?>
<analyseAlto>
<metad><titre>Le Matin</titre><dateEdition>27.12.1884</dateEdition><nbPage>4</nbPage><suppl>FALSE</suppl></metad><contenus><nbArticle>184</nbArticle><largeur>442</largeur><hauteur>600</hauteur><page><nbMot>5265</nbMot><blocTexte>68</blocTexte><blocTab>0</blocTab><blocPub>1</blocPub><blocIllustration>0</blocIllustration></page><page><nbMot>6418</nbMot><blocTexte>87</blocTexte><blocTab>1</blocTab><blocPub>0</blocPub><blocIllustration>0</blocIllustration></page><page><nbMot>5594</nbMot><blocTexte>94</blocTexte><blocTab>4</blocTab><blocPub>4</blocPub><blocIllustration>0</blocIllustration></page><page><nbMot>3070</nbMot><blocTexte>36</blocTexte><blocTab>1</blocTab><blocPub>9</blocPub><blocIllustration>0</blocIllustration></page></contenus></analyseAlto>
