<?xml version="1.0" encoding="UTF-8"?>
<analyseAlto>
<metad><titre>Le Matin</titre><dateEdition>01.03.1884</dateEdition><nbPage>4</nbPage><suppl>FALSE</suppl></metad><contenus><nbArticle>176</nbArticle><largeur>361</largeur><hauteur>492</hauteur><page><nbMot>3234</nbMot><blocTexte>78</blocTexte><blocTab>0</blocTab><blocPub>0</blocPub><blocIllustration>2</blocIllustration></page><page><nbMot>4440</nbMot><blocTexte>113</blocTexte><blocTab>0</blocTab><blocPub>0</blocPub><blocIllustration>0</blocIllustration></page><page><nbMot>4695</nbMot><blocTexte>112</blocTexte><blocTab>4</blocTab><blocPub>2</blocPub><blocIllustration>0</blocIllustration></page><page><nbMot>1616</nbMot><blocTexte>13</blocTexte><blocTab>0</blocTab><blocPub>9</blocPub><blocIllustration>0</blocIllustration></page></contenus></analyseAlto>
