<?xml version="1.0" encoding="UTF-8"?>
<analyseAlto>
<metad><titre>Le Matin</titre><dateEdition>10.12.1884</dateEdition><nbPage>4</nbPage><suppl>FALSE</suppl></metad><contenus><nbArticle>177</nbArticle><largeur>441</largeur><hauteur>595</hauteur><page><nbMot>5479</nbMot><blocTexte>54</blocTexte><blocTab>0</blocTab><blocPub>0</blocPub><blocIllustration>0</blocIllustration></page><page><nbMot>5978</nbMot><blocTexte>94</blocTexte><blocTab>1</blocTab><blocPub>0</blocPub><blocIllustration>0</blocIllustration></page><page><nbMot>6566</nbMot><blocTexte>107</blocTexte><blocTab>5</blocTab><blocPub>4</blocPub><blocIllustration>0</blocIllustration></page><page><nbMot>3428</nbMot><blocTexte>37</blocTexte><blocTab>0</blocTab><blocPub>9</blocPub><blocIllustration>0</blocIllustration></page></contenus></analyseAlto>
