<?xml version="1.0" encoding="UTF-8"?>
<analyseAlto>
<metad><titre>Le Matin</titre><dateEdition>20.10.1884</dateEdition><nbPage>4</nbPage><suppl>FALSE</suppl></metad><contenus><nbArticle>147</nbArticle><largeur>357</largeur><hauteur>491</hauteur><page><nbMot>3722</nbMot><blocTexte>48</blocTexte><blocTab>0</blocTab><blocPub>1</blocPub><blocIllustration>0</blocIllustration></page><page><nbMot>4413</nbMot><blocTexte>59</blocTexte><blocTab>0</blocTab><blocPub>0</blocPub><blocIllustration>0</blocIllustration></page><page><nbMot>4545</nbMot><blocTexte>75</blocTexte><blocTab>3</blocTab><blocPub>1</blocPub><blocIllustration>1</blocIllustration></page><page><nbMot>3587</nbMot><blocTexte>46</blocTexte><blocTab>0</blocTab><blocPub>6</blocPub><blocIllustration>0</blocIllustration></page></contenus></analyseAlto>
