<?xml version="1.0" encoding="UTF-8"?>
<analyseAlto>
<metad><titre>Le Matin</titre><dateEdition>23.08.1884</dateEdition><nbPage>4</nbPage><suppl>FALSE</suppl></metad><contenus><nbArticle>150</nbArticle><largeur>357</largeur><hauteur>491</hauteur><page><nbMot>3553</nbMot><blocTexte>65</blocTexte><blocTab>0</blocTab><blocPub>2</blocPub><blocIllustration>0</blocIllustration></page><page><nbMot>4663</nbMot><blocTexte>122</blocTexte><blocTab>1</blocTab><blocPub>0</blocPub><blocIllustration>0</blocIllustration></page><page><nbMot>4526</nbMot><blocTexte>78</blocTexte><blocTab>1</blocTab><blocPub>2</blocPub><blocIllustration>1</blocIllustration></page><page><nbMot>3731</nbMot><blocTexte>74</blocTexte><blocTab>4</blocTab><blocPub>11</blocPub><blocIllustration>0</blocIllustration></page></contenus></analyseAlto>
