<?xml version="1.0" encoding="UTF-8"?>
<analyseAlto>
<metad><titre>Le Matin</titre><dateEdition>28.09.1884</dateEdition><nbPage>4</nbPage><suppl>FALSE</suppl></metad><contenus><nbArticle>149</nbArticle><largeur>360</largeur><hauteur>494</hauteur><page><nbMot>3758</nbMot><blocTexte>49</blocTexte><blocTab>2</blocTab><blocPub>1</blocPub><blocIllustration>0</blocIllustration></page><page><nbMot>5030</nbMot><blocTexte>67</blocTexte><blocTab>3</blocTab><blocPub>0</blocPub><blocIllustration>0</blocIllustration></page><page><nbMot>4715</nbMot><blocTexte>77</blocTexte><blocTab>4</blocTab><blocPub>3</blocPub><blocIllustration>0</blocIllustration></page><page><nbMot>3334</nbMot><blocTexte>70</blocTexte><blocTab>3</blocTab><blocPub>6</blocPub><blocIllustration>0</blocIllustration></page></contenus></analyseAlto>
