<?xml version="1.0" encoding="UTF-8"?>
<analyseAlto>
<metad><titre>Le Matin</titre><dateEdition>20.12.1884</dateEdition><nbPage>4</nbPage><suppl>FALSE</suppl></metad><contenus><nbArticle>178</nbArticle><largeur>439</largeur><hauteur>598</hauteur><page><nbMot>4924</nbMot><blocTexte>87</blocTexte><blocTab>0</blocTab><blocPub>2</blocPub><blocIllustration>0</blocIllustration></page><page><nbMot>6238</nbMot><blocTexte>130</blocTexte><blocTab>1</blocTab><blocPub>0</blocPub><blocIllustration>0</blocIllustration></page><page><nbMot>6499</nbMot><blocTexte>112</blocTexte><blocTab>5</blocTab><blocPub>7</blocPub><blocIllustration>0</blocIllustration></page><page><nbMot>3706</nbMot><blocTexte>38</blocTexte><blocTab>1</blocTab><blocPub>9</blocPub><blocIllustration>0</blocIllustration></page></contenus></analyseAlto>
