<?xml version="1.0" encoding="UTF-8"?>
<analyseAlto>
<metad><titre>Le Matin</titre><dateEdition>08.11.1884</dateEdition><nbPage>4</nbPage><suppl>FALSE</suppl></metad><contenus><nbArticle>194</nbArticle><largeur>441</largeur><hauteur>598</hauteur><page><nbMot>4877</nbMot><blocTexte>103</blocTexte><blocTab>0</blocTab><blocPub>1</blocPub><blocIllustration>0</blocIllustration></page><page><nbMot>5942</nbMot><blocTexte>122</blocTexte><blocTab>1</blocTab><blocPub>1</blocPub><blocIllustration>0</blocIllustration></page><page><nbMot>6512</nbMot><blocTexte>103</blocTexte><blocTab>5</blocTab><blocPub>4</blocPub><blocIllustration>0</blocIllustration></page><page><nbMot>3282</nbMot><blocTexte>39</blocTexte><blocTab>0</blocTab><blocPub>20</blocPub><blocIllustration>0</blocIllustration></page></contenus></analyseAlto>
