<?xml version="1.0" encoding="UTF-8"?>
<analyseAlto>
<metad><titre>Le Matin</titre><dateEdition>28.11.1884</dateEdition><nbPage>4</nbPage><suppl>FALSE</suppl></metad><contenus><nbArticle>202</nbArticle><largeur>440</largeur><hauteur>597</hauteur><page><nbMot>5217</nbMot><blocTexte>49</blocTexte><blocTab>0</blocTab><blocPub>1</blocPub><blocIllustration>1</blocIllustration></page><page><nbMot>5958</nbMot><blocTexte>97</blocTexte><blocTab>0</blocTab><blocPub>1</blocPub><blocIllustration>0</blocIllustration></page><page><nbMot>6473</nbMot><blocTexte>87</blocTexte><blocTab>6</blocTab><blocPub>2</blocPub><blocIllustration>0</blocIllustration></page><page><nbMot>3437</nbMot><blocTexte>23</blocTexte><blocTab>0</blocTab><blocPub>6</blocPub><blocIllustration>0</blocIllustration></page></contenus></analyseAlto>
