<?xml version="1.0" encoding="UTF-8"?>
<analyseAlto>
<metad><titre>Le Matin</titre><dateEdition>17.07.1884</dateEdition><nbPage>4</nbPage><suppl>FALSE</suppl></metad><contenus><nbArticle>153</nbArticle><largeur>359</largeur><hauteur>491</hauteur><page><nbMot>3819</nbMot><blocTexte>58</blocTexte><blocTab>0</blocTab><blocPub>0</blocPub><blocIllustration>0</blocIllustration></page><page><nbMot>4751</nbMot><blocTexte>74</blocTexte><blocTab>1</blocTab><blocPub>1</blocPub><blocIllustration>0</blocIllustration></page><page><nbMot>4973</nbMot><blocTexte>98</blocTexte><blocTab>5</blocTab><blocPub>1</blocPub><blocIllustration>0</blocIllustration></page><page><nbMot>3420</nbMot><blocTexte>40</blocTexte><blocTab>0</blocTab><blocPub>9</blocPub><blocIllustration>0</blocIllustration></page></contenus></analyseAlto>
