<?xml version="1.0" encoding="UTF-8"?>
<analyseAlto>
<metad><titre>Le Matin</titre><dateEdition>11.09.1884</dateEdition><nbPage>4</nbPage><suppl>FALSE</suppl></metad><contenus><nbArticle>168</nbArticle><largeur>358</largeur><hauteur>491</hauteur><page><nbMot>3516</nbMot><blocTexte>55</blocTexte><blocTab>0</blocTab><blocPub>1</blocPub><blocIllustration>0</blocIllustration></page><page><nbMot>4982</nbMot><blocTexte>70</blocTexte><blocTab>1</blocTab><blocPub>0</blocPub><blocIllustration>0</blocIllustration></page><page><nbMot>4950</nbMot><blocTexte>68</blocTexte><blocTab>3</blocTab><blocPub>3</blocPub><blocIllustration>0</blocIllustration></page><page><nbMot>3770</nbMot><blocTexte>63</blocTexte><blocTab>4</blocTab><blocPub>5</blocPub><blocIllustration>0</blocIllustration></page></contenus></analyseAlto>
