<?xml version="1.0" encoding="UTF-8"?>
<analyseAlto>
<metad><titre>Le Matin</titre><dateEdition>30.08.1884</dateEdition><nbPage>4</nbPage><suppl>FALSE</suppl></metad><contenus><nbArticle>201</nbArticle><largeur>358</largeur><hauteur>491</hauteur><page><nbMot>3059</nbMot><blocTexte>58</blocTexte><blocTab>0</blocTab><blocPub>1</blocPub><blocIllustration>1</blocIllustration></page><page><nbMot>4630</nbMot><blocTexte>77</blocTexte><blocTab>1</blocTab><blocPub>0</blocPub><blocIllustration>0</blocIllustration></page><page><nbMot>4626</nbMot><blocTexte>96</blocTexte><blocTab>1</blocTab><blocPub>3</blocPub><blocIllustration>0</blocIllustration></page><page><nbMot>3823</nbMot><blocTexte>62</blocTexte><blocTab>4</blocTab><blocPub>7</blocPub><blocIllustration>0</blocIllustration></page></contenus></analyseAlto>
