<?xml version="1.0" encoding="UTF-8"?>
<analyseAlto>
<metad><titre>Le Matin</titre><dateEdition>04.06.1884</dateEdition><nbPage>4</nbPage><suppl>FALSE</suppl></metad><contenus><nbArticle>251</nbArticle><largeur>357</largeur><hauteur>493</hauteur><page><nbMot>3757</nbMot><blocTexte>72</blocTexte><blocTab>0</blocTab><blocPub>0</blocPub><blocIllustration>0</blocIllustration></page><page><nbMot>4275</nbMot><blocTexte>85</blocTexte><blocTab>1</blocTab><blocPub>0</blocPub><blocIllustration>0</blocIllustration></page><page><nbMot>4935</nbMot><blocTexte>108</blocTexte><blocTab>1</blocTab><blocPub>2</blocPub><blocIllustration>0</blocIllustration></page><page><nbMot>2980</nbMot><blocTexte>33</blocTexte><blocTab>2</blocTab><blocPub>8</blocPub><blocIllustration>0</blocIllustration></page></contenus></analyseAlto>
