<?xml version="1.0" encoding="UTF-8"?>
<analyseAlto>
<metad><titre>Le Matin</titre><dateEdition>24.06.1884</dateEdition><nbPage>4</nbPage><suppl>FALSE</suppl></metad><contenus><nbArticle>141</nbArticle><largeur>357</largeur><hauteur>494</hauteur><page><nbMot>3404</nbMot><blocTexte>90</blocTexte><blocTab>0</blocTab><blocPub>0</blocPub><blocIllustration>0</blocIllustration></page><page><nbMot>4988</nbMot><blocTexte>84</blocTexte><blocTab>2</blocTab><blocPub>0</blocPub><blocIllustration>0</blocIllustration></page><page><nbMot>5363</nbMot><blocTexte>113</blocTexte><blocTab>5</blocTab><blocPub>2</blocPub><blocIllustration>0</blocIllustration></page><page><nbMot>3469</nbMot><blocTexte>35</blocTexte><blocTab>0</blocTab><blocPub>11</blocPub><blocIllustration>0</blocIllustration></page></contenus></analyseAlto>
