<?xml version="1.0" encoding="UTF-8"?>
<analyseAlto>
<metad><titre>Le Matin</titre><dateEdition>02.12.1884</dateEdition><nbPage>4</nbPage><suppl>FALSE</suppl></metad><contenus><nbArticle>206</nbArticle><largeur>441</largeur><hauteur>597</hauteur><page><nbMot>5081</nbMot><blocTexte>89</blocTexte><blocTab>0</blocTab><blocPub>0</blocPub><blocIllustration>0</blocIllustration></page><page><nbMot>5932</nbMot><blocTexte>144</blocTexte><blocTab>1</blocTab><blocPub>0</blocPub><blocIllustration>0</blocIllustration></page><page><nbMot>6760</nbMot><blocTexte>118</blocTexte><blocTab>6</blocTab><blocPub>6</blocPub><blocIllustration>0</blocIllustration></page><page><nbMot>3516</nbMot><blocTexte>26</blocTexte><blocTab>0</blocTab><blocPub>7</blocPub><blocIllustration>0</blocIllustration></page></contenus></analyseAlto>
