<?xml version="1.0" encoding="UTF-8"?>
<analyseAlto>
<metad><titre>Le Matin</titre><dateEdition>19.10.1884</dateEdition><nbPage>4</nbPage><suppl>FALSE</suppl></metad><contenus><nbArticle>155</nbArticle><largeur>357</largeur><hauteur>490</hauteur><page><nbMot>3501</nbMot><blocTexte>67</blocTexte><blocTab>0</blocTab><blocPub>2</blocPub><blocIllustration>0</blocIllustration></page><page><nbMot>4789</nbMot><blocTexte>87</blocTexte><blocTab>4</blocTab><blocPub>0</blocPub><blocIllustration>0</blocIllustration></page><page><nbMot>4496</nbMot><blocTexte>110</blocTexte><blocTab>7</blocTab><blocPub>7</blocPub><blocIllustration>0</blocIllustration></page><page><nbMot>2915</nbMot><blocTexte>34</blocTexte><blocTab>0</blocTab><blocPub>11</blocPub><blocIllustration>0</blocIllustration></page></contenus></analyseAlto>
