<?xml version="1.0" encoding="UTF-8"?>
<analyseAlto>
<metad><titre>Le Matin</titre><dateEdition>08.04.1884</dateEdition><nbPage>4</nbPage><suppl>FALSE</suppl></metad><contenus><nbArticle>206</nbArticle><largeur>356</largeur><hauteur>494</hauteur><page><nbMot>3661</nbMot><blocTexte>63</blocTexte><blocTab>0</blocTab><blocPub>0</blocPub><blocIllustration>0</blocIllustration></page><page><nbMot>4803</nbMot><blocTexte>84</blocTexte><blocTab>1</blocTab><blocPub>0</blocPub><blocIllustration>0</blocIllustration></page><page><nbMot>5326</nbMot><blocTexte>91</blocTexte><blocTab>2</blocTab><blocPub>2</blocPub><blocIllustration>0</blocIllustration></page><page><nbMot>3201</nbMot><blocTexte>43</blocTexte><blocTab>1</blocTab><blocPub>21</blocPub><blocIllustration>0</blocIllustration></page></contenus></analyseAlto>
