<?xml version="1.0" encoding="UTF-8"?>
<analyseAlto>
<metad><titre>Le Matin</titre><dateEdition>18.09.1884</dateEdition><nbPage>4</nbPage><suppl>FALSE</suppl></metad><contenus><nbArticle>135</nbArticle><largeur>357</largeur><hauteur>491</hauteur><page><nbMot>3684</nbMot><blocTexte>53</blocTexte><blocTab>0</blocTab><blocPub>0</blocPub><blocIllustration>0</blocIllustration></page><page><nbMot>4305</nbMot><blocTexte>59</blocTexte><blocTab>3</blocTab><blocPub>0</blocPub><blocIllustration>0</blocIllustration></page><page><nbMot>4828</nbMot><blocTexte>65</blocTexte><blocTab>3</blocTab><blocPub>2</blocPub><blocIllustration>0</blocIllustration></page><page><nbMot>3738</nbMot><blocTexte>45</blocTexte><blocTab>4</blocTab><blocPub>6</blocPub><blocIllustration>0</blocIllustration></page></contenus></analyseAlto>
