<?xml version="1.0" encoding="UTF-8"?>
<analyseAlto>
<metad><titre>Le Matin</titre><dateEdition>09.12.1884</dateEdition><nbPage>4</nbPage><suppl>FALSE</suppl></metad><contenus><nbArticle>159</nbArticle><largeur>440</largeur><hauteur>596</hauteur><page><nbMot>5074</nbMot><blocTexte>40</blocTexte><blocTab>0</blocTab><blocPub>0</blocPub><blocIllustration>0</blocIllustration></page><page><nbMot>6428</nbMot><blocTexte>60</blocTexte><blocTab>1</blocTab><blocPub>0</blocPub><blocIllustration>0</blocIllustration></page><page><nbMot>6226</nbMot><blocTexte>78</blocTexte><blocTab>5</blocTab><blocPub>4</blocPub><blocIllustration>0</blocIllustration></page><page><nbMot>3761</nbMot><blocTexte>36</blocTexte><blocTab>0</blocTab><blocPub>17</blocPub><blocIllustration>0</blocIllustration></page></contenus></analyseAlto>
