<?xml version="1.0" encoding="UTF-8"?>
<analyseAlto>
<metad><titre>Le Matin</titre><dateEdition>17.05.1884</dateEdition><nbPage>4</nbPage><suppl>FALSE</suppl></metad><contenus><nbArticle>210</nbArticle><largeur>357</largeur><hauteur>493</hauteur><page><nbMot>3955</nbMot><blocTexte>49</blocTexte><blocTab>0</blocTab><blocPub>0</blocPub><blocIllustration>0</blocIllustration></page><page><nbMot>4464</nbMot><blocTexte>82</blocTexte><blocTab>4</blocTab><blocPub>0</blocPub><blocIllustration>0</blocIllustration></page><page><nbMot>5235</nbMot><blocTexte>78</blocTexte><blocTab>2</blocTab><blocPub>2</blocPub><blocIllustration>0</blocIllustration></page><page><nbMot>2775</nbMot><blocTexte>34</blocTexte><blocTab>1</blocTab><blocPub>16</blocPub><blocIllustration>0</blocIllustration></page></contenus></analyseAlto>
