<?xml version="1.0" encoding="UTF-8"?>
<analyseAlto>
<metad><titre>Le Matin</titre><dateEdition>29.11.1884</dateEdition><nbPage>4</nbPage><suppl>FALSE</suppl></metad><contenus><nbArticle>171</nbArticle><largeur>440</largeur><hauteur>590</hauteur><page><nbMot>5687</nbMot><blocTexte>47</blocTexte><blocTab>0</blocTab><blocPub>0</blocPub><blocIllustration>0</blocIllustration></page><page><nbMot>5894</nbMot><blocTexte>104</blocTexte><blocTab>1</blocTab><blocPub>0</blocPub><blocIllustration>0</blocIllustration></page><page><nbMot>6178</nbMot><blocTexte>68</blocTexte><blocTab>5</blocTab><blocPub>4</blocPub><blocIllustration>0</blocIllustration></page><page><nbMot>3418</nbMot><blocTexte>28</blocTexte><blocTab>0</blocTab><blocPub>19</blocPub><blocIllustration>0</blocIllustration></page></contenus></analyseAlto>
