<?xml version="1.0" encoding="UTF-8"?>
<analyseAlto>
<metad><titre>Le Matin</titre><dateEdition>07.03.1884</dateEdition><nbPage>4</nbPage><suppl>FALSE</suppl></metad><contenus><nbArticle>174</nbArticle><largeur>358</largeur><hauteur>495</hauteur><page><nbMot>3457</nbMot><blocTexte>65</blocTexte><blocTab>0</blocTab><blocPub>0</blocPub><blocIllustration>0</blocIllustration></page><page><nbMot>4661</nbMot><blocTexte>99</blocTexte><blocTab>0</blocTab><blocPub>0</blocPub><blocIllustration>0</blocIllustration></page><page><nbMot>5636</nbMot><blocTexte>91</blocTexte><blocTab>5</blocTab><blocPub>1</blocPub><blocIllustration>0</blocIllustration></page><page><nbMot>1875</nbMot><blocTexte>23</blocTexte><blocTab>0</blocTab><blocPub>19</blocPub><blocIllustration>0</blocIllustration></page></contenus></analyseAlto>
