<?xml version="1.0" encoding="UTF-8"?>
<analyseAlto>
<metad><titre>Le Matin</titre><dateEdition>11.11.1884</dateEdition><nbPage>4</nbPage><suppl>FALSE</suppl></metad><contenus><nbArticle>156</nbArticle><largeur>441</largeur><hauteur>596</hauteur><page><nbMot>4793</nbMot><blocTexte>75</blocTexte><blocTab>1</blocTab><blocPub>0</blocPub><blocIllustration>0</blocIllustration></page><page><nbMot>6126</nbMot><blocTexte>71</blocTexte><blocTab>1</blocTab><blocPub>1</blocPub><blocIllustration>0</blocIllustration></page><page><nbMot>6534</nbMot><blocTexte>95</blocTexte><blocTab>6</blocTab><blocPub>3</blocPub><blocIllustration>0</blocIllustration></page><page><nbMot>3365</nbMot><blocTexte>32</blocTexte><blocTab>0</blocTab><blocPub>14</blocPub><blocIllustration>0</blocIllustration></page></contenus></analyseAlto>
