<?xml version="1.0" encoding="UTF-8"?>
<analyseAlto>
<metad><titre>Le Matin</titre><dateEdition>30.11.1884</dateEdition><nbPage>4</nbPage><suppl>FALSE</suppl></metad><contenus><nbArticle>169</nbArticle><largeur>440</largeur><hauteur>597</hauteur><page><nbMot>5188</nbMot><blocTexte>52</blocTexte><blocTab>0</blocTab><blocPub>1</blocPub><blocIllustration>0</blocIllustration></page><page><nbMot>6096</nbMot><blocTexte>85</blocTexte><blocTab>1</blocTab><blocPub>0</blocPub><blocIllustration>0</blocIllustration></page><page><nbMot>5859</nbMot><blocTexte>88</blocTexte><blocTab>5</blocTab><blocPub>5</blocPub><blocIllustration>0</blocIllustration></page><page><nbMot>3604</nbMot><blocTexte>23</blocTexte><blocTab>0</blocTab><blocPub>8</blocPub><blocIllustration>0</blocIllustration></page></contenus></analyseAlto>
