<?xml version="1.0" encoding="UTF-8"?>
<analyseAlto>
<metad><titre>Le Matin</titre><dateEdition>30.05.1884</dateEdition><nbPage>4</nbPage><suppl>FALSE</suppl></metad><contenus><nbArticle>211</nbArticle><largeur>357</largeur><hauteur>493</hauteur><page><nbMot>3695</nbMot><blocTexte>85</blocTexte><blocTab>0</blocTab><blocPub>0</blocPub><blocIllustration>0</blocIllustration></page><page><nbMot>4527</nbMot><blocTexte>98</blocTexte><blocTab>1</blocTab><blocPub>0</blocPub><blocIllustration>0</blocIllustration></page><page><nbMot>5660</nbMot><blocTexte>121</blocTexte><blocTab>1</blocTab><blocPub>2</blocPub><blocIllustration>0</blocIllustration></page><page><nbMot>3122</nbMot><blocTexte>35</blocTexte><blocTab>2</blocTab><blocPub>13</blocPub><blocIllustration>0</blocIllustration></page></contenus></analyseAlto>
