<?xml version="1.0" encoding="UTF-8"?>
<analyseAlto>
<metad><titre>Le Matin</titre><dateEdition>18.11.1884</dateEdition><nbPage>4</nbPage><suppl>FALSE</suppl></metad><contenus><nbArticle>182</nbArticle><largeur>442</largeur><hauteur>599</hauteur><page><nbMot>4981</nbMot><blocTexte>63</blocTexte><blocTab>0</blocTab><blocPub>1</blocPub><blocIllustration>0</blocIllustration></page><page><nbMot>6069</nbMot><blocTexte>76</blocTexte><blocTab>2</blocTab><blocPub>0</blocPub><blocIllustration>0</blocIllustration></page><page><nbMot>6432</nbMot><blocTexte>95</blocTexte><blocTab>6</blocTab><blocPub>5</blocPub><blocIllustration>0</blocIllustration></page><page><nbMot>2998</nbMot><blocTexte>24</blocTexte><blocTab>0</blocTab><blocPub>8</blocPub><blocIllustration>0</blocIllustration></page></contenus></analyseAlto>
