<?xml version="1.0" encoding="UTF-8"?>
<analyseAlto>
<metad><titre>Le Matin</titre><dateEdition>27.07.1884</dateEdition><nbPage>4</nbPage><suppl>FALSE</suppl></metad><contenus><nbArticle>168</nbArticle><largeur>358</largeur><hauteur>494</hauteur><page><nbMot>3952</nbMot><blocTexte>75</blocTexte><blocTab>0</blocTab><blocPub>0</blocPub><blocIllustration>0</blocIllustration></page><page><nbMot>4549</nbMot><blocTexte>70</blocTexte><blocTab>1</blocTab><blocPub>0</blocPub><blocIllustration>0</blocIllustration></page><page><nbMot>4857</nbMot><blocTexte>78</blocTexte><blocTab>2</blocTab><blocPub>1</blocPub><blocIllustration>0</blocIllustration></page><page><nbMot>3389</nbMot><blocTexte>38</blocTexte><blocTab>2</blocTab><blocPub>15</blocPub><blocIllustration>0</blocIllustration></page></contenus></analyseAlto>
