<?xml version="1.0" encoding="UTF-8"?>
<analyseAlto>
<metad><titre>Le Matin</titre><dateEdition>18.05.1885</dateEdition><nbPage>4</nbPage><suppl>FALSE</suppl></metad><contenus><nbArticle>162</nbArticle><largeur>440</largeur><hauteur>594</hauteur><page><nbMot>4817</nbMot><blocTexte>90</blocTexte><blocTab>0</blocTab><blocPub>2</blocPub><blocIllustration>0</blocIllustration></page><page><nbMot>6057</nbMot><blocTexte>104</blocTexte><blocTab>0</blocTab><blocPub>0</blocPub><blocIllustration>0</blocIllustration></page><page><nbMot>5619</nbMot><blocTexte>96</blocTexte><blocTab>1</blocTab><blocPub>4</blocPub><blocIllustration>0</blocIllustration></page><page><nbMot>4302</nbMot><blocTexte>32</blocTexte><blocTab>1</blocTab><blocPub>16</blocPub><blocIllustration>0</blocIllustration></page></contenus></analyseAlto>
