<?xml version="1.0" encoding="UTF-8"?>
<analyseAlto>
<metad><titre>Le Matin</titre><dateEdition>09.01.1885</dateEdition><nbPage>4</nbPage><suppl>FALSE</suppl></metad><contenus><nbArticle>128</nbArticle><largeur>435</largeur><hauteur>594</hauteur><page><nbMot>5790</nbMot><blocTexte>34</blocTexte><blocTab>0</blocTab><blocPub>3</blocPub><blocIllustration>0</blocIllustration></page><page><nbMot>6429</nbMot><blocTexte>70</blocTexte><blocTab>1</blocTab><blocPub>0</blocPub><blocIllustration>0</blocIllustration></page><page><nbMot>6543</nbMot><blocTexte>93</blocTexte><blocTab>6</blocTab><blocPub>1</blocPub><blocIllustration>0</blocIllustration></page><page><nbMot>2788</nbMot><blocTexte>28</blocTexte><blocTab>0</blocTab><blocPub>8</blocPub><blocIllustration>0</blocIllustration></page></contenus></analyseAlto>
