<?xml version="1.0" encoding="UTF-8"?>
<analyseAlto>
<metad><titre>Le Matin</titre><dateEdition>04.02.1885</dateEdition><nbPage>4</nbPage><suppl>FALSE</suppl></metad><contenus><nbArticle>192</nbArticle><largeur>438</largeur><hauteur>595</hauteur><page><nbMot>4709</nbMot><blocTexte>72</blocTexte><blocTab>0</blocTab><blocPub>0</blocPub><blocIllustration>0</blocIllustration></page><page><nbMot>6154</nbMot><blocTexte>80</blocTexte><blocTab>1</blocTab><blocPub>0</blocPub><blocIllustration>0</blocIllustration></page><page><nbMot>5665</nbMot><blocTexte>82</blocTexte><blocTab>3</blocTab><blocPub>2</blocPub><blocIllustration>0</blocIllustration></page><page><nbMot>3155</nbMot><blocTexte>38</blocTexte><blocTab>1</blocTab><blocPub>25</blocPub><blocIllustration>0</blocIllustration></page></contenus></analyseAlto>
