<?xml version="1.0" encoding="UTF-8"?>
<analyseAlto>
<metad><titre>Le Matin</titre><dateEdition>09.07.1885</dateEdition><nbPage>4</nbPage><suppl>FALSE</suppl></metad><contenus><nbArticle>170</nbArticle><largeur>435</largeur><hauteur>591</hauteur><page><nbMot>5609</nbMot><blocTexte>58</blocTexte><blocTab>0</blocTab><blocPub>0</blocPub><blocIllustration>0</blocIllustration></page><page><nbMot>6233</nbMot><blocTexte>95</blocTexte><blocTab>1</blocTab><blocPub>0</blocPub><blocIllustration>0</blocIllustration></page><page><nbMot>6063</nbMot><blocTexte>98</blocTexte><blocTab>4</blocTab><blocPub>1</blocPub><blocIllustration>0</blocIllustration></page><page><nbMot>5265</nbMot><blocTexte>53</blocTexte><blocTab>1</blocTab><blocPub>21</blocPub><blocIllustration>0</blocIllustration></page></contenus></analyseAlto>
