<?xml version="1.0" encoding="UTF-8"?>
<analyseAlto>
<metad><titre>Le Matin</titre><dateEdition>27.03.1885</dateEdition><nbPage>4</nbPage><suppl>FALSE</suppl></metad><contenus><nbArticle>135</nbArticle><largeur>436</largeur><hauteur>594</hauteur><page><nbMot>5572</nbMot><blocTexte>48</blocTexte><blocTab>1</blocTab><blocPub>0</blocPub><blocIllustration>0</blocIllustration></page><page><nbMot>6656</nbMot><blocTexte>65</blocTexte><blocTab>1</blocTab><blocPub>1</blocPub><blocIllustration>0</blocIllustration></page><page><nbMot>6099</nbMot><blocTexte>59</blocTexte><blocTab>3</blocTab><blocPub>4</blocPub><blocIllustration>0</blocIllustration></page><page><nbMot>4615</nbMot><blocTexte>33</blocTexte><blocTab>3</blocTab><blocPub>6</blocPub><blocIllustration>0</blocIllustration></page></contenus></analyseAlto>
