<?xml version="1.0" encoding="UTF-8"?>
<analyseAlto>
<metad><titre>Le Matin</titre><dateEdition>13.02.1885</dateEdition><nbPage>4</nbPage><suppl>FALSE</suppl></metad><contenus><nbArticle>183</nbArticle><largeur>438</largeur><hauteur>593</hauteur><page><nbMot>4948</nbMot><blocTexte>136</blocTexte><blocTab>0</blocTab><blocPub>2</blocPub><blocIllustration>0</blocIllustration></page><page><nbMot>6091</nbMot><blocTexte>147</blocTexte><blocTab>1</blocTab><blocPub>0</blocPub><blocIllustration>0</blocIllustration></page><page><nbMot>5882</nbMot><blocTexte>118</blocTexte><blocTab>4</blocTab><blocPub>3</blocPub><blocIllustration>0</blocIllustration></page><page><nbMot>3232</nbMot><blocTexte>41</blocTexte><blocTab>1</blocTab><blocPub>19</blocPub><blocIllustration>0</blocIllustration></page></contenus></analyseAlto>
