<?xml version="1.0" encoding="UTF-8"?>
<analyseAlto>
<metad><titre>Le Matin</titre><dateEdition>10.08.1885</dateEdition><nbPage>4</nbPage><suppl>FALSE</suppl></metad><contenus><nbArticle>160</nbArticle><largeur>437</largeur><hauteur>590</hauteur><page><nbMot>4644</nbMot><blocTexte>70</blocTexte><blocTab>0</blocTab><blocPub>1</blocPub><blocIllustration>2</blocIllustration></page><page><nbMot>5520</nbMot><blocTexte>107</blocTexte><blocTab>0</blocTab><blocPub>0</blocPub><blocIllustration>0</blocIllustration></page><page><nbMot>5512</nbMot><blocTexte>95</blocTexte><blocTab>1</blocTab><blocPub>2</blocPub><blocIllustration>0</blocIllustration></page><page><nbMot>4689</nbMot><blocTexte>45</blocTexte><blocTab>1</blocTab><blocPub>14</blocPub><blocIllustration>0</blocIllustration></page></contenus></analyseAlto>
