<?xml version="1.0" encoding="UTF-8"?>
<analyseAlto>
<metad><titre>Le Matin</titre><dateEdition>20.01.1885</dateEdition><nbPage>4</nbPage><suppl>FALSE</suppl></metad><contenus><nbArticle>183</nbArticle><largeur>435</largeur><hauteur>594</hauteur><page><nbMot>5040</nbMot><blocTexte>55</blocTexte><blocTab>0</blocTab><blocPub>4</blocPub><blocIllustration>0</blocIllustration></page><page><nbMot>6169</nbMot><blocTexte>122</blocTexte><blocTab>2</blocTab><blocPub>0</blocPub><blocIllustration>0</blocIllustration></page><page><nbMot>6284</nbMot><blocTexte>110</blocTexte><blocTab>6</blocTab><blocPub>2</blocPub><blocIllustration>0</blocIllustration></page><page><nbMot>4008</nbMot><blocTexte>31</blocTexte><blocTab>1</blocTab><blocPub>5</blocPub><blocIllustration>0</blocIllustration></page></contenus></analyseAlto>
