<?xml version="1.0" encoding="UTF-8"?>
<analyseAlto>
<metad><titre>Le Matin</titre><dateEdition>24.02.1885</dateEdition><nbPage>4</nbPage><suppl>FALSE</suppl></metad><contenus><nbArticle>153</nbArticle><largeur>439</largeur><hauteur>594</hauteur><page><nbMot>4806</nbMot><blocTexte>46</blocTexte><blocTab>0</blocTab><blocPub>0</blocPub><blocIllustration>0</blocIllustration></page><page><nbMot>6030</nbMot><blocTexte>82</blocTexte><blocTab>0</blocTab><blocPub>0</blocPub><blocIllustration>0</blocIllustration></page><page><nbMot>5459</nbMot><blocTexte>60</blocTexte><blocTab>2</blocTab><blocPub>2</blocPub><blocIllustration>0</blocIllustration></page><page><nbMot>4261</nbMot><blocTexte>48</blocTexte><blocTab>4</blocTab><blocPub>15</blocPub><blocIllustration>0</blocIllustration></page></contenus></analyseAlto>
