<?xml version="1.0" encoding="UTF-8"?>
<analyseAlto>
<metad><titre>Le Matin</titre><dateEdition>01.06.1885</dateEdition><nbPage>4</nbPage><suppl>FALSE</suppl></metad><contenus><nbArticle>151</nbArticle><largeur>433</largeur><hauteur>594</hauteur><page><nbMot>4751</nbMot><blocTexte>82</blocTexte><blocTab>0</blocTab><blocPub>2</blocPub><blocIllustration>0</blocIllustration></page><page><nbMot>5889</nbMot><blocTexte>110</blocTexte><blocTab>0</blocTab><blocPub>0</blocPub><blocIllustration>0</blocIllustration></page><page><nbMot>5668</nbMot><blocTexte>91</blocTexte><blocTab>1</blocTab><blocPub>2</blocPub><blocIllustration>0</blocIllustration></page><page><nbMot>4150</nbMot><blocTexte>53</blocTexte><blocTab>1</blocTab><blocPub>14</blocPub><blocIllustration>0</blocIllustration></page></contenus></analyseAlto>
