<?xml version="1.0" encoding="UTF-8"?>
<analyseAlto>
<metad><titre>Le Matin</titre><dateEdition>03.08.1885</dateEdition><nbPage>4</nbPage><suppl>FALSE</suppl></metad><contenus><nbArticle>138</nbArticle><largeur>436</largeur><hauteur>590</hauteur><page><nbMot>4734</nbMot><blocTexte>54</blocTexte><blocTab>0</blocTab><blocPub>3</blocPub><blocIllustration>0</blocIllustration></page><page><nbMot>6249</nbMot><blocTexte>53</blocTexte><blocTab>0</blocTab><blocPub>1</blocPub><blocIllustration>0</blocIllustration></page><page><nbMot>5524</nbMot><blocTexte>66</blocTexte><blocTab>1</blocTab><blocPub>2</blocPub><blocIllustration>0</blocIllustration></page><page><nbMot>4290</nbMot><blocTexte>23</blocTexte><blocTab>1</blocTab><blocPub>6</blocPub><blocIllustration>0</blocIllustration></page></contenus></analyseAlto>
