<?xml version="1.0" encoding="UTF-8"?>
<analyseAlto>
<metad><titre>Le Matin</titre><dateEdition>31.05.1885</dateEdition><nbPage>4</nbPage><suppl>FALSE</suppl></metad><contenus><nbArticle>149</nbArticle><largeur>436</largeur><hauteur>598</hauteur><page><nbMot>1764</nbMot><blocTexte>41</blocTexte><blocTab>0</blocTab><blocPub>0</blocPub><blocIllustration>1</blocIllustration></page><page><nbMot>5891</nbMot><blocTexte>82</blocTexte><blocTab>0</blocTab><blocPub>0</blocPub><blocIllustration>0</blocIllustration></page><page><nbMot>6176</nbMot><blocTexte>107</blocTexte><blocTab>4</blocTab><blocPub>2</blocPub><blocIllustration>0</blocIllustration></page><page><nbMot>5093</nbMot><blocTexte>53</blocTexte><blocTab>1</blocTab><blocPub>15</blocPub><blocIllustration>0</blocIllustration></page></contenus></analyseAlto>
