<?xml version="1.0" encoding="UTF-8"?>
<analyseAlto>
<metad><titre>Le Matin</titre><dateEdition>31.01.1885</dateEdition><nbPage>4</nbPage><suppl>FALSE</suppl></metad><contenus><nbArticle>181</nbArticle><largeur>436</largeur><hauteur>595</hauteur><page><nbMot>4441</nbMot><blocTexte>79</blocTexte><blocTab>0</blocTab><blocPub>2</blocPub><blocIllustration>0</blocIllustration></page><page><nbMot>6752</nbMot><blocTexte>70</blocTexte><blocTab>1</blocTab><blocPub>0</blocPub><blocIllustration>0</blocIllustration></page><page><nbMot>5773</nbMot><blocTexte>81</blocTexte><blocTab>4</blocTab><blocPub>5</blocPub><blocIllustration>0</blocIllustration></page><page><nbMot>4726</nbMot><blocTexte>34</blocTexte><blocTab>2</blocTab><blocPub>8</blocPub><blocIllustration>0</blocIllustration></page></contenus></analyseAlto>
