<?xml version="1.0" encoding="UTF-8"?>
<analyseAlto>
<metad><titre>Le Matin</titre><dateEdition>28.03.1885</dateEdition><nbPage>4</nbPage><suppl>FALSE</suppl></metad><contenus><nbArticle>174</nbArticle><largeur>437</largeur><hauteur>595</hauteur><page><nbMot>5239</nbMot><blocTexte>59</blocTexte><blocTab>1</blocTab><blocPub>0</blocPub><blocIllustration>0</blocIllustration></page><page><nbMot>6429</nbMot><blocTexte>72</blocTexte><blocTab>1</blocTab><blocPub>0</blocPub><blocIllustration>0</blocIllustration></page><page><nbMot>5260</nbMot><blocTexte>73</blocTexte><blocTab>4</blocTab><blocPub>8</blocPub><blocIllustration>0</blocIllustration></page><page><nbMot>5382</nbMot><blocTexte>34</blocTexte><blocTab>1</blocTab><blocPub>9</blocPub><blocIllustration>0</blocIllustration></page></contenus></analyseAlto>
