<?xml version="1.0" encoding="UTF-8"?>
<analyseAlto>
<metad><titre>Le Matin</titre><dateEdition>14.01.1885</dateEdition><nbPage>4</nbPage><suppl>FALSE</suppl></metad><contenus><nbArticle>200</nbArticle><largeur>438</largeur><hauteur>593</hauteur><page><nbMot>5084</nbMot><blocTexte>74</blocTexte><blocTab>0</blocTab><blocPub>2</blocPub><blocIllustration>0</blocIllustration></page><page><nbMot>6308</nbMot><blocTexte>140</blocTexte><blocTab>1</blocTab><blocPub>0</blocPub><blocIllustration>0</blocIllustration></page><page><nbMot>6468</nbMot><blocTexte>90</blocTexte><blocTab>5</blocTab><blocPub>2</blocPub><blocIllustration>0</blocIllustration></page><page><nbMot>2799</nbMot><blocTexte>37</blocTexte><blocTab>1</blocTab><blocPub>6</blocPub><blocIllustration>0</blocIllustration></page></contenus></analyseAlto>
