<?xml version="1.0" encoding="UTF-8"?>
<analyseAlto>
<metad><titre>Le Matin</titre><dateEdition>24.05.1885</dateEdition><nbPage>4</nbPage><suppl>FALSE</suppl></metad><contenus><nbArticle>143</nbArticle><largeur>439</largeur><hauteur>593</hauteur><page><nbMot>5425</nbMot><blocTexte>46</blocTexte><blocTab>0</blocTab><blocPub>2</blocPub><blocIllustration>0</blocIllustration></page><page><nbMot>6028</nbMot><blocTexte>48</blocTexte><blocTab>1</blocTab><blocPub>0</blocPub><blocIllustration>0</blocIllustration></page><page><nbMot>5948</nbMot><blocTexte>76</blocTexte><blocTab>4</blocTab><blocPub>2</blocPub><blocIllustration>0</blocIllustration></page><page><nbMot>4962</nbMot><blocTexte>30</blocTexte><blocTab>1</blocTab><blocPub>14</blocPub><blocIllustration>0</blocIllustration></page></contenus></analyseAlto>
