<?xml version="1.0" encoding="UTF-8"?>
<analyseAlto>
<metad><titre>Le Matin</titre><dateEdition>08.08.1885</dateEdition><nbPage>4</nbPage><suppl>FALSE</suppl></metad><contenus><nbArticle>224</nbArticle><largeur>436</largeur><hauteur>591</hauteur><page><nbMot>4680</nbMot><blocTexte>77</blocTexte><blocTab>0</blocTab><blocPub>0</blocPub><blocIllustration>0</blocIllustration></page><page><nbMot>5925</nbMot><blocTexte>90</blocTexte><blocTab>1</blocTab><blocPub>0</blocPub><blocIllustration>0</blocIllustration></page><page><nbMot>5439</nbMot><blocTexte>65</blocTexte><blocTab>4</blocTab><blocPub>4</blocPub><blocIllustration>0</blocIllustration></page><page><nbMot>4937</nbMot><blocTexte>47</blocTexte><blocTab>0</blocTab><blocPub>18</blocPub><blocIllustration>0</blocIllustration></page></contenus></analyseAlto>
