<?xml version="1.0" encoding="UTF-8"?>
<analyseAlto>
<metad><titre>Le Matin</titre><dateEdition>22.08.1885</dateEdition><nbPage>4</nbPage><suppl>FALSE</suppl></metad><contenus><nbArticle>181</nbArticle><largeur>431</largeur><hauteur>591</hauteur><page><nbMot>4780</nbMot><blocTexte>66</blocTexte><blocTab>2</blocTab><blocPub>0</blocPub><blocIllustration>0</blocIllustration></page><page><nbMot>5656</nbMot><blocTexte>85</blocTexte><blocTab>1</blocTab><blocPub>0</blocPub><blocIllustration>0</blocIllustration></page><page><nbMot>5326</nbMot><blocTexte>81</blocTexte><blocTab>4</blocTab><blocPub>5</blocPub><blocIllustration>0</blocIllustration></page><page><nbMot>4292</nbMot><blocTexte>51</blocTexte><blocTab>1</blocTab><blocPub>19</blocPub><blocIllustration>0</blocIllustration></page></contenus></analyseAlto>
