<?xml version="1.0" encoding="UTF-8"?>
<analyseAlto>
<metad><titre>Le Matin</titre><dateEdition>04.08.1885</dateEdition><nbPage>4</nbPage><suppl>FALSE</suppl></metad><contenus><nbArticle>241</nbArticle><largeur>436</largeur><hauteur>591</hauteur><page><nbMot>4773</nbMot><blocTexte>116</blocTexte><blocTab>0</blocTab><blocPub>0</blocPub><blocIllustration>0</blocIllustration></page><page><nbMot>5579</nbMot><blocTexte>154</blocTexte><blocTab>1</blocTab><blocPub>0</blocPub><blocIllustration>0</blocIllustration></page><page><nbMot>5449</nbMot><blocTexte>85</blocTexte><blocTab>1</blocTab><blocPub>3</blocPub><blocIllustration>0</blocIllustration></page><page><nbMot>4851</nbMot><blocTexte>67</blocTexte><blocTab>5</blocTab><blocPub>16</blocPub><blocIllustration>0</blocIllustration></page></contenus></analyseAlto>
