<?xml version="1.0" encoding="UTF-8"?>
<analyseAlto>
<metad><titre>Le Matin</titre><dateEdition>23.01.1885</dateEdition><nbPage>4</nbPage><suppl>FALSE</suppl></metad><contenus><nbArticle>187</nbArticle><largeur>435</largeur><hauteur>594</hauteur><page><nbMot>5511</nbMot><blocTexte>63</blocTexte><blocTab>0</blocTab><blocPub>2</blocPub><blocIllustration>0</blocIllustration></page><page><nbMot>5997</nbMot><blocTexte>97</blocTexte><blocTab>1</blocTab><blocPub>0</blocPub><blocIllustration>0</blocIllustration></page><page><nbMot>4925</nbMot><blocTexte>62</blocTexte><blocTab>1</blocTab><blocPub>3</blocPub><blocIllustration>0</blocIllustration></page><page><nbMot>5590</nbMot><blocTexte>61</blocTexte><blocTab>5</blocTab><blocPub>6</blocPub><blocIllustration>0</blocIllustration></page></contenus></analyseAlto>
