<?xml version="1.0" encoding="UTF-8"?>
<analyseAlto>
<metad><titre>Le Matin</titre><dateEdition>24.01.1885</dateEdition><nbPage>4</nbPage><suppl>FALSE</suppl></metad><contenus><nbArticle>189</nbArticle><largeur>436</largeur><hauteur>592</hauteur><page><nbMot>4882</nbMot><blocTexte>108</blocTexte><blocTab>0</blocTab><blocPub>2</blocPub><blocIllustration>0</blocIllustration></page><page><nbMot>6286</nbMot><blocTexte>139</blocTexte><blocTab>1</blocTab><blocPub>1</blocPub><blocIllustration>0</blocIllustration></page><page><nbMot>5776</nbMot><blocTexte>105</blocTexte><blocTab>5</blocTab><blocPub>8</blocPub><blocIllustration>0</blocIllustration></page><page><nbMot>5059</nbMot><blocTexte>1</blocTexte><blocTab>0</blocTab><blocPub>1</blocPub><blocIllustration>0</blocIllustration></page></contenus></analyseAlto>
