<?xml version="1.0" encoding="UTF-8"?>
<analyseAlto>
<metad><titre>Le Matin</titre><dateEdition>16.01.1885</dateEdition><nbPage>4</nbPage><suppl>FALSE</suppl></metad><contenus><nbArticle>176</nbArticle><largeur>437</largeur><hauteur>594</hauteur><page><nbMot>5051</nbMot><blocTexte>58</blocTexte><blocTab>0</blocTab><blocPub>0</blocPub><blocIllustration>0</blocIllustration></page><page><nbMot>5957</nbMot><blocTexte>89</blocTexte><blocTab>1</blocTab><blocPub>0</blocPub><blocIllustration>0</blocIllustration></page><page><nbMot>6691</nbMot><blocTexte>79</blocTexte><blocTab>6</blocTab><blocPub>3</blocPub><blocIllustration>0</blocIllustration></page><page><nbMot>3136</nbMot><blocTexte>34</blocTexte><blocTab>0</blocTab><blocPub>14</blocPub><blocIllustration>0</blocIllustration></page></contenus></analyseAlto>
