<?xml version="1.0" encoding="UTF-8"?>
<analyseAlto>
<metad><titre>Le Matin</titre><dateEdition>11.07.1885</dateEdition><nbPage>4</nbPage><suppl>FALSE</suppl></metad><contenus><nbArticle>178</nbArticle><largeur>437</largeur><hauteur>594</hauteur><page><nbMot>4970</nbMot><blocTexte>107</blocTexte><blocTab>0</blocTab><blocPub>0</blocPub><blocIllustration>0</blocIllustration></page><page><nbMot>6594</nbMot><blocTexte>88</blocTexte><blocTab>1</blocTab><blocPub>0</blocPub><blocIllustration>0</blocIllustration></page><page><nbMot>6249</nbMot><blocTexte>79</blocTexte><blocTab>4</blocTab><blocPub>4</blocPub><blocIllustration>0</blocIllustration></page><page><nbMot>4488</nbMot><blocTexte>35</blocTexte><blocTab>1</blocTab><blocPub>20</blocPub><blocIllustration>0</blocIllustration></page></contenus></analyseAlto>
