<?xml version="1.0" encoding="UTF-8"?>
<analyseAlto>
<metad><titre>Le Matin</titre><dateEdition>29.08.1885</dateEdition><nbPage>4</nbPage><suppl>FALSE</suppl></metad><contenus><nbArticle>206</nbArticle><largeur>436</largeur><hauteur>591</hauteur><page><nbMot>5151</nbMot><blocTexte>78</blocTexte><blocTab>0</blocTab><blocPub>1</blocPub><blocIllustration>0</blocIllustration></page><page><nbMot>5637</nbMot><blocTexte>125</blocTexte><blocTab>1</blocTab><blocPub>1</blocPub><blocIllustration>0</blocIllustration></page><page><nbMot>5785</nbMot><blocTexte>78</blocTexte><blocTab>2</blocTab><blocPub>5</blocPub><blocIllustration>0</blocIllustration></page><page><nbMot>4798</nbMot><blocTexte>58</blocTexte><blocTab>1</blocTab><blocPub>15</blocPub><blocIllustration>0</blocIllustration></page></contenus></analyseAlto>
