<?xml version="1.0" encoding="UTF-8"?>
<analyseAlto>
<metad><titre>Le Matin</titre><dateEdition>03.07.1885</dateEdition><nbPage>4</nbPage><suppl>FALSE</suppl></metad><contenus><nbArticle>240</nbArticle><largeur>436</largeur><hauteur>591</hauteur><page><nbMot>4741</nbMot><blocTexte>101</blocTexte><blocTab>0</blocTab><blocPub>2</blocPub><blocIllustration>0</blocIllustration></page><page><nbMot>5656</nbMot><blocTexte>131</blocTexte><blocTab>1</blocTab><blocPub>0</blocPub><blocIllustration>0</blocIllustration></page><page><nbMot>5373</nbMot><blocTexte>88</blocTexte><blocTab>4</blocTab><blocPub>3</blocPub><blocIllustration>0</blocIllustration></page><page><nbMot>5557</nbMot><blocTexte>50</blocTexte><blocTab>2</blocTab><blocPub>19</blocPub><blocIllustration>0</blocIllustration></page></contenus></analyseAlto>
