<?xml version="1.0" encoding="UTF-8"?>
<analyseAlto>
<metad><titre>Le Matin</titre><dateEdition>12.06.1885</dateEdition><nbPage>4</nbPage><suppl>FALSE</suppl></metad><contenus><nbArticle>178</nbArticle><largeur>436</largeur><hauteur>593</hauteur><page><nbMot>5262</nbMot><blocTexte>55</blocTexte><blocTab>0</blocTab><blocPub>2</blocPub><blocIllustration>0</blocIllustration></page><page><nbMot>6257</nbMot><blocTexte>66</blocTexte><blocTab>1</blocTab><blocPub>0</blocPub><blocIllustration>0</blocIllustration></page><page><nbMot>5533</nbMot><blocTexte>62</blocTexte><blocTab>4</blocTab><blocPub>2</blocPub><blocIllustration>0</blocIllustration></page><page><nbMot>4905</nbMot><blocTexte>42</blocTexte><blocTab>3</blocTab><blocPub>17</blocPub><blocIllustration>0</blocIllustration></page></contenus></analyseAlto>
