<?xml version="1.0" encoding="UTF-8"?>
<analyseAlto>
<metad><titre>Le Matin</titre><dateEdition>03.01.1885</dateEdition><nbPage>4</nbPage><suppl>FALSE</suppl></metad><contenus><nbArticle>197</nbArticle><largeur>435</largeur><hauteur>592</hauteur><page><nbMot>4403</nbMot><blocTexte>63</blocTexte><blocTab>0</blocTab><blocPub>2</blocPub><blocIllustration>0</blocIllustration></page><page><nbMot>6165</nbMot><blocTexte>77</blocTexte><blocTab>1</blocTab><blocPub>0</blocPub><blocIllustration>0</blocIllustration></page><page><nbMot>6347</nbMot><blocTexte>98</blocTexte><blocTab>5</blocTab><blocPub>1</blocPub><blocIllustration>0</blocIllustration></page><page><nbMot>3317</nbMot><blocTexte>36</blocTexte><blocTab>1</blocTab><blocPub>7</blocPub><blocIllustration>0</blocIllustration></page></contenus></analyseAlto>
