<?xml version="1.0" encoding="UTF-8"?>
<analyseAlto>
<metad><titre>Le Matin</titre><dateEdition>10.01.1885</dateEdition><nbPage>4</nbPage><suppl>FALSE</suppl></metad><contenus><nbArticle>150</nbArticle><largeur>435</largeur><hauteur>593</hauteur><page><nbMot>4942</nbMot><blocTexte>98</blocTexte><blocTab>0</blocTab><blocPub>2</blocPub><blocIllustration>0</blocIllustration></page><page><nbMot>6049</nbMot><blocTexte>125</blocTexte><blocTab>5</blocTab><blocPub>6</blocPub><blocIllustration>0</blocIllustration></page><page><nbMot>6033</nbMot><blocTexte>116</blocTexte><blocTab>5</blocTab><blocPub>2</blocPub><blocIllustration>0</blocIllustration></page><page><nbMot>2661</nbMot><blocTexte>34</blocTexte><blocTab>0</blocTab><blocPub>12</blocPub><blocIllustration>0</blocIllustration></page></contenus></analyseAlto>
