<?xml version="1.0" encoding="UTF-8"?>
<analyseAlto>
<metad><titre>Le Matin</titre><dateEdition>16.04.1885</dateEdition><nbPage>4</nbPage><suppl>FALSE</suppl></metad><contenus><nbArticle>170</nbArticle><largeur>439</largeur><hauteur>597</hauteur><page><nbMot>5137</nbMot><blocTexte>83</blocTexte><blocTab>0</blocTab><blocPub>1</blocPub><blocIllustration>0</blocIllustration></page><page><nbMot>5805</nbMot><blocTexte>106</blocTexte><blocTab>1</blocTab><blocPub>0</blocPub><blocIllustration>0</blocIllustration></page><page><nbMot>5965</nbMot><blocTexte>105</blocTexte><blocTab>3</blocTab><blocPub>4</blocPub><blocIllustration>0</blocIllustration></page><page><nbMot>4187</nbMot><blocTexte>44</blocTexte><blocTab>1</blocTab><blocPub>16</blocPub><blocIllustration>0</blocIllustration></page></contenus></analyseAlto>
