<?xml version="1.0" encoding="UTF-8"?>
<analyseAlto>
<metad><titre>Le Matin</titre><dateEdition>22.01.1885</dateEdition><nbPage>4</nbPage><suppl>FALSE</suppl></metad><contenus><nbArticle>185</nbArticle><largeur>434</largeur><hauteur>592</hauteur><page><nbMot>5083</nbMot><blocTexte>53</blocTexte><blocTab>0</blocTab><blocPub>1</blocPub><blocIllustration>0</blocIllustration></page><page><nbMot>5843</nbMot><blocTexte>96</blocTexte><blocTab>1</blocTab><blocPub>0</blocPub><blocIllustration>0</blocIllustration></page><page><nbMot>6578</nbMot><blocTexte>76</blocTexte><blocTab>5</blocTab><blocPub>5</blocPub><blocIllustration>0</blocIllustration></page><page><nbMot>4580</nbMot><blocTexte>38</blocTexte><blocTab>1</blocTab><blocPub>16</blocPub><blocIllustration>0</blocIllustration></page></contenus></analyseAlto>
