<?xml version="1.0" encoding="UTF-8"?>
<analyseAlto>
<metad><titre>Le Matin</titre><dateEdition>08.03.1885</dateEdition><nbPage>4</nbPage><suppl>FALSE</suppl></metad><contenus><nbArticle>188</nbArticle><largeur>438</largeur><hauteur>593</hauteur><page><nbMot>4880</nbMot><blocTexte>74</blocTexte><blocTab>0</blocTab><blocPub>0</blocPub><blocIllustration>0</blocIllustration></page><page><nbMot>6119</nbMot><blocTexte>88</blocTexte><blocTab>1</blocTab><blocPub>0</blocPub><blocIllustration>0</blocIllustration></page><page><nbMot>5804</nbMot><blocTexte>65</blocTexte><blocTab>4</blocTab><blocPub>1</blocPub><blocIllustration>0</blocIllustration></page><page><nbMot>3298</nbMot><blocTexte>47</blocTexte><blocTab>0</blocTab><blocPub>22</blocPub><blocIllustration>0</blocIllustration></page></contenus></analyseAlto>
