<?xml version="1.0" encoding="UTF-8"?>
<analyseAlto>
<metad><titre>Le Matin</titre><dateEdition>12.05.1885</dateEdition><nbPage>4</nbPage><suppl>FALSE</suppl></metad><contenus><nbArticle>160</nbArticle><largeur>433</largeur><hauteur>593</hauteur><page><nbMot>5180</nbMot><blocTexte>108</blocTexte><blocTab>0</blocTab><blocPub>2</blocPub><blocIllustration>0</blocIllustration></page><page><nbMot>6505</nbMot><blocTexte>125</blocTexte><blocTab>1</blocTab><blocPub>0</blocPub><blocIllustration>0</blocIllustration></page><page><nbMot>5683</nbMot><blocTexte>101</blocTexte><blocTab>4</blocTab><blocPub>3</blocPub><blocIllustration>0</blocIllustration></page><page><nbMot>5248</nbMot><blocTexte>49</blocTexte><blocTab>2</blocTab><blocPub>13</blocPub><blocIllustration>0</blocIllustration></page></contenus></analyseAlto>
