<?xml version="1.0" encoding="UTF-8"?>
<analyseAlto>
<metad><titre>Le Matin</titre><dateEdition>26.02.1885</dateEdition><nbPage>4</nbPage><suppl>FALSE</suppl></metad><contenus><nbArticle>217</nbArticle><largeur>439</largeur><hauteur>596</hauteur><page><nbMot>4869</nbMot><blocTexte>54</blocTexte><blocTab>0</blocTab><blocPub>2</blocPub><blocIllustration>0</blocIllustration></page><page><nbMot>5757</nbMot><blocTexte>78</blocTexte><blocTab>1</blocTab><blocPub>0</blocPub><blocIllustration>0</blocIllustration></page><page><nbMot>5181</nbMot><blocTexte>76</blocTexte><blocTab>2</blocTab><blocPub>9</blocPub><blocIllustration>0</blocIllustration></page><page><nbMot>4437</nbMot><blocTexte>48</blocTexte><blocTab>2</blocTab><blocPub>14</blocPub><blocIllustration>0</blocIllustration></page></contenus></analyseAlto>
