<?xml version="1.0" encoding="UTF-8"?>
<analyseAlto>
<metad><titre>Le Matin</titre><dateEdition>18.03.1885</dateEdition><nbPage>4</nbPage><suppl>FALSE</suppl></metad><contenus><nbArticle>230</nbArticle><largeur>437</largeur><hauteur>593</hauteur><page><nbMot>4638</nbMot><blocTexte>75</blocTexte><blocTab>0</blocTab><blocPub>0</blocPub><blocIllustration>0</blocIllustration></page><page><nbMot>6149</nbMot><blocTexte>95</blocTexte><blocTab>1</blocTab><blocPub>1</blocPub><blocIllustration>0</blocIllustration></page><page><nbMot>6172</nbMot><blocTexte>78</blocTexte><blocTab>4</blocTab><blocPub>3</blocPub><blocIllustration>0</blocIllustration></page><page><nbMot>3903</nbMot><blocTexte>46</blocTexte><blocTab>0</blocTab><blocPub>26</blocPub><blocIllustration>0</blocIllustration></page></contenus></analyseAlto>
