<?xml version="1.0" encoding="UTF-8"?>
<analyseAlto>
<metad><titre>Le Matin</titre><dateEdition>28.01.1885</dateEdition><nbPage>4</nbPage><suppl>FALSE</suppl></metad><contenus><nbArticle>165</nbArticle><largeur>436</largeur><hauteur>595</hauteur><page><nbMot>5264</nbMot><blocTexte>53</blocTexte><blocTab>0</blocTab><blocPub>1</blocPub><blocIllustration>0</blocIllustration></page><page><nbMot>6298</nbMot><blocTexte>72</blocTexte><blocTab>1</blocTab><blocPub>0</blocPub><blocIllustration>0</blocIllustration></page><page><nbMot>5504</nbMot><blocTexte>73</blocTexte><blocTab>4</blocTab><blocPub>1</blocPub><blocIllustration>0</blocIllustration></page><page><nbMot>4497</nbMot><blocTexte>46</blocTexte><blocTab>2</blocTab><blocPub>14</blocPub><blocIllustration>0</blocIllustration></page></contenus></analyseAlto>
