<?xml version="1.0" encoding="UTF-8"?>
<analyseAlto>
<metad><titre>Le Matin</titre><dateEdition>25.02.1885</dateEdition><nbPage>4</nbPage><suppl>FALSE</suppl></metad><contenus><nbArticle>201</nbArticle><largeur>439</largeur><hauteur>594</hauteur><page><nbMot>5189</nbMot><blocTexte>73</blocTexte><blocTab>0</blocTab><blocPub>0</blocPub><blocIllustration>0</blocIllustration></page><page><nbMot>6279</nbMot><blocTexte>109</blocTexte><blocTab>1</blocTab><blocPub>0</blocPub><blocIllustration>0</blocIllustration></page><page><nbMot>6405</nbMot><blocTexte>94</blocTexte><blocTab>4</blocTab><blocPub>4</blocPub><blocIllustration>0</blocIllustration></page><page><nbMot>3382</nbMot><blocTexte>33</blocTexte><blocTab>0</blocTab><blocPub>17</blocPub><blocIllustration>0</blocIllustration></page></contenus></analyseAlto>
