<?xml version="1.0" encoding="UTF-8"?>
<analyseAlto>
<metad><titre>Le Matin</titre><dateEdition>11.08.1885</dateEdition><nbPage>4</nbPage><suppl>FALSE</suppl></metad><contenus><nbArticle>198</nbArticle><largeur>434</largeur><hauteur>592</hauteur><page><nbMot>4748</nbMot><blocTexte>113</blocTexte><blocTab>0</blocTab><blocPub>1</blocPub><blocIllustration>0</blocIllustration></page><page><nbMot>5744</nbMot><blocTexte>89</blocTexte><blocTab>1</blocTab><blocPub>1</blocPub><blocIllustration>0</blocIllustration></page><page><nbMot>5442</nbMot><blocTexte>74</blocTexte><blocTab>1</blocTab><blocPub>1</blocPub><blocIllustration>0</blocIllustration></page><page><nbMot>4998</nbMot><blocTexte>47</blocTexte><blocTab>4</blocTab><blocPub>15</blocPub><blocIllustration>0</blocIllustration></page></contenus></analyseAlto>
