<?xml version="1.0" encoding="UTF-8"?>
<analyseAlto>
<metad><titre>Le Matin</titre><dateEdition>21.08.1885</dateEdition><nbPage>4</nbPage><suppl>FALSE</suppl></metad><contenus><nbArticle>198</nbArticle><largeur>437</largeur><hauteur>592</hauteur><page><nbMot>4751</nbMot><blocTexte>92</blocTexte><blocTab>0</blocTab><blocPub>2</blocPub><blocIllustration>0</blocIllustration></page><page><nbMot>5585</nbMot><blocTexte>112</blocTexte><blocTab>1</blocTab><blocPub>1</blocPub><blocIllustration>0</blocIllustration></page><page><nbMot>5309</nbMot><blocTexte>101</blocTexte><blocTab>4</blocTab><blocPub>1</blocPub><blocIllustration>0</blocIllustration></page><page><nbMot>4941</nbMot><blocTexte>54</blocTexte><blocTab>2</blocTab><blocPub>18</blocPub><blocIllustration>0</blocIllustration></page></contenus></analyseAlto>
