<?xml version="1.0" encoding="UTF-8"?>
<analyseAlto>
<metad><titre>Le Matin</titre><dateEdition>11.05.1885</dateEdition><nbPage>4</nbPage><suppl>FALSE</suppl></metad><contenus><nbArticle>131</nbArticle><largeur>433</largeur><hauteur>596</hauteur><page><nbMot>5284</nbMot><blocTexte>58</blocTexte><blocTab>0</blocTab><blocPub>0</blocPub><blocIllustration>0</blocIllustration></page><page><nbMot>5992</nbMot><blocTexte>62</blocTexte><blocTab>0</blocTab><blocPub>0</blocPub><blocIllustration>0</blocIllustration></page><page><nbMot>6120</nbMot><blocTexte>60</blocTexte><blocTab>1</blocTab><blocPub>2</blocPub><blocIllustration>0</blocIllustration></page><page><nbMot>4602</nbMot><blocTexte>31</blocTexte><blocTab>1</blocTab><blocPub>20</blocPub><blocIllustration>0</blocIllustration></page></contenus></analyseAlto>
