<?xml version="1.0" encoding="UTF-8"?>
<analyseAlto>
<metad><titre>Le Matin</titre><dateEdition>18.08.1885</dateEdition><nbPage>4</nbPage><suppl>FALSE</suppl></metad><contenus><nbArticle>196</nbArticle><largeur>437</largeur><hauteur>591</hauteur><page><nbMot>4899</nbMot><blocTexte>87</blocTexte><blocTab>0</blocTab><blocPub>0</blocPub><blocIllustration>0</blocIllustration></page><page><nbMot>4649</nbMot><blocTexte>171</blocTexte><blocTab>1</blocTab><blocPub>0</blocPub><blocIllustration>0</blocIllustration></page><page><nbMot>6027</nbMot><blocTexte>98</blocTexte><blocTab>4</blocTab><blocPub>2</blocPub><blocIllustration>0</blocIllustration></page><page><nbMot>4671</nbMot><blocTexte>50</blocTexte><blocTab>2</blocTab><blocPub>18</blocPub><blocIllustration>0</blocIllustration></page></contenus></analyseAlto>
