<?xml version="1.0" encoding="UTF-8"?>
<analyseAlto>
<metad><titre>Le Matin</titre><dateEdition>04.03.1885</dateEdition><nbPage>4</nbPage><suppl>FALSE</suppl></metad><contenus><nbArticle>180</nbArticle><largeur>437</largeur><hauteur>594</hauteur><page><nbMot>5163</nbMot><blocTexte>66</blocTexte><blocTab>0</blocTab><blocPub>0</blocPub><blocIllustration>0</blocIllustration></page><page><nbMot>5912</nbMot><blocTexte>125</blocTexte><blocTab>1</blocTab><blocPub>0</blocPub><blocIllustration>0</blocIllustration></page><page><nbMot>6153</nbMot><blocTexte>88</blocTexte><blocTab>4</blocTab><blocPub>3</blocPub><blocIllustration>0</blocIllustration></page><page><nbMot>3383</nbMot><blocTexte>40</blocTexte><blocTab>1</blocTab><blocPub>20</blocPub><blocIllustration>0</blocIllustration></page></contenus></analyseAlto>
