<?xml version="1.0" encoding="UTF-8"?>
<analyseAlto>
<metad><titre>Le Matin</titre><dateEdition>28.02.1885</dateEdition><nbPage>4</nbPage><suppl>FALSE</suppl></metad><contenus><nbArticle>190</nbArticle><largeur>438</largeur><hauteur>594</hauteur><page><nbMot>4756</nbMot><blocTexte>78</blocTexte><blocTab>0</blocTab><blocPub>3</blocPub><blocIllustration>0</blocIllustration></page><page><nbMot>6033</nbMot><blocTexte>94</blocTexte><blocTab>1</blocTab><blocPub>0</blocPub><blocIllustration>0</blocIllustration></page><page><nbMot>5147</nbMot><blocTexte>87</blocTexte><blocTab>4</blocTab><blocPub>7</blocPub><blocIllustration>0</blocIllustration></page><page><nbMot>4534</nbMot><blocTexte>40</blocTexte><blocTab>0</blocTab><blocPub>9</blocPub><blocIllustration>0</blocIllustration></page></contenus></analyseAlto>
