<?xml version="1.0" encoding="UTF-8"?>
<analyseAlto>
<metad><titre>Le Matin</titre><dateEdition>07.05.1885</dateEdition><nbPage>4</nbPage><suppl>FALSE</suppl></metad><contenus><nbArticle>210</nbArticle><largeur>438</largeur><hauteur>595</hauteur><page><nbMot>4684</nbMot><blocTexte>107</blocTexte><blocTab>0</blocTab><blocPub>2</blocPub><blocIllustration>0</blocIllustration></page><page><nbMot>5753</nbMot><blocTexte>110</blocTexte><blocTab>1</blocTab><blocPub>0</blocPub><blocIllustration>0</blocIllustration></page><page><nbMot>5695</nbMot><blocTexte>93</blocTexte><blocTab>4</blocTab><blocPub>4</blocPub><blocIllustration>0</blocIllustration></page><page><nbMot>4978</nbMot><blocTexte>49</blocTexte><blocTab>3</blocTab><blocPub>14</blocPub><blocIllustration>0</blocIllustration></page></contenus></analyseAlto>
