<?xml version="1.0" encoding="UTF-8"?>
<analyseAlto>
<metad><titre>Le Matin</titre><dateEdition>02.06.1885</dateEdition><nbPage>4</nbPage><suppl>FALSE</suppl></metad><contenus><nbArticle>137</nbArticle><largeur>430</largeur><hauteur>593</hauteur><page><nbMot>5438</nbMot><blocTexte>61</blocTexte><blocTab>0</blocTab><blocPub>0</blocPub><blocIllustration>0</blocIllustration></page><page><nbMot>6355</nbMot><blocTexte>78</blocTexte><blocTab>1</blocTab><blocPub>0</blocPub><blocIllustration>0</blocIllustration></page><page><nbMot>5092</nbMot><blocTexte>86</blocTexte><blocTab>2</blocTab><blocPub>5</blocPub><blocIllustration>0</blocIllustration></page><page><nbMot>5342</nbMot><blocTexte>49</blocTexte><blocTab>4</blocTab><blocPub>18</blocPub><blocIllustration>0</blocIllustration></page></contenus></analyseAlto>
