<?xml version="1.0" encoding="UTF-8"?>
<analyseAlto>
<metad><titre>Le Matin</titre><dateEdition>22.02.1885</dateEdition><nbPage>4</nbPage><suppl>FALSE</suppl></metad><contenus><nbArticle>173</nbArticle><largeur>438</largeur><hauteur>594</hauteur><page><nbMot>4516</nbMot><blocTexte>65</blocTexte><blocTab>0</blocTab><blocPub>0</blocPub><blocIllustration>0</blocIllustration></page><page><nbMot>5959</nbMot><blocTexte>112</blocTexte><blocTab>1</blocTab><blocPub>0</blocPub><blocIllustration>0</blocIllustration></page><page><nbMot>6285</nbMot><blocTexte>102</blocTexte><blocTab>4</blocTab><blocPub>8</blocPub><blocIllustration>0</blocIllustration></page><page><nbMot>3679</nbMot><blocTexte>63</blocTexte><blocTab>0</blocTab><blocPub>21</blocPub><blocIllustration>0</blocIllustration></page></contenus></analyseAlto>
