<?xml version="1.0" encoding="UTF-8"?>
<analyseAlto>
<metad><titre>Le Matin</titre><dateEdition>05.07.1885</dateEdition><nbPage>4</nbPage><suppl>FALSE</suppl></metad><contenus><nbArticle>194</nbArticle><largeur>438</largeur><hauteur>593</hauteur><page><nbMot>5244</nbMot><blocTexte>68</blocTexte><blocTab>0</blocTab><blocPub>3</blocPub><blocIllustration>0</blocIllustration></page><page><nbMot>5960</nbMot><blocTexte>64</blocTexte><blocTab>0</blocTab><blocPub>1</blocPub><blocIllustration>0</blocIllustration></page><page><nbMot>5446</nbMot><blocTexte>53</blocTexte><blocTab>3</blocTab><blocPub>2</blocPub><blocIllustration>0</blocIllustration></page><page><nbMot>4952</nbMot><blocTexte>39</blocTexte><blocTab>2</blocTab><blocPub>14</blocPub><blocIllustration>0</blocIllustration></page></contenus></analyseAlto>
