<?xml version="1.0" encoding="UTF-8"?>
<analyseAlto>
<metad><titre>Le Matin</titre><dateEdition>18.04.1885</dateEdition><nbPage>4</nbPage><suppl>FALSE</suppl></metad><contenus><nbArticle>225</nbArticle><largeur>437</largeur><hauteur>597</hauteur><page><nbMot>4415</nbMot><blocTexte>67</blocTexte><blocTab>0</blocTab><blocPub>0</blocPub><blocIllustration>0</blocIllustration></page><page><nbMot>5991</nbMot><blocTexte>84</blocTexte><blocTab>1</blocTab><blocPub>0</blocPub><blocIllustration>0</blocIllustration></page><page><nbMot>5881</nbMot><blocTexte>66</blocTexte><blocTab>4</blocTab><blocPub>3</blocPub><blocIllustration>0</blocIllustration></page><page><nbMot>4738</nbMot><blocTexte>35</blocTexte><blocTab>1</blocTab><blocPub>16</blocPub><blocIllustration>0</blocIllustration></page></contenus></analyseAlto>
