<?xml version="1.0" encoding="UTF-8"?>
<analyseAlto>
<metad><titre>Le Matin</titre><dateEdition>14.07.1885</dateEdition><nbPage>4</nbPage><suppl>FALSE</suppl></metad><contenus><nbArticle>231</nbArticle><largeur>437</largeur><hauteur>590</hauteur><page><nbMot>4286</nbMot><blocTexte>86</blocTexte><blocTab>0</blocTab><blocPub>0</blocPub><blocIllustration>0</blocIllustration></page><page><nbMot>5507</nbMot><blocTexte>112</blocTexte><blocTab>1</blocTab><blocPub>0</blocPub><blocIllustration>0</blocIllustration></page><page><nbMot>5723</nbMot><blocTexte>68</blocTexte><blocTab>2</blocTab><blocPub>4</blocPub><blocIllustration>0</blocIllustration></page><page><nbMot>4772</nbMot><blocTexte>57</blocTexte><blocTab>4</blocTab><blocPub>21</blocPub><blocIllustration>0</blocIllustration></page></contenus></analyseAlto>
