<?xml version="1.0" encoding="UTF-8"?>
<analyseAlto>
<metad><titre>Le Matin</titre><dateEdition>10.04.1885</dateEdition><nbPage>4</nbPage><suppl>FALSE</suppl></metad><contenus><nbArticle>156</nbArticle><largeur>438</largeur><hauteur>594</hauteur><page><nbMot>4080</nbMot><blocTexte>78</blocTexte><blocTab>0</blocTab><blocPub>1</blocPub><blocIllustration>1</blocIllustration></page><page><nbMot>6114</nbMot><blocTexte>68</blocTexte><blocTab>1</blocTab><blocPub>0</blocPub><blocIllustration>0</blocIllustration></page><page><nbMot>5282</nbMot><blocTexte>96</blocTexte><blocTab>4</blocTab><blocPub>5</blocPub><blocIllustration>0</blocIllustration></page><page><nbMot>4338</nbMot><blocTexte>54</blocTexte><blocTab>1</blocTab><blocPub>9</blocPub><blocIllustration>0</blocIllustration></page></contenus></analyseAlto>
