<?xml version="1.0" encoding="UTF-8"?>
<analyseAlto>
<metad><titre>Le Matin</titre><dateEdition>20.04.1885</dateEdition><nbPage>4</nbPage><suppl>FALSE</suppl></metad><contenus><nbArticle>139</nbArticle><largeur>437</largeur><hauteur>596</hauteur><page><nbMot>5121</nbMot><blocTexte>100</blocTexte><blocTab>0</blocTab><blocPub>2</blocPub><blocIllustration>0</blocIllustration></page><page><nbMot>6302</nbMot><blocTexte>105</blocTexte><blocTab>0</blocTab><blocPub>0</blocPub><blocIllustration>0</blocIllustration></page><page><nbMot>6089</nbMot><blocTexte>107</blocTexte><blocTab>1</blocTab><blocPub>2</blocPub><blocIllustration>0</blocIllustration></page><page><nbMot>4391</nbMot><blocTexte>54</blocTexte><blocTab>1</blocTab><blocPub>13</blocPub><blocIllustration>0</blocIllustration></page></contenus></analyseAlto>
