<?xml version="1.0" encoding="UTF-8"?>
<analyseAlto>
<metad><titre>Le Matin</titre><dateEdition>10.02.1885</dateEdition><nbPage>4</nbPage><suppl>FALSE</suppl></metad><contenus><nbArticle>153</nbArticle><largeur>439</largeur><hauteur>596</hauteur><page><nbMot>4919</nbMot><blocTexte>48</blocTexte><blocTab>0</blocTab><blocPub>0</blocPub><blocIllustration>0</blocIllustration></page><page><nbMot>6179</nbMot><blocTexte>87</blocTexte><blocTab>1</blocTab><blocPub>0</blocPub><blocIllustration>0</blocIllustration></page><page><nbMot>5985</nbMot><blocTexte>72</blocTexte><blocTab>4</blocTab><blocPub>4</blocPub><blocIllustration>0</blocIllustration></page><page><nbMot>3558</nbMot><blocTexte>41</blocTexte><blocTab>1</blocTab><blocPub>23</blocPub><blocIllustration>0</blocIllustration></page></contenus></analyseAlto>
