<?xml version="1.0" encoding="UTF-8"?>
<analyseAlto>
<metad><titre>Le Matin</titre><dateEdition>13.04.1885</dateEdition><nbPage>4</nbPage><suppl>FALSE</suppl></metad><contenus><nbArticle>145</nbArticle><largeur>437</largeur><hauteur>595</hauteur><page><nbMot>5440</nbMot><blocTexte>52</blocTexte><blocTab>0</blocTab><blocPub>0</blocPub><blocIllustration>0</blocIllustration></page><page><nbMot>6064</nbMot><blocTexte>90</blocTexte><blocTab>0</blocTab><blocPub>0</blocPub><blocIllustration>0</blocIllustration></page><page><nbMot>5386</nbMot><blocTexte>86</blocTexte><blocTab>1</blocTab><blocPub>5</blocPub><blocIllustration>0</blocIllustration></page><page><nbMot>5099</nbMot><blocTexte>32</blocTexte><blocTab>0</blocTab><blocPub>14</blocPub><blocIllustration>0</blocIllustration></page></contenus></analyseAlto>
