<?xml version="1.0" encoding="UTF-8"?>
<analyseAlto>
<metad><titre>Le Petit Journal illustré Supplément du dimanche</titre><dateEdition>06.12.1885</dateEdition><nbPage>4</nbPage><suppl>FALSE</suppl></metad><contenus><nbArticle>51</nbArticle><largeur>284</largeur><hauteur>434</hauteur><page><nbMot>2540</nbMot><blocTexte>33</blocTexte><blocTab>0</blocTab><blocPub>0</blocPub><blocIllustration>5</blocIllustration></page><page><nbMot>3330</nbMot><blocTexte>18</blocTexte><blocTab>0</blocTab><blocPub>0</blocPub><blocIllustration>0</blocIllustration></page><page><nbMot>3678</nbMot><blocTexte>28</blocTexte><blocTab>0</blocTab><blocPub>0</blocPub><blocIllustration>0</blocIllustration></page><page><nbMot>3242</nbMot><blocTexte>27</blocTexte><blocTab>0</blocTab><blocPub>8</blocPub><blocIllustration>0</blocIllustration></page></contenus></analyseAlto>
