<?xml version="1.0" encoding="UTF-8"?>
<analyseAlto>
<metad><titre>Le Petit Journal illustré Supplément du dimanche</titre><dateEdition>17.10.1886</dateEdition><nbPage>4</nbPage><suppl>FALSE</suppl></metad><contenus><nbArticle>56</nbArticle><largeur>290</largeur><hauteur>434</hauteur><page><nbMot>2455</nbMot><blocTexte>28</blocTexte><blocTab>0</blocTab><blocPub>0</blocPub><blocIllustration>5</blocIllustration></page><page><nbMot>3250</nbMot><blocTexte>14</blocTexte><blocTab>0</blocTab><blocPub>0</blocPub><blocIllustration>0</blocIllustration></page><page><nbMot>3846</nbMot><blocTexte>22</blocTexte><blocTab>0</blocTab><blocPub>0</blocPub><blocIllustration>0</blocIllustration></page><page><nbMot>3696</nbMot><blocTexte>24</blocTexte><blocTab>0</blocTab><blocPub>2</blocPub><blocIllustration>0</blocIllustration></page></contenus></analyseAlto>
