<?xml version="1.0" encoding="UTF-8"?>
<analyseAlto>
<metad><titre>Le Petit Journal illustré Supplément du dimanche</titre><dateEdition>22.08.1886</dateEdition><nbPage>4</nbPage><suppl>FALSE</suppl></metad><contenus><nbArticle>42</nbArticle><largeur>290</largeur><hauteur>434</hauteur><page><nbMot>2465</nbMot><blocTexte>28</blocTexte><blocTab>0</blocTab><blocPub>0</blocPub><blocIllustration>4</blocIllustration></page><page><nbMot>3026</nbMot><blocTexte>12</blocTexte><blocTab>0</blocTab><blocPub>0</blocPub><blocIllustration>0</blocIllustration></page><page><nbMot>3672</nbMot><blocTexte>20</blocTexte><blocTab>0</blocTab><blocPub>0</blocPub><blocIllustration>0</blocIllustration></page><page><nbMot>3578</nbMot><blocTexte>21</blocTexte><blocTab>0</blocTab><blocPub>2</blocPub><blocIllustration>0</blocIllustration></page></contenus></analyseAlto>
