<?xml version="1.0" encoding="UTF-8"?>
<analyseAlto>
<metad><titre>Le Petit Journal illustré Supplément du dimanche</titre><dateEdition>07.03.1886</dateEdition><nbPage>4</nbPage><suppl>FALSE</suppl></metad><contenus><nbArticle>40</nbArticle><largeur>290</largeur><hauteur>433</hauteur><page><nbMot>2405</nbMot><blocTexte>37</blocTexte><blocTab>1</blocTab><blocPub>0</blocPub><blocIllustration>8</blocIllustration></page><page><nbMot>3472</nbMot><blocTexte>14</blocTexte><blocTab>0</blocTab><blocPub>0</blocPub><blocIllustration>0</blocIllustration></page><page><nbMot>3883</nbMot><blocTexte>27</blocTexte><blocTab>0</blocTab><blocPub>0</blocPub><blocIllustration>0</blocIllustration></page><page><nbMot>3650</nbMot><blocTexte>33</blocTexte><blocTab>0</blocTab><blocPub>7</blocPub><blocIllustration>1</blocIllustration></page></contenus></analyseAlto>
