<?xml version="1.0" encoding="UTF-8"?>
<analyseAlto>
<metad><titre>Le Petit Journal illustré Supplément du dimanche</titre><dateEdition>05.12.1886</dateEdition><nbPage>4</nbPage><suppl>FALSE</suppl></metad><contenus><nbArticle>54</nbArticle><largeur>289</largeur><hauteur>434</hauteur><page><nbMot>2309</nbMot><blocTexte>28</blocTexte><blocTab>1</blocTab><blocPub>0</blocPub><blocIllustration>6</blocIllustration></page><page><nbMot>3465</nbMot><blocTexte>16</blocTexte><blocTab>0</blocTab><blocPub>0</blocPub><blocIllustration>0</blocIllustration></page><page><nbMot>3625</nbMot><blocTexte>24</blocTexte><blocTab>1</blocTab><blocPub>0</blocPub><blocIllustration>0</blocIllustration></page><page><nbMot>3847</nbMot><blocTexte>24</blocTexte><blocTab>0</blocTab><blocPub>4</blocPub><blocIllustration>0</blocIllustration></page></contenus></analyseAlto>
