<?xml version="1.0" encoding="UTF-8"?>
<analyseAlto>
<metad><titre>Le Petit Journal illustré Supplément du dimanche</titre><dateEdition>23.05.1886</dateEdition><nbPage>4</nbPage><suppl>FALSE</suppl></metad><contenus><nbArticle>41</nbArticle><largeur>290</largeur><hauteur>434</hauteur><page><nbMot>2678</nbMot><blocTexte>34</blocTexte><blocTab>0</blocTab><blocPub>0</blocPub><blocIllustration>5</blocIllustration></page><page><nbMot>3088</nbMot><blocTexte>20</blocTexte><blocTab>0</blocTab><blocPub>0</blocPub><blocIllustration>0</blocIllustration></page><page><nbMot>3902</nbMot><blocTexte>33</blocTexte><blocTab>0</blocTab><blocPub>0</blocPub><blocIllustration>0</blocIllustration></page><page><nbMot>4046</nbMot><blocTexte>24</blocTexte><blocTab>0</blocTab><blocPub>4</blocPub><blocIllustration>1</blocIllustration></page></contenus></analyseAlto>
