<?xml version="1.0" encoding="UTF-8"?>
<analyseAlto>
<metad><titre>Le Petit Journal illustré Supplément du dimanche</titre><dateEdition>17.04.1887</dateEdition><nbPage>4</nbPage><suppl>FALSE</suppl></metad><contenus><nbArticle>58</nbArticle><largeur>363</largeur><hauteur>494</hauteur><page><nbMot>3155</nbMot><blocTexte>39</blocTexte><blocTab>0</blocTab><blocPub>0</blocPub><blocIllustration>4</blocIllustration></page><page><nbMot>4218</nbMot><blocTexte>20</blocTexte><blocTab>0</blocTab><blocPub>0</blocPub><blocIllustration>0</blocIllustration></page><page><nbMot>5244</nbMot><blocTexte>30</blocTexte><blocTab>0</blocTab><blocPub>0</blocPub><blocIllustration>0</blocIllustration></page><page><nbMot>5476</nbMot><blocTexte>25</blocTexte><blocTab>0</blocTab><blocPub>5</blocPub><blocIllustration>1</blocIllustration></page></contenus></analyseAlto>
