<?xml version="1.0" encoding="UTF-8"?>
<analyseAlto>
<metad><titre>Le Petit Journal illustré Supplément du dimanche</titre><dateEdition>30.09.1887</dateEdition><nbPage>4</nbPage><suppl>FALSE</suppl></metad><contenus><nbArticle>69</nbArticle><largeur>372</largeur><hauteur>499</hauteur><page><nbMot>3187</nbMot><blocTexte>37</blocTexte><blocTab>0</blocTab><blocPub>2</blocPub><blocIllustration>6</blocIllustration></page><page><nbMot>4616</nbMot><blocTexte>19</blocTexte><blocTab>1</blocTab><blocPub>0</blocPub><blocIllustration>0</blocIllustration></page><page><nbMot>5240</nbMot><blocTexte>22</blocTexte><blocTab>0</blocTab><blocPub>0</blocPub><blocIllustration>0</blocIllustration></page><page><nbMot>4794</nbMot><blocTexte>30</blocTexte><blocTab>0</blocTab><blocPub>2</blocPub><blocIllustration>3</blocIllustration></page></contenus></analyseAlto>
