<?xml version="1.0" encoding="UTF-8"?>
<analyseAlto>
<metad><titre>Le Petit Journal illustré Supplément du dimanche</titre><dateEdition>27.03.1887</dateEdition><nbPage>4</nbPage><suppl>FALSE</suppl></metad><contenus><nbArticle>53</nbArticle><largeur>370</largeur><hauteur>499</hauteur><page><nbMot>3122</nbMot><blocTexte>37</blocTexte><blocTab>0</blocTab><blocPub>0</blocPub><blocIllustration>4</blocIllustration></page><page><nbMot>4590</nbMot><blocTexte>24</blocTexte><blocTab>0</blocTab><blocPub>0</blocPub><blocIllustration>0</blocIllustration></page><page><nbMot>5438</nbMot><blocTexte>19</blocTexte><blocTab>0</blocTab><blocPub>0</blocPub><blocIllustration>0</blocIllustration></page><page><nbMot>5290</nbMot><blocTexte>20</blocTexte><blocTab>0</blocTab><blocPub>2</blocPub><blocIllustration>1</blocIllustration></page></contenus></analyseAlto>
