<?xml version="1.0" encoding="UTF-8"?>
<analyseAlto>
<metad><titre>Le Petit Journal illustré Supplément du dimanche</titre><dateEdition>09.09.1887</dateEdition><nbPage>4</nbPage><suppl>FALSE</suppl></metad><contenus><nbArticle>70</nbArticle><largeur>371</largeur><hauteur>498</hauteur><page><nbMot>3122</nbMot><blocTexte>35</blocTexte><blocTab>0</blocTab><blocPub>0</blocPub><blocIllustration>6</blocIllustration></page><page><nbMot>4574</nbMot><blocTexte>25</blocTexte><blocTab>1</blocTab><blocPub>0</blocPub><blocIllustration>0</blocIllustration></page><page><nbMot>5248</nbMot><blocTexte>28</blocTexte><blocTab>0</blocTab><blocPub>0</blocPub><blocIllustration>0</blocIllustration></page><page><nbMot>5098</nbMot><blocTexte>34</blocTexte><blocTab>3</blocTab><blocPub>2</blocPub><blocIllustration>1</blocIllustration></page></contenus></analyseAlto>
