<?xml version="1.0" encoding="UTF-8"?>
<analyseAlto>
<metad><titre>Le Petit Journal illustré Supplément du dimanche</titre><dateEdition>14.12.1888</dateEdition><nbPage>4</nbPage><suppl>FALSE</suppl></metad><contenus><nbArticle>74</nbArticle><largeur>370</largeur><hauteur>498</hauteur><page><nbMot>3092</nbMot><blocTexte>28</blocTexte><blocTab>0</blocTab><blocPub>2</blocPub><blocIllustration>1</blocIllustration></page><page><nbMot>4270</nbMot><blocTexte>21</blocTexte><blocTab>0</blocTab><blocPub>0</blocPub><blocIllustration>0</blocIllustration></page><page><nbMot>4865</nbMot><blocTexte>26</blocTexte><blocTab>0</blocTab><blocPub>0</blocPub><blocIllustration>0</blocIllustration></page><page><nbMot>5264</nbMot><blocTexte>27</blocTexte><blocTab>2</blocTab><blocPub>3</blocPub><blocIllustration>0</blocIllustration></page></contenus></analyseAlto>
