<?xml version="1.0" encoding="UTF-8"?>
<analyseAlto>
<metad><titre>Le Petit Journal illustré Supplément du dimanche</titre><dateEdition>21.09.1888</dateEdition><nbPage>4</nbPage><suppl>FALSE</suppl></metad><contenus><nbArticle>66</nbArticle><largeur>370</largeur><hauteur>498</hauteur><page><nbMot>2725</nbMot><blocTexte>32</blocTexte><blocTab>0</blocTab><blocPub>0</blocPub><blocIllustration>6</blocIllustration></page><page><nbMot>4654</nbMot><blocTexte>19</blocTexte><blocTab>0</blocTab><blocPub>0</blocPub><blocIllustration>0</blocIllustration></page><page><nbMot>5057</nbMot><blocTexte>32</blocTexte><blocTab>0</blocTab><blocPub>0</blocPub><blocIllustration>0</blocIllustration></page><page><nbMot>6064</nbMot><blocTexte>27</blocTexte><blocTab>0</blocTab><blocPub>3</blocPub><blocIllustration>0</blocIllustration></page></contenus></analyseAlto>
