<?xml version="1.0" encoding="UTF-8"?>
<analyseAlto>
<metad><titre>Le Petit Journal illustré Supplément du dimanche</titre><dateEdition>03.08.1888</dateEdition><nbPage>4</nbPage><suppl>FALSE</suppl></metad><contenus><nbArticle>72</nbArticle><largeur>370</largeur><hauteur>498</hauteur><page><nbMot>2905</nbMot><blocTexte>31</blocTexte><blocTab>0</blocTab><blocPub>0</blocPub><blocIllustration>5</blocIllustration></page><page><nbMot>4438</nbMot><blocTexte>23</blocTexte><blocTab>0</blocTab><blocPub>0</blocPub><blocIllustration>0</blocIllustration></page><page><nbMot>5149</nbMot><blocTexte>31</blocTexte><blocTab>0</blocTab><blocPub>0</blocPub><blocIllustration>0</blocIllustration></page><page><nbMot>6140</nbMot><blocTexte>33</blocTexte><blocTab>0</blocTab><blocPub>2</blocPub><blocIllustration>1</blocIllustration></page></contenus></analyseAlto>
