<?xml version="1.0" encoding="UTF-8"?>
<analyseAlto>
<metad><titre>Le Petit Journal illustré Supplément du dimanche</titre><dateEdition>19.10.1888</dateEdition><nbPage>4</nbPage><suppl>FALSE</suppl></metad><contenus><nbArticle>69</nbArticle><largeur>370</largeur><hauteur>498</hauteur><page><nbMot>2723</nbMot><blocTexte>30</blocTexte><blocTab>0</blocTab><blocPub>0</blocPub><blocIllustration>4</blocIllustration></page><page><nbMot>4669</nbMot><blocTexte>19</blocTexte><blocTab>0</blocTab><blocPub>0</blocPub><blocIllustration>0</blocIllustration></page><page><nbMot>4788</nbMot><blocTexte>23</blocTexte><blocTab>1</blocTab><blocPub>0</blocPub><blocIllustration>0</blocIllustration></page><page><nbMot>5706</nbMot><blocTexte>38</blocTexte><blocTab>2</blocTab><blocPub>3</blocPub><blocIllustration>0</blocIllustration></page></contenus></analyseAlto>
