<?xml version="1.0" encoding="UTF-8"?>
<analyseAlto>
<metad><titre>Le Petit Journal illustré Supplément du dimanche</titre><dateEdition>23.11.1888</dateEdition><nbPage>4</nbPage><suppl>FALSE</suppl></metad><contenus><nbArticle>62</nbArticle><largeur>371</largeur><hauteur>498</hauteur><page><nbMot>4447</nbMot><blocTexte>16</blocTexte><blocTab>0</blocTab><blocPub>0</blocPub><blocIllustration>0</blocIllustration></page><page><nbMot>3120</nbMot><blocTexte>33</blocTexte><blocTab>0</blocTab><blocPub>0</blocPub><blocIllustration>4</blocIllustration></page><page><nbMot>5100</nbMot><blocTexte>27</blocTexte><blocTab>1</blocTab><blocPub>0</blocPub><blocIllustration>0</blocIllustration></page><page><nbMot>4441</nbMot><blocTexte>25</blocTexte><blocTab>1</blocTab><blocPub>7</blocPub><blocIllustration>1</blocIllustration></page></contenus></analyseAlto>
