<?xml version="1.0" encoding="UTF-8"?>
<analyseAlto>
<metad><titre>Le Petit Journal illustré Supplément du dimanche</titre><dateEdition>10.05.1889</dateEdition><nbPage>4</nbPage><suppl>FALSE</suppl></metad><contenus><nbArticle>64</nbArticle><largeur>368</largeur><hauteur>498</hauteur><page><nbMot>3173</nbMot><blocTexte>25</blocTexte><blocTab>0</blocTab><blocPub>0</blocPub><blocIllustration>3</blocIllustration></page><page><nbMot>4525</nbMot><blocTexte>21</blocTexte><blocTab>0</blocTab><blocPub>0</blocPub><blocIllustration>0</blocIllustration></page><page><nbMot>5222</nbMot><blocTexte>19</blocTexte><blocTab>0</blocTab><blocPub>0</blocPub><blocIllustration>0</blocIllustration></page><page><nbMot>5120</nbMot><blocTexte>31</blocTexte><blocTab>2</blocTab><blocPub>4</blocPub><blocIllustration>0</blocIllustration></page></contenus></analyseAlto>
