<?xml version="1.0" encoding="UTF-8"?>
<analyseAlto>
<metad><titre>Le Petit Journal illustré Supplément du dimanche</titre><dateEdition>26.04.1889</dateEdition><nbPage>4</nbPage><suppl>FALSE</suppl></metad><contenus><nbArticle>59</nbArticle><largeur>368</largeur><hauteur>498</hauteur><page><nbMot>2908</nbMot><blocTexte>26</blocTexte><blocTab>0</blocTab><blocPub>0</blocPub><blocIllustration>5</blocIllustration></page><page><nbMot>4334</nbMot><blocTexte>21</blocTexte><blocTab>1</blocTab><blocPub>0</blocPub><blocIllustration>0</blocIllustration></page><page><nbMot>5129</nbMot><blocTexte>16</blocTexte><blocTab>0</blocTab><blocPub>0</blocPub><blocIllustration>0</blocIllustration></page><page><nbMot>5310</nbMot><blocTexte>28</blocTexte><blocTab>1</blocTab><blocPub>1</blocPub><blocIllustration>0</blocIllustration></page></contenus></analyseAlto>
