<?xml version="1.0" encoding="UTF-8"?>
<analyseAlto>
<metad><titre>Le Petit Journal illustré Supplément du dimanche</titre><dateEdition>06.09.1889</dateEdition><nbPage>4</nbPage><suppl>FALSE</suppl></metad><contenus><nbArticle>61</nbArticle><largeur>369</largeur><hauteur>497</hauteur><page><nbMot>2807</nbMot><blocTexte>29</blocTexte><blocTab>0</blocTab><blocPub>2</blocPub><blocIllustration>6</blocIllustration></page><page><nbMot>4274</nbMot><blocTexte>22</blocTexte><blocTab>1</blocTab><blocPub>0</blocPub><blocIllustration>0</blocIllustration></page><page><nbMot>5327</nbMot><blocTexte>36</blocTexte><blocTab>0</blocTab><blocPub>0</blocPub><blocIllustration>0</blocIllustration></page><page><nbMot>5614</nbMot><blocTexte>32</blocTexte><blocTab>0</blocTab><blocPub>2</blocPub><blocIllustration>1</blocIllustration></page></contenus></analyseAlto>
