<?xml version="1.0" encoding="UTF-8"?>
<analyseAlto>
<metad><titre>Le Petit Journal illustré Supplément du dimanche</titre><dateEdition>28.06.1889</dateEdition><nbPage>4</nbPage><suppl>FALSE</suppl></metad><contenus><nbArticle>62</nbArticle><largeur>369</largeur><hauteur>498</hauteur><page><nbMot>3109</nbMot><blocTexte>34</blocTexte><blocTab>0</blocTab><blocPub>2</blocPub><blocIllustration>4</blocIllustration></page><page><nbMot>4441</nbMot><blocTexte>19</blocTexte><blocTab>0</blocTab><blocPub>0</blocPub><blocIllustration>0</blocIllustration></page><page><nbMot>4734</nbMot><blocTexte>21</blocTexte><blocTab>0</blocTab><blocPub>1</blocPub><blocIllustration>0</blocIllustration></page><page><nbMot>5522</nbMot><blocTexte>35</blocTexte><blocTab>0</blocTab><blocPub>3</blocPub><blocIllustration>1</blocIllustration></page></contenus></analyseAlto>
