<?xml version="1.0" encoding="UTF-8"?>
<analyseAlto>
<metad><titre>Le Petit Journal illustré Supplément du dimanche</titre><dateEdition>08.11.1889</dateEdition><nbPage>4</nbPage><suppl>FALSE</suppl></metad><contenus><nbArticle>61</nbArticle><largeur>368</largeur><hauteur>498</hauteur><page><nbMot>3325</nbMot><blocTexte>34</blocTexte><blocTab>0</blocTab><blocPub>2</blocPub><blocIllustration>4</blocIllustration></page><page><nbMot>4861</nbMot><blocTexte>27</blocTexte><blocTab>0</blocTab><blocPub>0</blocPub><blocIllustration>0</blocIllustration></page><page><nbMot>5230</nbMot><blocTexte>43</blocTexte><blocTab>0</blocTab><blocPub>0</blocPub><blocIllustration>0</blocIllustration></page><page><nbMot>5982</nbMot><blocTexte>37</blocTexte><blocTab>0</blocTab><blocPub>1</blocPub><blocIllustration>1</blocIllustration></page></contenus></analyseAlto>
