<?xml version="1.0" encoding="UTF-8"?>
<analyseAlto>
<metad><titre>Le Petit Journal illustré Supplément du dimanche</titre><dateEdition>08.02.1889</dateEdition><nbPage>4</nbPage><suppl>FALSE</suppl></metad><contenus><nbArticle>69</nbArticle><largeur>365</largeur><hauteur>495</hauteur><page><nbMot>3056</nbMot><blocTexte>30</blocTexte><blocTab>0</blocTab><blocPub>0</blocPub><blocIllustration>5</blocIllustration></page><page><nbMot>4634</nbMot><blocTexte>19</blocTexte><blocTab>0</blocTab><blocPub>0</blocPub><blocIllustration>0</blocIllustration></page><page><nbMot>5260</nbMot><blocTexte>30</blocTexte><blocTab>0</blocTab><blocPub>0</blocPub><blocIllustration>0</blocIllustration></page><page><nbMot>5901</nbMot><blocTexte>30</blocTexte><blocTab>0</blocTab><blocPub>2</blocPub><blocIllustration>0</blocIllustration></page></contenus></analyseAlto>
