<?xml version="1.0" encoding="UTF-8"?>
<analyseAlto>
<metad><titre>Le Petit Journal illustré Supplément du dimanche</titre><dateEdition>09.08.1889</dateEdition><nbPage>4</nbPage><suppl>FALSE</suppl></metad><contenus><nbArticle>55</nbArticle><largeur>369</largeur><hauteur>497</hauteur><page><nbMot>2972</nbMot><blocTexte>32</blocTexte><blocTab>0</blocTab><blocPub>2</blocPub><blocIllustration>5</blocIllustration></page><page><nbMot>4524</nbMot><blocTexte>22</blocTexte><blocTab>0</blocTab><blocPub>0</blocPub><blocIllustration>0</blocIllustration></page><page><nbMot>5233</nbMot><blocTexte>23</blocTexte><blocTab>0</blocTab><blocPub>0</blocPub><blocIllustration>0</blocIllustration></page><page><nbMot>5727</nbMot><blocTexte>33</blocTexte><blocTab>0</blocTab><blocPub>3</blocPub><blocIllustration>1</blocIllustration></page></contenus></analyseAlto>
