<?xml version="1.0" encoding="UTF-8"?>
<analyseAlto>
<metad><titre>Le Petit Journal illustré Supplément du dimanche</titre><dateEdition>15.08.1890</dateEdition><nbPage>4</nbPage><suppl>FALSE</suppl></metad><contenus><nbArticle>89</nbArticle><largeur>358</largeur><hauteur>496</hauteur><page><nbMot>3246</nbMot><blocTexte>33</blocTexte><blocTab>0</blocTab><blocPub>0</blocPub><blocIllustration>3</blocIllustration></page><page><nbMot>4669</nbMot><blocTexte>24</blocTexte><blocTab>0</blocTab><blocPub>0</blocPub><blocIllustration>0</blocIllustration></page><page><nbMot>5730</nbMot><blocTexte>30</blocTexte><blocTab>1</blocTab><blocPub>0</blocPub><blocIllustration>1</blocIllustration></page><page><nbMot>5860</nbMot><blocTexte>41</blocTexte><blocTab>4</blocTab><blocPub>1</blocPub><blocIllustration>0</blocIllustration></page></contenus></analyseAlto>
