<?xml version="1.0" encoding="UTF-8"?>
<analyseAlto>
<metad><titre>Le Petit Journal illustré Supplément du dimanche</titre><dateEdition>12.09.1890</dateEdition><nbPage>4</nbPage><suppl>FALSE</suppl></metad><contenus><nbArticle>87</nbArticle><largeur>359</largeur><hauteur>500</hauteur><page><nbMot>3289</nbMot><blocTexte>33</blocTexte><blocTab>0</blocTab><blocPub>0</blocPub><blocIllustration>4</blocIllustration></page><page><nbMot>4346</nbMot><blocTexte>25</blocTexte><blocTab>0</blocTab><blocPub>0</blocPub><blocIllustration>0</blocIllustration></page><page><nbMot>5950</nbMot><blocTexte>35</blocTexte><blocTab>1</blocTab><blocPub>0</blocPub><blocIllustration>1</blocIllustration></page><page><nbMot>5748</nbMot><blocTexte>52</blocTexte><blocTab>7</blocTab><blocPub>1</blocPub><blocIllustration>0</blocIllustration></page></contenus></analyseAlto>
