<?xml version="1.0" encoding="UTF-8"?>
<analyseAlto>
<metad><titre>Le Petit Journal illustré Supplément du dimanche</titre><dateEdition>09.05.1890</dateEdition><nbPage>4</nbPage><suppl>FALSE</suppl></metad><contenus><nbArticle>78</nbArticle><largeur>368</largeur><hauteur>500</hauteur><page><nbMot>3165</nbMot><blocTexte>29</blocTexte><blocTab>0</blocTab><blocPub>2</blocPub><blocIllustration>3</blocIllustration></page><page><nbMot>4471</nbMot><blocTexte>21</blocTexte><blocTab>0</blocTab><blocPub>0</blocPub><blocIllustration>0</blocIllustration></page><page><nbMot>5335</nbMot><blocTexte>29</blocTexte><blocTab>0</blocTab><blocPub>0</blocPub><blocIllustration>0</blocIllustration></page><page><nbMot>5403</nbMot><blocTexte>32</blocTexte><blocTab>6</blocTab><blocPub>3</blocPub><blocIllustration>0</blocIllustration></page></contenus></analyseAlto>
