<?xml version="1.0" encoding="UTF-8"?>
<analyseAlto>
<metad><titre>Le Petit Journal illustré Supplément du dimanche</titre><dateEdition>31.01.1890</dateEdition><nbPage>4</nbPage><suppl>FALSE</suppl></metad><contenus><nbArticle>68</nbArticle><largeur>368</largeur><hauteur>498</hauteur><page><nbMot>2917</nbMot><blocTexte>28</blocTexte><blocTab>0</blocTab><blocPub>0</blocPub><blocIllustration>2</blocIllustration></page><page><nbMot>4648</nbMot><blocTexte>18</blocTexte><blocTab>0</blocTab><blocPub>0</blocPub><blocIllustration>0</blocIllustration></page><page><nbMot>5524</nbMot><blocTexte>17</blocTexte><blocTab>1</blocTab><blocPub>0</blocPub><blocIllustration>0</blocIllustration></page><page><nbMot>6281</nbMot><blocTexte>30</blocTexte><blocTab>1</blocTab><blocPub>1</blocPub><blocIllustration>1</blocIllustration></page></contenus></analyseAlto>
