<?xml version="1.0" encoding="UTF-8"?>
<analyseAlto>
<metad><titre>Le Petit Journal illustré Supplément du dimanche</titre><dateEdition>10.10.1890</dateEdition><nbPage>4</nbPage><suppl>FALSE</suppl></metad><contenus><nbArticle>97</nbArticle><largeur>368</largeur><hauteur>502</hauteur><page><nbMot>3377</nbMot><blocTexte>29</blocTexte><blocTab>0</blocTab><blocPub>2</blocPub><blocIllustration>2</blocIllustration></page><page><nbMot>4708</nbMot><blocTexte>23</blocTexte><blocTab>1</blocTab><blocPub>0</blocPub><blocIllustration>0</blocIllustration></page><page><nbMot>6398</nbMot><blocTexte>42</blocTexte><blocTab>7</blocTab><blocPub>1</blocPub><blocIllustration>0</blocIllustration></page><page><nbMot>5418</nbMot><blocTexte>24</blocTexte><blocTab>1</blocTab><blocPub>0</blocPub><blocIllustration>0</blocIllustration></page></contenus></analyseAlto>
