<?xml version="1.0" encoding="UTF-8"?>
<analyseAlto>
<metad><titre>Le Petit Journal illustré Supplément du dimanche</titre><dateEdition>05.09.1890</dateEdition><nbPage>4</nbPage><suppl>FALSE</suppl></metad><contenus><nbArticle>82</nbArticle><largeur>360</largeur><hauteur>498</hauteur><page><nbMot>3435</nbMot><blocTexte>30</blocTexte><blocTab>0</blocTab><blocPub>0</blocPub><blocIllustration>2</blocIllustration></page><page><nbMot>4468</nbMot><blocTexte>21</blocTexte><blocTab>0</blocTab><blocPub>0</blocPub><blocIllustration>0</blocIllustration></page><page><nbMot>5553</nbMot><blocTexte>34</blocTexte><blocTab>1</blocTab><blocPub>0</blocPub><blocIllustration>1</blocIllustration></page><page><nbMot>5807</nbMot><blocTexte>41</blocTexte><blocTab>6</blocTab><blocPub>1</blocPub><blocIllustration>0</blocIllustration></page></contenus></analyseAlto>
