<?xml version="1.0" encoding="UTF-8"?>
<analyseAlto>
<metad><titre>Le Petit Journal illustré Supplément du dimanche</titre><dateEdition>15.10.1892</dateEdition><nbPage>8</nbPage><suppl>FALSE</suppl></metad><contenus><nbArticle>52</nbArticle><largeur>291</largeur><hauteur>422</hauteur><page><nbMot>45</nbMot><blocTexte>9</blocTexte><blocTab>0</blocTab><blocPub>0</blocPub><blocIllustration>1</blocIllustration></page><page><nbMot>3522</nbMot><blocTexte>11</blocTexte><blocTab>0</blocTab><blocPub>0</blocPub><blocIllustration>0</blocIllustration></page><page><nbMot>3531</nbMot><blocTexte>17</blocTexte><blocTab>0</blocTab><blocPub>0</blocPub><blocIllustration>0</blocIllustration></page><page><nbMot>3349</nbMot><blocTexte>16</blocTexte><blocTab>0</blocTab><blocPub>0</blocPub><blocIllustration>0</blocIllustration></page><page><nbMot>2623</nbMot><blocTexte>16</blocTexte><blocTab>0</blocTab><blocPub>0</blocPub><blocIllustration>2</blocIllustration></page><page><nbMot>3711</nbMot><blocTexte>17</blocTexte><blocTab>0</blocTab><blocPub>2</blocPub><blocIllustration>0</blocIllustration></page><page><nbMot>3585</nbMot><blocTexte>20</blocTexte><blocTab>0</blocTab><blocPub>0</blocPub><blocIllustration>0</blocIllustration></page><page><nbMot>25</nbMot><blocTexte>4</blocTexte><blocTab>0</blocTab><blocPub>0</blocPub><blocIllustration>1</blocIllustration></page></contenus></analyseAlto>
