<?xml version="1.0" encoding="UTF-8"?>
<analyseAlto>
<metad><titre>Le Petit Journal illustré Supplément du dimanche</titre><dateEdition>06.05.1893</dateEdition><nbPage>8</nbPage><suppl>FALSE</suppl></metad><contenus><nbArticle>69</nbArticle><largeur>287</largeur><hauteur>426</hauteur><page><nbMot>45</nbMot><blocTexte>9</blocTexte><blocTab>0</blocTab><blocPub>0</blocPub><blocIllustration>1</blocIllustration></page><page><nbMot>3453</nbMot><blocTexte>20</blocTexte><blocTab>0</blocTab><blocPub>0</blocPub><blocIllustration>0</blocIllustration></page><page><nbMot>2996</nbMot><blocTexte>11</blocTexte><blocTab>0</blocTab><blocPub>0</blocPub><blocIllustration>0</blocIllustration></page><page><nbMot>3485</nbMot><blocTexte>15</blocTexte><blocTab>0</blocTab><blocPub>0</blocPub><blocIllustration>0</blocIllustration></page><page><nbMot>2380</nbMot><blocTexte>15</blocTexte><blocTab>1</blocTab><blocPub>1</blocPub><blocIllustration>2</blocIllustration></page><page><nbMot>3293</nbMot><blocTexte>32</blocTexte><blocTab>0</blocTab><blocPub>5</blocPub><blocIllustration>0</blocIllustration></page><page><nbMot>4032</nbMot><blocTexte>15</blocTexte><blocTab>0</blocTab><blocPub>0</blocPub><blocIllustration>0</blocIllustration></page><page><nbMot>510</nbMot><blocTexte>10</blocTexte><blocTab>0</blocTab><blocPub>0</blocPub><blocIllustration>1</blocIllustration></page></contenus></analyseAlto>
