<?xml version="1.0" encoding="UTF-8"?>
<analyseAlto>
<metad><titre>Le Petit Journal illustré Supplément du dimanche</titre><dateEdition>09.09.1893</dateEdition><nbPage>8</nbPage><suppl>FALSE</suppl></metad><contenus><nbArticle>55</nbArticle><largeur>286</largeur><hauteur>421</hauteur><page><nbMot>41</nbMot><blocTexte>8</blocTexte><blocTab>0</blocTab><blocPub>0</blocPub><blocIllustration>1</blocIllustration></page><page><nbMot>3590</nbMot><blocTexte>12</blocTexte><blocTab>0</blocTab><blocPub>0</blocPub><blocIllustration>0</blocIllustration></page><page><nbMot>3403</nbMot><blocTexte>8</blocTexte><blocTab>0</blocTab><blocPub>0</blocPub><blocIllustration>0</blocIllustration></page><page><nbMot>3425</nbMot><blocTexte>16</blocTexte><blocTab>0</blocTab><blocPub>0</blocPub><blocIllustration>0</blocIllustration></page><page><nbMot>2599</nbMot><blocTexte>17</blocTexte><blocTab>0</blocTab><blocPub>0</blocPub><blocIllustration>2</blocIllustration></page><page><nbMot>3421</nbMot><blocTexte>24</blocTexte><blocTab>1</blocTab><blocPub>3</blocPub><blocIllustration>1</blocIllustration></page><page><nbMot>3635</nbMot><blocTexte>15</blocTexte><blocTab>0</blocTab><blocPub>0</blocPub><blocIllustration>0</blocIllustration></page><page><nbMot>20</nbMot><blocTexte>4</blocTexte><blocTab>0</blocTab><blocPub>0</blocPub><blocIllustration>1</blocIllustration></page></contenus></analyseAlto>
