<?xml version="1.0" encoding="UTF-8"?>
<analyseAlto>
<metad><titre>Le Petit Journal illustré Supplément du dimanche</titre><dateEdition>20.05.1893</dateEdition><nbPage>8</nbPage><suppl>FALSE</suppl></metad><contenus><nbArticle>56</nbArticle><largeur>287</largeur><hauteur>425</hauteur><page><nbMot>40</nbMot><blocTexte>9</blocTexte><blocTab>0</blocTab><blocPub>0</blocPub><blocIllustration>1</blocIllustration></page><page><nbMot>3758</nbMot><blocTexte>11</blocTexte><blocTab>0</blocTab><blocPub>0</blocPub><blocIllustration>0</blocIllustration></page><page><nbMot>3499</nbMot><blocTexte>16</blocTexte><blocTab>0</blocTab><blocPub>0</blocPub><blocIllustration>0</blocIllustration></page><page><nbMot>3508</nbMot><blocTexte>14</blocTexte><blocTab>0</blocTab><blocPub>0</blocPub><blocIllustration>0</blocIllustration></page><page><nbMot>2807</nbMot><blocTexte>19</blocTexte><blocTab>1</blocTab><blocPub>1</blocPub><blocIllustration>2</blocIllustration></page><page><nbMot>3634</nbMot><blocTexte>26</blocTexte><blocTab>0</blocTab><blocPub>5</blocPub><blocIllustration>1</blocIllustration></page><page><nbMot>3845</nbMot><blocTexte>18</blocTexte><blocTab>0</blocTab><blocPub>0</blocPub><blocIllustration>0</blocIllustration></page><page><nbMot>7</nbMot><blocTexte>2</blocTexte><blocTab>0</blocTab><blocPub>0</blocPub><blocIllustration>1</blocIllustration></page></contenus></analyseAlto>
