<?xml version="1.0" encoding="UTF-8"?>
<analyseAlto>
<metad><titre>Le Petit Journal illustré Supplément du dimanche</titre><dateEdition>24.06.1893</dateEdition><nbPage>8</nbPage><suppl>FALSE</suppl></metad><contenus><nbArticle>57</nbArticle><largeur>287</largeur><hauteur>422</hauteur><page><nbMot>43</nbMot><blocTexte>12</blocTexte><blocTab>0</blocTab><blocPub>0</blocPub><blocIllustration>1</blocIllustration></page><page><nbMot>3555</nbMot><blocTexte>17</blocTexte><blocTab>0</blocTab><blocPub>0</blocPub><blocIllustration>0</blocIllustration></page><page><nbMot>3275</nbMot><blocTexte>15</blocTexte><blocTab>0</blocTab><blocPub>0</blocPub><blocIllustration>0</blocIllustration></page><page><nbMot>3609</nbMot><blocTexte>13</blocTexte><blocTab>0</blocTab><blocPub>0</blocPub><blocIllustration>0</blocIllustration></page><page><nbMot>3384</nbMot><blocTexte>25</blocTexte><blocTab>1</blocTab><blocPub>5</blocPub><blocIllustration>0</blocIllustration></page><page><nbMot>2601</nbMot><blocTexte>19</blocTexte><blocTab>0</blocTab><blocPub>0</blocPub><blocIllustration>2</blocIllustration></page><page><nbMot>3453</nbMot><blocTexte>24</blocTexte><blocTab>1</blocTab><blocPub>0</blocPub><blocIllustration>1</blocIllustration></page><page><nbMot>19</nbMot><blocTexte>4</blocTexte><blocTab>0</blocTab><blocPub>0</blocPub><blocIllustration>1</blocIllustration></page></contenus></analyseAlto>
